300.0 0.0
300.1 0.0
300.20000000000005 0.0
300.30000000000007 0.0
300.4000000000001 0.0
300.5000000000001 0.0
300.60000000000014 0.0
300.70000000000016 0.0
300.8000000000002 0.0
300.9000000000002 0.0
301.0000000000002 0.0
301.10000000000025 0.0
301.2000000000003 0.0
301.3000000000003 0.0
301.4000000000003 0.0
301.50000000000034 0.0
301.60000000000036 0.0
301.7000000000004 0.0
301.8000000000004 0.0
301.90000000000043 0.0
302.00000000000045 0.0
302.1000000000005 0.0
302.2000000000005 0.0
302.3000000000005 0.0
302.40000000000055 0.0
302.50000000000057 0.0
302.6000000000006 0.0
302.7000000000006 0.0
302.80000000000064 0.0
302.90000000000066 0.0
303.0000000000007 0.0
303.1000000000007 0.0
303.2000000000007 0.0
303.30000000000075 0.0
303.4000000000008 0.0
303.5000000000008 0.0
303.6000000000008 0.0
303.70000000000084 0.0
303.80000000000086 0.0
303.9000000000009 0.0
304.0000000000009 0.0
304.10000000000093 0.0
304.20000000000095 0.0
304.300000000001 0.0
304.400000000001 0.0
304.500000000001 0.0
304.60000000000105 0.0
304.70000000000107 0.0
304.8000000000011 0.0
304.9000000000011 0.0
305.00000000000114 0.0
305.10000000000116 0.0
305.2000000000012 0.0
305.3000000000012 0.0
305.4000000000012 0.0
305.50000000000125 0.0
305.6000000000013 0.0
305.7000000000013 0.0
305.8000000000013 0.0
305.90000000000134 0.0
306.00000000000136 0.0
306.1000000000014 0.0
306.2000000000014 0.0
306.30000000000143 0.0
306.40000000000146 0.0
306.5000000000015 0.0
306.6000000000015 0.0
306.7000000000015 0.0
306.80000000000155 0.0
306.90000000000157 0.0
307.0000000000016 0.0
307.1000000000016 0.0
307.20000000000164 0.0
307.30000000000166 0.0
307.4000000000017 0.0
307.5000000000017 0.0
307.6000000000017 0.0
307.70000000000175 0.0
307.8000000000018 0.0
307.9000000000018 0.0
308.0000000000018 0.0
308.10000000000184 0.0
308.20000000000186 0.0
308.3000000000019 0.0
308.4000000000019 0.0
308.50000000000193 0.0
308.60000000000196 0.0
308.700000000002 0.0
308.800000000002 0.0
308.900000000002 0.0
309.00000000000205 0.0
309.10000000000207 0.0
309.2000000000021 0.0
309.3000000000021 0.0
309.40000000000214 0.0
309.50000000000216 0.0
309.6000000000022 0.0
309.7000000000022 0.0
309.8000000000022 0.0
309.90000000000225 0.0
310.0000000000023 0.0
310.1000000000023 0.0
310.2000000000023 0.0
310.30000000000234 0.0
310.40000000000236 0.0
310.5000000000024 0.0
310.6000000000024 0.0
310.70000000000243 0.0
310.80000000000246 0.0
310.9000000000025 0.0
311.0000000000025 0.0
311.1000000000025 0.0
311.20000000000255 0.0
311.30000000000257 0.0
311.4000000000026 0.0
311.5000000000026 0.0
311.60000000000264 0.0
311.70000000000266 0.0
311.8000000000027 0.0
311.9000000000027 0.0
312.00000000000273 0.0
312.10000000000275 0.0
312.2000000000028 0.0
312.3000000000028 0.0
312.4000000000028 0.0
312.50000000000284 0.0
312.60000000000286 0.0
312.7000000000029 0.0
312.8000000000029 0.0
312.90000000000293 0.0
313.00000000000296 0.0
313.100000000003 0.0
313.200000000003 0.0
313.300000000003 0.0
313.40000000000305 0.0
313.50000000000307 0.0
313.6000000000031 0.0
313.7000000000031 0.0
313.80000000000314 0.0
313.90000000000316 0.0
314.0000000000032 0.0
314.1000000000032 0.0
314.20000000000323 0.0
314.30000000000325 0.0
314.4000000000033 0.0
314.5000000000033 0.0
314.6000000000033 0.0
314.70000000000334 0.0
314.80000000000337 0.0
314.9000000000034 0.0
315.0000000000034 0.0
315.10000000000343 0.0
315.20000000000346 0.0
315.3000000000035 0.0
315.4000000000035 0.0
315.5000000000035 0.0
315.60000000000355 0.0
315.70000000000357 0.0
315.8000000000036 0.0
315.9000000000036 0.0
316.00000000000364 0.0
316.10000000000366 0.0
316.2000000000037 0.0
316.3000000000037 0.0
316.40000000000373 0.0
316.50000000000375 0.0
316.6000000000038 0.0
316.7000000000038 0.0
316.8000000000038 0.0
316.90000000000384 0.0
317.00000000000387 0.0
317.1000000000039 0.0
317.2000000000039 0.0
317.30000000000393 0.0
317.40000000000396 0.0
317.500000000004 0.0
317.600000000004 0.0
317.700000000004 0.0
317.80000000000405 0.0
317.90000000000407 0.0
318.0000000000041 0.0
318.1000000000041 0.0
318.20000000000414 0.0
318.30000000000416 0.0
318.4000000000042 0.0
318.5000000000042 0.0
318.60000000000423 0.0
318.70000000000425 0.0
318.8000000000043 0.0
318.9000000000043 0.0
319.0000000000043 0.0
319.10000000000434 0.0
319.20000000000437 0.0
319.3000000000044 0.0
319.4000000000044 0.0
319.50000000000443 0.0
319.60000000000446 0.0
319.7000000000045 0.0
319.8000000000045 0.0
319.9000000000045 0.0
320.00000000000455 2.608869266023373e-22
320.10000000000457 6.862571085041226e-12
320.2000000000046 1.626854545004664e-11
320.3000000000046 2.8687964396523257e-11
320.40000000000464 4.4634300768670185e-11
320.50000000000466 6.466582158962241e-11
320.6000000000047 8.95330049259959e-11
320.7000000000047 1.1983661519473885e-10
320.80000000000473 1.5630415958495064e-10
320.90000000000475 1.9971726550069323e-10
321.0000000000048 2.5091327577556116e-10
321.1000000000048 3.183320768183344e-10
321.2000000000048 3.971737395177138e-10
321.30000000000484 4.884235764642338e-10
321.40000000000487 5.930860373510596e-10
321.5000000000049 7.121847181240911e-10
321.6000000000049 8.411202203716658e-10
321.70000000000493 9.84627031075741e-10
321.80000000000496 1.1434568914988235e-09
321.900000000005 1.3183565778659266e-09
322.000000000005 1.5100677600778475e-09
322.100000000005 1.741790698738026e-09
322.20000000000505 1.9963220538734223e-09
322.30000000000507 2.274774326228702e-09
322.4000000000051 2.5782652359155363e-09
322.5000000000051 2.9079176786460683e-09
322.60000000000514 3.292382071261634e-09
322.70000000000516 3.7118313248415742e-09
322.8000000000052 4.168173709952787e-09
322.9000000000052 4.6633644813881795e-09
323.00000000000523 5.199406274653162e-09
323.10000000000525 5.9708311151900165e-09
323.2000000000053 6.8211456286571045e-09
323.3000000000053 7.75520703256862e-09
323.4000000000053 8.778006281576449e-09
323.50000000000534 9.894668789753337e-09
323.60000000000537 1.10417566835276e-08
323.7000000000054 1.2278641310758627e-08
323.8000000000054 1.3609307211476378e-08
323.90000000000543 1.5037801651615337e-08
324.00000000000546 1.6568234787969987e-08
324.1000000000055 1.851528927503892e-08
324.2000000000055 2.0607310945604746e-08
324.3000000000055 2.2849211707462818e-08
324.40000000000555 2.5245869669339028e-08
324.50000000000557 2.7802128838206408e-08
324.6000000000056 3.050822952062498e-08
324.7000000000056 3.3380677269803465e-08
324.80000000000564 3.64239396781661e-08
324.90000000000566 3.9642437399147384e-08
325.0000000000057 4.304054404806238e-08
325.1000000000057 4.723823481464026e-08
325.20000000000573 5.171314597926598e-08
325.30000000000575 5.647563743726436e-08
325.4000000000058 6.15362061908306e-08
325.5000000000058 6.690548768160693e-08
325.6000000000058 7.290360781187837e-08
325.70000000000584 7.92812240310507e-08
325.80000000000587 8.605325108999668e-08
325.9000000000059 9.323488852946361e-08
326.0000000000059 1.0084162390549472e-07
326.10000000000593 1.0774586375278682e-07
326.20000000000596 1.1498683350247573e-07
326.300000000006 1.2257491299906895e-07
326.400000000006 1.3052065366013176e-07
326.500000000006 1.3883478192066855e-07
326.60000000000605 1.4681109724046835e-07
326.70000000000607 1.5509788743375283e-07
326.8000000000061 1.6370185365572512e-07
326.9000000000061 1.726297404331781e-07
327.00000000000614 1.8188833578184155e-07
327.10000000000616 1.938645298374479e-07
327.2000000000062 2.063446021867002e-07
327.3000000000062 2.1933797368633066e-07
327.40000000000623 2.3285399983346025e-07
327.50000000000625 2.4690197023417943e-07
327.6000000000063 2.617256292430431e-07
327.7000000000063 2.77127882946725e-07
327.8000000000063 2.931195230243034e-07
327.90000000000634 3.09711321084252e-07
328.00000000000637 3.2691402836177847e-07
328.1000000000064 3.443056057978998e-07
328.2000000000064 3.6235995772587894e-07
328.30000000000643 3.810931070857026e-07
328.40000000000646 4.005212705074333e-07
328.5000000000065 4.206608590523559e-07
328.6000000000065 4.4249615658281534e-07
328.7000000000065 4.651617521923471e-07
328.80000000000655 4.886786443392147e-07
328.90000000000657 5.13068132818508e-07
329.0000000000066 5.383518194962324e-07
329.1000000000066 5.645058192529429e-07
329.20000000000664 5.9156473092298e-07
329.30000000000666 6.195483807912428e-07
329.4000000000067 6.484768179735613e-07
329.5000000000067 6.783703131738169e-07
329.60000000000673 7.068782183592938e-07
329.70000000000675 7.361956573270905e-07
329.8000000000068 7.663352963921719e-07
329.9000000000068 7.973098458200418e-07
330.0000000000068 8.291320557816061e-07
330.10000000000684 8.609489073360979e-07
330.20000000000687 8.93553959238348e-07
330.3000000000069 9.269560073011085e-07
330.4000000000069 9.611637770452618e-07
330.50000000000693 9.9618591721217e-07
330.60000000000696 1.0333423837495973e-06
330.700000000007 1.0714281062989098e-06
330.800000000007 1.1104551588925565e-06
330.900000000007 1.1504355750694133e-06
331.00000000000705 1.191381339018585e-06
331.10000000000707 1.2244006409490044e-06
331.2000000000071 1.258092216354064e-06
331.3000000000071 1.292464670749971e-06
331.40000000000714 1.3275265805147979e-06
331.50000000000716 1.363286484432577e-06
331.6000000000072 1.4026738950893548e-06
331.7000000000072 1.4429190714202516e-06
331.80000000000723 1.4840348669762222e-06
331.90000000000725 1.5260342437644325e-06
332.0000000000073 1.5689302722807557e-06
332.1000000000073 1.6181922826434363e-06
332.2000000000073 1.6685818857949504e-06
332.30000000000734 1.720115915220796e-06
332.40000000000737 1.7728113329832594e-06
332.5000000000074 1.8266852295672382e-06
332.6000000000074 1.877971641402541e-06
332.70000000000744 1.9302668829804456e-06
332.80000000000746 1.9835828504630803e-06
332.9000000000075 2.037931502648968e-06
333.0000000000075 2.093324861445553e-06
333.1000000000075 2.1365808382738607e-06
333.20000000000755 2.180417839808241e-06
333.30000000000757 2.2248393634141458e-06
333.4000000000076 2.2698488990171777e-06
333.5000000000076 2.3154499292609065e-06
333.60000000000764 2.364499178815764e-06
333.70000000000766 2.4142584525916262e-06
333.8000000000077 2.464737705691354e-06
333.9000000000077 2.5159469281146056e-06
334.00000000000773 2.56789612307389e-06
334.10000000000775 2.6195022369161514e-06
334.2000000000078 2.671901809868677e-06
334.3000000000078 2.7251067936740967e-06
334.4000000000078 2.779129084388929e-06
334.50000000000784 2.8339804956003956e-06
334.60000000000787 2.890820553066841e-06
334.7000000000079 2.9485512669110734e-06
334.8000000000079 3.007184805586025e-06
334.90000000000794 3.0667331427434433e-06
335.00000000000796 3.1272080217455936e-06
335.100000000008 3.179693425840954e-06
335.200000000008 3.2328748614881067e-06
335.300000000008 3.2867591268322075e-06
335.40000000000805 3.341352597493915e-06
335.5000000000081 3.39666118863705e-06
335.6000000000081 3.44867584465491e-06
335.7000000000081 3.5012999049159026e-06
335.80000000000814 3.554535708736146e-06
335.90000000000816 3.608384967199923e-06
336.0000000000082 3.6628487219606776e-06
336.1000000000082 3.716155037389912e-06
336.20000000000823 3.770000472360646e-06
336.30000000000825 3.824382291821672e-06
336.4000000000083 3.879296911213236e-06
336.5000000000083 3.9347398513209234e-06
336.6000000000083 3.9907053617835004e-06
336.70000000000834 4.047217441667936e-06
336.80000000000837 4.104279063484093e-06
336.9000000000084 4.1618931959356266e-06
337.0000000000084 4.220062803289128e-06
337.10000000000844 4.2708953598451736e-06
337.20000000000846 4.322175348780332e-06
337.3000000000085 4.373905329854475e-06
337.4000000000085 4.426087861020346e-06
337.5000000000085 4.478725497875668e-06
337.60000000000855 4.5406001768508836e-06
337.7000000000086 4.603136335279485e-06
337.8000000000086 4.666339091808079e-06
337.9000000000086 4.730213596366683e-06
338.00000000000864 4.794765030587987e-06
338.10000000000866 4.856167436952302e-06
338.2000000000087 4.918179208258169e-06
338.3000000000087 4.9808047544757665e-06
338.40000000000873 5.044048513255453e-06
338.50000000000875 5.107914950353962e-06
338.6000000000088 5.166551195431679e-06
338.7000000000088 5.225702473868994e-06
338.8000000000088 5.285369566753142e-06
338.90000000000884 5.3455533308761345e-06
339.00000000000887 5.406254706177254e-06
339.1000000000089 5.469790612668221e-06
339.2000000000089 5.533876127282153e-06
339.30000000000894 5.598512610697885e-06
339.40000000000896 5.6637015358438115e-06
339.500000000009 5.729444496740806e-06
339.600000000009 5.791396953970292e-06
339.700000000009 5.853814020797747e-06
339.80000000000905 5.916696884188974e-06
339.9000000000091 5.980046908129608e-06
340.0000000000091 6.043865644074657e-06
340.1000000000091 6.087877061804044e-06
340.20000000000914 6.132120523654098e-06
340.30000000000916 6.176597077290599e-06
340.4000000000092 6.221307995421351e-06
340.5000000000092 6.266254783579946e-06
340.60000000000923 6.3161542349053355e-06
340.70000000000925 6.366353543160706e-06
340.8000000000093 6.41685533368861e-06
340.9000000000093 6.4676624896662606e-06
341.0000000000093 6.518778161136373e-06
341.10000000000935 6.5781825200921615e-06
341.20000000000937 6.6380010261954824e-06
341.3000000000094 6.698238334444041e-06
341.4000000000094 6.75889942027753e-06
341.50000000000944 6.819989591165666e-06
341.60000000000946 6.881514782339727e-06
341.7000000000095 6.943467845022935e-06
341.8000000000095 7.0058508369104665e-06
341.9000000000095 7.068665819794019e-06
342.00000000000955 7.131914859541107e-06
342.1000000000096 7.189212575026496e-06
342.2000000000096 7.246866870464701e-06
342.3000000000096 7.304879262654031e-06
342.40000000000964 7.363251270429033e-06
342.50000000000966 7.4219844145994095e-06
342.6000000000097 7.475625547687881e-06
342.7000000000097 7.529556169433841e-06
342.80000000000973 7.583777252714121e-06
342.90000000000975 7.638289770156885e-06
343.0000000000098 7.69309469423005e-06
343.1000000000098 7.732485648398493e-06
343.2000000000098 7.772029552244526e-06
343.30000000000985 7.81172672957991e-06
343.40000000000987 7.851577503115324e-06
343.5000000000099 7.89158219447525e-06
343.6000000000099 7.931762375360303e-06
343.70000000000994 7.972111512602596e-06
343.80000000000996 8.01262313654927e-06
343.90000000001 8.053291176645909e-06
344.00000000001 8.094109973744466e-06
344.10000000001 8.130034078404173e-06
344.20000000001005 8.166065550688739e-06
344.3000000000101 8.202199969618953e-06
344.4000000000101 8.238433386212764e-06
344.5000000000101 8.274762334984361e-06
344.60000000001014 8.3171915491089e-06
344.70000000001016 8.359754675478758e-06
344.8000000000102 8.402449604661342e-06
344.9000000000102 8.445274748101414e-06
345.00000000001023 8.488229052084405e-06
345.10000000001025 8.53903253535376e-06
345.2000000000103 8.590032439764371e-06
345.3000000000103 8.641229611072122e-06
345.4000000000103 8.692625490809122e-06
345.50000000001035 8.744222133575776e-06
345.60000000001037 8.792884150439356e-06
345.7000000000104 8.841722591250905e-06
345.8000000000104 8.890741328461433e-06
345.90000000001044 8.939944913154781e-06
346.00000000001046 8.98933859228902e-06
346.1000000000105 9.030617906549303e-06
346.2000000000105 9.072035699801238e-06
346.3000000000105 9.113599150644943e-06
346.40000000001055 9.155316176542167e-06
346.5000000000106 9.197195448795986e-06
346.6000000000106 9.239246027374077e-06
346.7000000000106 9.281443942136885e-06
346.80000000001064 9.32378973311264e-06
346.90000000001066 9.366283944161686e-06
347.0000000000107 9.408927122954091e-06
347.1000000000107 9.4674971438245e-06
347.20000000001073 9.526346311285065e-06
347.30000000001075 9.58547574725234e-06
347.4000000000108 9.644886580140536e-06
347.5000000000108 9.70457994497283e-06
347.6000000000108 9.764557385459772e-06
347.70000000001085 9.82481935398841e-06
347.80000000001087 9.885366699444355e-06
347.9000000000109 9.946200270146657e-06
348.0000000000109 1.00073209137997e-05
348.10000000001094 1.0045919719737389e-05
348.20000000001096 1.0084632926964535e-05
348.300000000011 1.0123460666331087e-05
348.400000000011 1.0162403067435823e-05
348.500000000011 1.0201460258443225e-05
348.60000000001105 1.0244252248883742e-05
348.7000000000111 1.0287209014539156e-05
348.8000000000111 1.0330317095016903e-05
348.9000000000111 1.037356383894039e-05
349.00000000001114 1.0416937423475558e-05
349.10000000001116 1.0462750915636139e-05
349.2000000000112 1.0508685557625524e-05
349.3000000000112 1.0554732158300822e-05
349.40000000001123 1.0600882429428517e-05
349.50000000001125 1.0647129007599035e-05
349.6000000000113 1.0693465476373465e-05
349.7000000000113 1.0739886999954756e-05
349.8000000000113 1.0786389312388918e-05
349.90000000001135 1.0832969176951633e-05
350.00000000001137 1.0879624409417736e-05
350.1000000000114 1.0917899566196507e-05
350.2000000000114 1.0956196251829091e-05
350.30000000001144 1.0994515590973334e-05
350.40000000001146 1.103285984830713e-05
350.5000000000115 1.107123244806707e-05
350.6000000000115 1.1113467583078412e-05
350.7000000000115 1.1155764688053837e-05
350.80000000001155 1.1198130612268451e-05
350.9000000000116 1.12405734409056e-05
351.0000000000116 1.1283102516881774e-05
351.1000000000116 1.1313759770829463e-05
351.20000000001164 1.1344463573653673e-05
351.30000000001166 1.1375227012957347e-05
351.4000000000117 1.1406064463577656e-05
351.5000000000117 1.143699160390317e-05
351.60000000001173 1.1471958697738875e-05
351.70000000001176 1.1507005006493728e-05
351.8000000000118 1.1542130485685188e-05
351.9000000000118 1.157733510076365e-05
352.0000000000118 1.1612618827131356e-05
352.10000000001185 1.1643602921582543e-05
352.20000000001187 1.167464236933035e-05
352.3000000000119 1.1705737118179907e-05
352.4000000000119 1.173688712681782e-05
352.50000000001194 1.1768092364793353e-05
352.60000000001196 1.1795342547778418e-05
352.700000000012 1.1822634208794398e-05
352.800000000012 1.1849967655087328e-05
352.900000000012 1.1877343184448582e-05
353.00000000001205 1.1904761085022194e-05
353.1000000000121 1.1946981689064835e-05
353.2000000000121 1.1989315804305873e-05
353.3000000000121 1.2031763858295185e-05
353.40000000001214 1.2074326269649397e-05
353.50000000001216 1.2117003447943504e-05
353.6000000000122 1.215567451599046e-05
353.7000000000122 1.2194427300177516e-05
353.80000000001223 1.2233267370513295e-05
353.90000000001226 1.2272199956669158e-05
354.0000000000123 1.231122994172527e-05
354.1000000000123 1.2342034109406575e-05
354.2000000000123 1.2372906984692496e-05
354.30000000001235 1.2403852257384663e-05
354.40000000001237 1.243487323708201e-05
354.5000000000124 1.2465972848018584e-05
354.6000000000124 1.249715362420958e-05
354.70000000001244 1.2528416991759039e-05
354.80000000001246 1.2559764473236699e-05
354.9000000000125 1.2591197170639618e-05
355.0000000000125 1.2622715760002336e-05
355.1000000000125 1.2653958581369233e-05
355.20000000001255 1.268528605536798e-05
355.3000000000126 1.2716697542925588e-05
355.4000000000126 1.2748191957351961e-05
355.5000000000126 1.2779767758726863e-05
355.60000000001264 1.2811422948409573e-05
355.70000000001266 1.2843156524536649e-05
355.8000000000127 1.2874965995916796e-05
355.9000000000127 1.2906848426352168e-05
356.00000000001273 1.2938800429197509e-05
356.10000000001276 1.2976216570053914e-05
356.2000000000128 1.3013717763984459e-05
356.3000000000128 1.3051299292008593e-05
356.4000000000128 1.3088955954371249e-05
356.50000000001285 1.3126682064245738e-05
356.60000000001287 1.3168843567289379e-05
356.7000000000129 1.3211107933975908e-05
356.8000000000129 1.3253475331954902e-05
356.90000000001294 1.329594592894552e-05
357.00000000001296 1.3338519892852986e-05
357.100000000013 1.336904290722115e-05
357.200000000013 1.3399614928638698e-05
357.30000000001303 1.3430236001678422e-05
357.40000000001305 1.346090617103364e-05
357.5000000000131 1.3491625481327373e-05
357.6000000000131 1.3522393977183788e-05
357.7000000000131 1.3553211703252167e-05
357.80000000001314 1.3584078704182964e-05
357.90000000001316 1.3614995024603714e-05
358.0000000000132 1.3645960709190998e-05
358.1000000000132 1.367541455210703e-05
358.20000000001323 1.3704912313429546e-05
358.30000000001326 1.3734454029672387e-05
358.4000000000133 1.3764039737350326e-05
358.5000000000133 1.3793669473051377e-05
358.6000000000133 1.3818795793840727e-05
358.70000000001335 1.3843940895028042e-05
358.80000000001337 1.3869110807904812e-05
358.9000000000134 1.389431115702272e-05
359.0000000000134 1.3919547156029188e-05
359.10000000001344 1.3954535723649702e-05
359.20000000001346 1.3989603126696512e-05
359.3000000000135 1.4024753415697324e-05
359.4000000000135 1.4059990224344444e-05
359.50000000001353 1.4095316763761654e-05
359.60000000001355 1.4130734653834673e-05
359.7000000000136 1.4166246651973703e-05
359.8000000000136 1.4201855051694914e-05
359.9000000000136 1.4237561676727436e-05
360.00000000001364 1.4273367874977509e-05
360.10000000001367 1.4297940021785393e-05
360.2000000000137 1.4322574272051483e-05
360.3000000000137 1.4347270367387045e-05
360.40000000001373 1.4372027551321832e-05
360.50000000001376 1.4396844565185229e-05
360.6000000000138 1.4426401094031185e-05
360.7000000000138 1.4456026936907698e-05
360.8000000000138 1.4485719145226397e-05
360.90000000001385 1.4515474259582822e-05
361.00000000001387 1.4545288304574855e-05
361.1000000000139 1.4582313635269094e-05
361.2000000000139 1.4619416631207756e-05
361.30000000001394 1.465659179532619e-05
361.40000000001396 1.469383308219811e-05
361.500000000014 1.473113389140597e-05
361.600000000014 1.4768487061440504e-05
361.70000000001403 1.4805911810596997e-05
361.80000000001405 1.4843407984172423e-05
361.9000000000141 1.4880975410022736e-05
362.0000000000141 1.4918613898257428e-05
362.1000000000141 1.494847142701184e-05
362.20000000001414 1.4978371488255006e-05
362.30000000001417 1.5008313790481113e-05
362.4000000000142 1.5038298024346415e-05
362.5000000000142 1.50683238625093e-05
362.60000000001423 1.5103236399138269e-05
362.70000000001426 1.5138207761690693e-05
362.8000000000143 1.5173238110822619e-05
362.9000000000143 1.5208327623428416e-05
363.0000000000143 1.524347649300503e-05
363.10000000001435 1.5280914193288568e-05
363.20000000001437 1.5318420858925385e-05
363.3000000000144 1.5355996753140815e-05
363.4000000000144 1.5393642156550133e-05
363.50000000001444 1.5431357367435423e-05
363.60000000001446 1.546421087569476e-05
363.7000000000145 1.549711571211672e-05
363.8000000000145 1.5530072139873938e-05
363.90000000001453 1.5563080408287576e-05
364.00000000001455 1.559614075248105e-05
364.1000000000146 1.562532461925476e-05
364.2000000000146 1.5654546784240782e-05
364.3000000000146 1.5683807414470612e-05
364.40000000001464 1.5713106662046424e-05
364.50000000001467 1.574244466410372e-05
364.6000000000147 1.5771822840358108e-05
364.7000000000147 1.580124083979737e-05
364.80000000001473 1.5830698324904415e-05
364.90000000001476 1.5860194971419283e-05
365.0000000000148 1.5889730468614805e-05
365.1000000000148 1.592734501243466e-05
365.2000000000148 1.5965027526811746e-05
365.30000000001485 1.6002777796867752e-05
365.40000000001487 1.604059562118373e-05
365.5000000000149 1.607848081206083e-05
365.6000000000149 1.612152234077044e-05
365.70000000001494 1.616465083564594e-05
365.80000000001496 1.6207866631392567e-05
365.900000000015 1.6251170048566022e-05
366.000000000015 1.6294561393583144e-05
366.10000000001503 1.6326694719804795e-05
366.20000000001505 1.635887263274054e-05
366.3000000000151 1.639109530870656e-05
366.4000000000151 1.642336290854171e-05
366.5000000000151 1.6455675577364668e-05
366.60000000001514 1.6482861272653964e-05
366.70000000001517 1.651008026274694e-05
366.8000000000152 1.653733246100636e-05
366.9000000000152 1.656461781353164e-05
367.00000000001523 1.659193629962904e-05
367.10000000001526 1.6636040158924852e-05
367.2000000000153 1.6680236878200106e-05
367.3000000000153 1.6724526654585063e-05
367.4000000000153 1.6768909719912627e-05
367.50000000001535 1.6813386341085408e-05
367.60000000001537 1.6857956820643307e-05
367.7000000000154 1.690261957583202e-05
367.8000000000154 1.694737439996128e-05
367.90000000001544 1.6992221082808947e-05
368.00000000001546 1.7037159410628228e-05
368.1000000000155 1.7065671973804197e-05
368.2000000000155 1.709421765308752e-05
368.30000000001553 1.7122796121105116e-05
368.40000000001555 1.715140704816991e-05
368.5000000000156 1.7180050102303513e-05
368.6000000000156 1.721412123507476e-05
368.7000000000156 1.7248269670665906e-05
368.80000000001564 1.7282480720758656e-05
368.90000000001567 1.7316740737924766e-05
369.0000000000157 1.735103712662236e-05
369.1000000000157 1.7376466048772705e-05
369.20000000001573 1.7401885563669112e-05
369.30000000001576 1.7427286336021938e-05
369.4000000000158 1.745266014393552e-05
369.5000000000158 1.7477999887429803e-05
369.6000000000158 1.7508716897786295e-05
369.70000000001585 1.7539399325631785e-05
369.80000000001587 1.757004283331306e-05
369.9000000000159 1.7600644196184248e-05
370.0000000000159 1.763120131248701e-05
370.10000000001594 1.7663064658026495e-05
370.20000000001596 1.7694887619758544e-05
370.300000000016 1.77266715137918e-05
370.400000000016 1.7758418819493137e-05
370.50000000001603 1.7790133189798838e-05
370.60000000001605 1.7816340662629043e-05
370.7000000000161 1.7842514290732315e-05
370.8000000000161 1.7868660862308893e-05
370.9000000000161 1.7894788403323687e-05
371.00000000001614 1.7920906186318642e-05
371.10000000001617 1.7968264807819225e-05
371.2000000000162 1.801570747751678e-05
371.3000000000162 1.806324738655347e-05
371.40000000001623 1.8110899076120635e-05
371.50000000001626 1.8158678454284687e-05
371.6000000000163 1.8201028434745292e-05
371.7000000000163 1.824345215506399e-05
371.8000000000163 1.8285950063085764e-05
371.90000000001635 1.8328522609996282e-05
372.00000000001637 1.8371170250607226e-05
372.1000000000164 1.841243865467914e-05
372.2000000000164 1.8453777812661428e-05
372.30000000001644 1.8495188180613224e-05
372.40000000001646 1.8536670218007954e-05
372.5000000000165 1.8578224387716203e-05
372.6000000000165 1.8614179362843264e-05
372.70000000001653 1.8650189913229002e-05
372.80000000001655 1.8686255973368434e-05
372.9000000000166 1.8722377514788688e-05
373.0000000000166 1.8758554546230793e-05
373.1000000000166 1.8797205503470957e-05
373.20000000001664 1.883591874120341e-05
373.30000000001667 1.887469439261338e-05
373.4000000000167 1.8913532629726904e-05
373.5000000000167 1.895243366390032e-05
373.60000000001673 1.898558442668899e-05
373.70000000001676 1.901874529858066e-05
373.8000000000168 1.9051933477463165e-05
373.9000000000168 1.9085164967448974e-05
374.0000000000168 1.9118454567805972e-05
374.10000000001685 1.914829749144096e-05
374.20000000001687 1.9178211979357843e-05
374.3000000000169 1.920820910014685e-05
374.4000000000169 1.9238298665572794e-05
374.50000000001694 1.926848922070223e-05
374.60000000001696 1.9292962692399696e-05
374.700000000017 1.9317542304005702e-05
374.800000000017 1.9342232782249245e-05
374.90000000001703 1.9367037621455806e-05
375.00000000001705 1.9391959075906486e-05
375.1000000000171 1.9431095793892222e-05
375.2000000000171 1.9470388482111627e-05
375.3000000000171 1.9509835885136792e-05
375.40000000001714 1.9549435466959047e-05
375.50000000001717 1.958918339803428e-05
375.6000000000172 1.962317299532624e-05
375.7000000000172 1.9657279110714743e-05
375.80000000001723 1.9691493732823253e-05
375.90000000001726 1.9725807434185825e-05
376.0000000000173 1.976020935912083e-05
376.1000000000173 1.980667929769783e-05
376.2000000000173 1.9853251520364646e-05
376.30000000001735 1.9899910888720212e-05
376.40000000001737 1.9946640746867658e-05
376.5000000000174 1.9993422904749018e-05
376.6000000000174 2.0034242789255217e-05
376.70000000001744 2.007513175979748e-05
376.80000000001746 2.0116089769636127e-05
376.9000000000175 2.0157116811798827e-05
377.0000000000175 2.0198212919490126e-05
377.10000000001753 2.0241545018463488e-05
377.20000000001755 2.028495267762355e-05
377.3000000000176 2.0328436063875424e-05
377.4000000000176 2.0371995386079488e-05
377.5000000000176 2.041563089545982e-05
377.60000000001764 2.0453248354359077e-05
377.70000000001767 2.049092148758719e-05
377.8000000000177 2.0528649941794764e-05
377.9000000000177 2.056643336050447e-05
378.00000000001774 2.0604271384362656e-05
378.10000000001776 2.0643732739863592e-05
378.2000000000178 2.0683251205670413e-05
378.3000000000178 2.0722826416028003e-05
378.4000000000178 2.076245800196915e-05
378.50000000001785 2.080214559140077e-05
378.60000000001787 2.0835706226592793e-05
378.7000000000179 2.086930711067144e-05
378.8000000000179 2.090294911856089e-05
378.90000000001794 2.0936633130568745e-05
379.00000000001796 2.0970360032469326e-05
379.100000000018 2.10037564745713e-05
379.200000000018 2.1037196795987033e-05
379.30000000001803 2.1070681897857112e-05
379.40000000001805 2.1104212686763654e-05
379.5000000000181 2.1137790074883258e-05
379.6000000000181 2.1177677730047705e-05
379.7000000000181 2.121762818799579e-05
379.80000000001814 2.1257641395142977e-05
379.90000000001817 2.1297717275357015e-05
380.0000000000182 2.1337855729819323e-05
380.1000000000182 2.1378113986145763e-05
380.20000000001824 2.1418437014727612e-05
380.30000000001826 2.145882465571892e-05
380.4000000000183 2.1499276725598096e-05
380.5000000000183 2.1539793017262512e-05
380.6000000000183 2.1586727056667722e-05
380.70000000001835 2.163374444379126e-05
380.8000000000184 2.1680845229763925e-05
380.9000000000184 2.172802942126209e-05
381.0000000000184 2.1775296980061474e-05
381.10000000001844 2.181099088842809e-05
381.20000000001846 2.184673258773423e-05
381.3000000000185 2.1882521839990986e-05
381.4000000000185 2.1918358361015283e-05
381.50000000001853 2.195424182009871e-05
381.60000000001855 2.1996620488375044e-05
381.7000000000186 2.2039066276946713e-05
381.8000000000186 2.2081578893320542e-05
381.9000000000186 2.212415808685472e-05
382.00000000001864 2.2166803649452606e-05
382.10000000001867 2.2203320515093437e-05
382.2000000000187 2.2239887009770404e-05
382.3000000000187 2.2276503029464364e-05
382.40000000001874 2.231316851442639e-05
382.50000000001876 2.2349883449440193e-05
382.6000000000188 2.239318036280376e-05
382.7000000000188 2.243654203494862e-05
382.8000000000188 2.2479968839362763e-05
382.90000000001885 2.2523461129156653e-05
383.0000000000189 2.2567019236887852e-05
383.1000000000189 2.2609053671156827e-05
383.2000000000189 2.2651151218276755e-05
383.30000000001894 2.2693312144198907e-05
383.40000000001896 2.273553669338593e-05
383.500000000019 2.2777825088533495e-05
383.600000000019 2.2820209425568936e-05
383.70000000001903 2.2862679946208562e-05
383.80000000001905 2.2905226665847413e-05
383.9000000000191 2.294784031512389e-05
384.0000000000191 2.299051234673622e-05
384.1000000000191 2.30323040434305e-05
384.20000000001914 2.307413678965306e-05
384.30000000001917 2.311600424694316e-05
384.4000000000192 2.315790082843036e-05
384.5000000000192 2.3199821705827495e-05
384.60000000001924 2.324849760714321e-05
384.70000000001926 2.329720821315857e-05
384.8000000000193 2.334595021221088e-05
384.9000000000193 2.339472102398001e-05
385.0000000000193 2.3443518844035724e-05
385.10000000001935 0.00021515334109906007
385.2000000000194 0.0004074820414086157
385.3000000000194 0.0006004294715849947
385.4000000000194 0.0007939955238486068
385.50000000001944 0.0009881801624380749
385.60000000001946 0.0011833247663887334
385.7000000000195 0.001379200921617336
385.8000000000195 0.0015758095590521987
385.90000000001953 0.0017731518417154959
386.00000000001955 0.001971229200407725
386.1000000000196 0.002002101688873462
386.2000000000196 0.002033060767206477
386.3000000000196 0.0020641073757699272
386.40000000001965 0.0020952425763460223
386.50000000001967 0.0021264675578714968
386.6000000000197 0.002157783642194432
386.7000000000197 0.002189188062654026
386.80000000001974 0.0022206809808156367
386.90000000001976 0.0022522625584523517
387.0000000000198 0.0022839329575457734
387.1000000000198 0.0022854736776834893
387.2000000000198 0.002287007293269852
387.30000000001985 0.0022885337711487166
387.4000000000199 0.002290053078075194
387.5000000000199 0.0022915651807329344
387.6000000000199 0.002292414320808272
387.70000000001994 0.0022932560833472198
387.80000000001996 0.0022940904412328497
387.90000000002 0.002294917367300145
388.00000000002 0.0022957368343690453
388.10000000002003 0.0024974550598092686
388.20000000002005 0.0026998019408071765
388.3000000000201 0.0029027787049488133
388.4000000000201 0.0031063865815276217
388.5000000000201 0.003310626801570072
388.60000000002015 0.003516498537962434
388.70000000002017 0.003723117905372894
388.8000000000202 0.0039304878113171834
388.9000000000202 0.004138611399207174
389.00000000002024 0.004347492016806329
389.10000000002026 0.004495188594474853
389.2000000000203 0.004643330446942693
389.3000000000203 0.00479192023643841
389.4000000000203 0.004940960633325724
389.50000000002035 0.0050904542924323105
389.6000000000204 0.005240403829196289
389.7000000000204 0.005390811795446201
389.8000000000204 0.00554168065510561
389.90000000002044 0.0056930127596466675
390.00000000002046 0.005844810323346329
390.1000000000205 0.006293135788326011
390.2000000000205 0.006743250946778695
390.30000000002053 0.007195163027930714
390.40000000002055 0.007648878947686403
390.5000000000206 0.008104405231778805
390.6000000000206 0.008559327313733482
390.7000000000206 0.009015814576653316
390.80000000002065 0.009473870793033719
390.90000000002067 0.009933499026465538
391.0000000000207 0.010394701551395996
391.1000000000207 0.010943549431425347
391.20000000002074 0.01149389402997287
391.30000000002076 0.012045733939083664
391.4000000000208 0.012599066486672817
391.5000000000208 0.013153887638234631
391.6000000000208 0.01371019133431907
391.70000000002085 0.014267997393915563
391.8000000000209 0.014827308570458277
391.9000000000209 0.015388127635601075
392.0000000000209 0.01595045737650621
392.10000000002094 0.0167713493145706
392.20000000002096 0.01759518274012123
392.300000000021 0.018421964426883687
392.400000000021 0.01925170116858434
392.50000000002103 0.020084399774949264
392.60000000002105 0.020914195662617825
392.7000000000211 0.021746504324659764
392.8000000000211 0.022581330382348795
392.9000000000211 0.023418678409675514
393.00000000002115 0.024258552937154246
393.10000000002117 0.025427837198308493
393.2000000000212 0.026600965366072545
393.3000000000212 0.027777945039832348
393.40000000002124 0.02895878377239513
393.50000000002126 0.03014348907552401
393.6000000000213 0.03134079738960925
393.7000000000213 0.03254261641626341
393.8000000000213 0.03374896905730707
393.90000000002135 0.03495987925233616
394.0000000000214 0.036175371790507234
394.1000000000214 0.03768366464498318
394.2000000000214 0.03919616628409744
394.30000000002144 0.04071290044599885
394.40000000002146 0.04223389122856496
394.5000000000215 0.04375916283941539
394.6000000000215 0.04528874120447907
394.70000000002153 0.046822652152181315
394.80000000002156 0.04836091923005842
394.9000000000216 0.049903565196311346
395.0000000000216 0.051450611775435445
395.1000000000216 0.05319504116852186
395.20000000002165 0.05494397096453743
395.30000000002167 0.05669741898865127
395.4000000000217 0.058455400976574874
395.5000000000217 0.060217930288122945
395.60000000002174 0.06198509908843037
395.70000000002176 0.0637568849333774
395.8000000000218 0.06553326539900421
395.9000000000218 0.06731421323183344
396.0000000000218 0.06909969630136151
396.10000000002185 0.07128871249640273
396.2000000000219 0.07348610116083987
396.3000000000219 0.07569182687376436
396.4000000000219 0.07790584803540654
396.50000000002194 0.08012811678734115
396.60000000002196 0.08233589251114894
396.700000000022 0.08455083738382711
396.800000000022 0.08677290925387897
396.90000000002203 0.08900206688513242
397.00000000002206 0.09123827067390686
397.1000000000221 0.09367861386197973
397.2000000000221 0.09612588725634517
397.3000000000221 0.09858005703102232
397.40000000002215 0.10104109379930118
397.50000000002217 0.10350897343172505
397.6000000000222 0.10598367788389519
397.7000000000222 0.10846518987585448
397.80000000002224 0.11095350376444683
397.90000000002226 0.11344862222986986
398.0000000000223 0.11595055711505553
398.1000000000223 0.11869018088420132
398.2000000000223 0.12143669394883455
398.30000000002235 0.1241901379068208
398.4000000000224 0.12695056740071844
398.5000000000224 0.12971805107269954
398.6000000000224 0.13252916182980576
398.70000000002244 0.1353487759561706
398.80000000002246 0.13817692552704686
398.9000000000225 0.14101364992805115
399.0000000000225 0.14385899636380162
399.10000000002253 0.146676386241855
399.20000000002256 0.14950115077566226
399.3000000000226 0.15233335951065827
399.4000000000226 0.15517309181588756
399.5000000000226 0.1580204374051006
399.60000000002265 0.16087549685780653
399.70000000002267 0.1637380663294043
399.8000000000227 0.16660815859520486
399.9000000000227 0.1694857864465508
400.00000000002274 0.1723709626910628
400.10000000002276 0.17508337990198608
400.2000000000228 0.17780213405600856
400.3000000000228 0.18052723470766333
400.4000000000228 0.1832586914224623
400.50000000002285 0.18599651377640045
400.6000000000229 0.18874071135568862
400.7000000000229 0.19149129375702167
400.8000000000229 0.19424827058787084
400.90000000002294 0.19701165146622368
401.00000000002296 0.1997814460202736
401.100000000023 0.20243444769456043
401.200000000023 0.20509506701886587
401.30000000002303 0.20776331768436412
401.40000000002306 0.21043921339899718
401.5000000000231 0.213122767888369
401.6000000000231 0.21575522202113034
401.7000000000231 0.2183939572239936
401.80000000002315 0.22103898328454497
401.90000000002317 0.22369031000085157
402.0000000000232 0.22634794718299314
402.1000000000232 0.22865389862599023
402.20000000002324 0.2309651461246578
402.30000000002326 0.23328169768912038
402.4000000000233 0.23560356133837318
402.5000000000233 0.2379307451006336
402.60000000002333 0.24026325701266849
402.70000000002335 0.2426011051204879
402.8000000000234 0.24494429747865928
402.9000000000234 0.24729284215101485
403.0000000000234 0.24964674720982002
403.10000000002344 0.2514415155598961
403.20000000002346 0.25324033676537233
403.3000000000235 0.25504321701597116
403.4000000000235 0.25685016250917786
403.50000000002353 0.25866117944877576
403.60000000002356 0.2604762740455804
403.7000000000236 0.26229545251744457
403.8000000000236 0.2641187210900293
403.9000000000236 0.2659460859949126
404.00000000002365 0.26777755347178755
404.10000000002367 0.2692290609396662
404.2000000000237 0.27068356109693437
404.3000000000237 0.2721410581449924
404.40000000002374 0.27360155629035565
404.50000000002376 0.27506505974389966
404.6000000000238 0.27660629078897336
404.7000000000238 0.2781512891203225
404.80000000002383 0.2797000607949115
404.90000000002385 0.28125261187904393
405.0000000000239 0.2828089484442134
405.1000000000239 0.2837489267150091
405.2000000000239 0.2846904835526662
405.30000000002394 0.2856336208249675
405.40000000002397 0.2865783404005261
405.500000000024 0.2875246441508384
405.600000000024 0.28847253394823325
405.70000000002403 0.2894220116671068
405.80000000002406 0.2903730791826796
405.9000000000241 0.29132573837349285
406.0000000000241 0.29227999111764774
406.1000000000241 0.2931772490328739
406.20000000002415 0.2940761769699953
406.30000000002417 0.2949767772010325
406.4000000000242 0.295879052001599
406.5000000000242 0.29678300364836907
406.60000000002424 0.2976886344211938
406.70000000002426 0.2985959466018326
406.8000000000243 0.29950494247523424
406.9000000000243 0.30041562432783125
407.00000000002433 0.3013279944483082
407.10000000002435 0.3018931021041241
407.2000000000244 0.3024589363354613
407.3000000000244 0.30302549783838395
407.4000000000244 0.3035927873077282
407.50000000002444 0.30416080544056456
407.60000000002447 0.3047295529340372
407.7000000000245 0.30529903048492374
407.8000000000245 0.30586923879181155
407.90000000002453 0.306440178552486
408.00000000002456 0.3070118504665374
408.1000000000246 0.3075484789580644
408.2000000000246 0.30808587884885186
408.3000000000246 0.308624051044155
408.40000000002465 0.30916299644964057
408.50000000002467 0.30970271597270727
408.6000000000247 0.31024321051984216
408.7000000000247 0.31078448100059036
408.80000000002474 0.3113265283235841
408.90000000002476 0.3118693533996368
409.0000000000248 0.3124129571390414
409.1000000000248 0.3127761667645624
409.20000000002483 0.3131397357657819
409.30000000002485 0.3135036644385804
409.4000000000249 0.3138679530808183
409.5000000000249 0.31423260198832675
409.6000000000249 0.3145976114593642
409.70000000002494 0.31496298179060395
409.80000000002497 0.3153287132793625
409.900000000025 0.31569480622404983
410.000000000025 0.3160612609219223
410.10000000002503 0.31638608607345997
410.20000000002506 0.316711180238334
410.3000000000251 0.31703654358597677
410.4000000000251 0.3173621762867924
410.5000000000251 0.31768807850948017
410.60000000002515 0.31809869393293294
410.70000000002517 0.31850970770170767
410.8000000000252 0.3189211200988143
410.9000000000252 0.3193329314073959
411.00000000002524 0.3197451419102228
411.10000000002526 0.31994997045417073
411.2000000000253 0.32015485372303604
411.3000000000253 0.3203597916579048
411.40000000002533 0.32056478419931295
411.50000000002535 0.3207698312881512
411.6000000000254 0.32097493286521306
411.7000000000254 0.3211800888707416
411.8000000000254 0.3213852992448817
411.90000000002544 0.3215905639281332
412.00000000002547 0.3217958828609167
412.1000000000255 0.3220741361461432
412.2000000000255 0.32235256449327043
412.30000000002553 0.3226311679620633
412.40000000002556 0.3229099466122713
412.5000000000256 0.3231889005031724
412.6000000000256 0.32346802969493776
412.7000000000256 0.32374733424635754
412.80000000002565 0.3240268142166594
412.90000000002567 0.32430646966642035
413.0000000000257 0.32458630065392774
413.1000000000257 0.3248810456337463
413.20000000002574 0.3251760107363315
413.30000000002576 0.32547119609354286
413.4000000000258 0.3257666018382145
413.5000000000258 0.32606222810324215
413.60000000002583 0.3263580750215852
413.70000000002585 0.3266541427258074
413.8000000000259 0.3269504313485341
413.9000000000259 0.3272469410229106
414.0000000000259 0.3275436718817047
414.10000000002594 0.3279114566118233
414.20000000002597 0.3282795926800286
414.300000000026 0.32864808036555115
414.400000000026 0.329016919949642
414.50000000002603 0.32938611171189247
414.60000000002606 0.3297556559329957
414.7000000000261 0.3301255528933641
414.8000000000261 0.33049580287405256
414.9000000000261 0.3308664061562975
415.00000000002615 0.33123736302106477
415.10000000002617 0.3316474161818342
415.2000000000262 0.33205788256085056
415.3000000000262 0.33246876249069496
415.40000000002624 0.3328800563050849
415.50000000002626 0.3332917643370188
415.6000000000263 0.3337038869201682
415.7000000000263 0.3341164243874826
415.80000000002633 0.33452937707351577
415.90000000002635 0.33494274531209994
416.0000000000264 0.3353565294377466
416.1000000000264 0.3357891326927424
416.2000000000264 0.3362221934009407
416.30000000002644 0.3366557119518561
416.40000000002647 0.3370896887343245
416.5000000000265 0.33752412413884697
416.6000000000265 0.3379590185552469
416.70000000002653 0.33839437237360576
416.80000000002656 0.3388301859852054
416.9000000000266 0.33926645978017644
417.0000000000266 0.33970319415031225
417.1000000000266 0.340107560942951
417.20000000002665 0.3405123138002107
417.30000000002667 0.3409174530129104
417.4000000000267 0.3413229788715644
417.5000000000267 0.3417288916678026
417.60000000002674 0.3421351916924752
417.70000000002676 0.3425418792366012
417.8000000000268 0.3429489545913654
417.9000000000268 0.3433564180490721
418.00000000002683 0.343764269901247
418.10000000002685 0.34418544770229165
418.2000000000269 0.34460702448374686
418.3000000000269 0.3450290005366296
418.4000000000269 0.34545137614972926
418.50000000002694 0.34587415161438084
418.60000000002697 0.3462973272201668
418.700000000027 0.3467209032573045
418.800000000027 0.3471448800176073
418.90000000002703 0.34756925779065106
419.00000000002706 0.3479940368681008
419.1000000000271 0.34846830787893573
419.2000000000271 0.3489430953396752
419.3000000000271 0.34941839969847316
419.40000000002715 0.34989422140282334
419.50000000002717 0.3503705609019719
419.6000000000272 0.3508474186449894
419.7000000000272 0.3513247950797991
419.80000000002724 0.3518026906570495
419.90000000002726 0.35228110582624333
420.0000000000273 0.3527600410376705
420.1000000000273 0.3532256000104103
420.20000000002733 0.3536916272079609
420.30000000002735 0.3541581229890213
420.4000000000274 0.3546250877129825
420.5000000000274 0.3550925217389526
420.6000000000274 0.35556042542624533
420.70000000002744 0.3560287991358473
420.80000000002747 0.35649764322650507
420.9000000000275 0.35696695805912915
421.0000000000275 0.3574367439938177
421.10000000002753 0.35776818217015305
421.20000000002756 0.3580998737050191
421.3000000000276 0.358431818755213
421.4000000000276 0.35876401747563824
421.5000000000276 0.359096470023733
421.60000000002765 0.3594291765555344
421.70000000002767 0.35976213722665984
421.8000000000277 0.36009535219477345
421.9000000000277 0.3604288216156421
422.00000000002774 0.36076254564608384
422.10000000002776 0.3610632549140576
422.2000000000278 0.36136416608817207
422.3000000000278 0.36166527927521913
422.40000000002783 0.36196659458153757
422.50000000002785 0.36226811211549104
422.6000000000279 0.3625698319835048
422.7000000000279 0.3628717542935349
422.8000000000279 0.3631738791520921
422.90000000002794 0.36347620666672265
423.00000000002797 0.36377873694497553
423.100000000028 0.3639359053687036
423.200000000028 0.3640931115459166
423.30000000002804 0.3642503554710998
423.40000000002806 0.36440763713972585
423.5000000000281 0.3645649565467881
423.6000000000281 0.3648159522792173
423.7000000000281 0.3650670665592835
423.80000000002815 0.36531829941138133
423.9000000000282 0.36556965085939347
424.0000000000282 0.3658211209276748
424.1000000000282 0.36603306029330485
424.20000000002824 0.3662450699856006
424.30000000002826 0.36645714999941115
424.4000000000283 0.3666693003290644
424.5000000000283 0.36688152096786597
424.60000000002833 0.3670938119105979
424.70000000002835 0.36730617315151964
424.8000000000284 0.3675186046838682
424.9000000000284 0.3677311065018573
425.0000000000284 0.3679436785996937
425.10000000002844 0.36821109261076895
425.20000000002847 0.36847865668023155
425.3000000000285 0.368746370870162
425.4000000000285 0.3690142352421569
425.50000000002854 0.3692822498583289
425.60000000002856 0.36955041478030604
425.7000000000286 0.36981873007073585
425.8000000000286 0.370087195790775
425.9000000000286 0.37035581200310413
426.00000000002865 0.37062457876891225
426.1000000000287 0.37089557588949107
426.2000000000287 0.37116673073127493
426.3000000000287 0.37143804336783126
426.40000000002874 0.37170951387073903
426.50000000002876 0.37198114231210433
426.6000000000288 0.37225292876506705
426.7000000000288 0.3725248733017839
426.80000000002883 0.3727969759949412
426.90000000002885 0.3730692369167446
427.0000000000289 0.3733416561399208
427.1000000000289 0.3735817058858329
427.2000000000289 0.3738218594066207
427.30000000002894 0.3740621167210145
427.40000000002897 0.3743024778472274
427.500000000029 0.37454294280394085
427.600000000029 0.37468829222137867
427.70000000002904 0.37483367161604103
427.80000000002906 0.37497908098289795
427.9000000000291 0.37512452031843524
428.0000000000291 0.3752699896176547
428.1000000000291 0.3755587340255138
428.20000000002915 0.37584757802318447
428.3000000000292 0.3761365215976985
428.4000000000292 0.37642556473655997
428.5000000000292 0.3767147074261942
428.60000000002924 0.3769084330710735
428.70000000002926 0.37710220845194353
428.8000000000293 0.37729603355486446
428.9000000000293 0.37748990836740043
429.00000000002933 0.37768383287556767
429.10000000002935 0.37786695227175715
429.2000000000294 0.37805011905854374
429.3000000000294 0.37823333323221414
429.4000000000294 0.3784165947900646
429.50000000002944 0.37859990372833513
429.60000000002947 0.3786875109887747
429.7000000000295 0.37877512131940044
429.8000000000295 0.37886273471380394
429.90000000002954 0.3789503511671028
430.00000000002956 0.37903797067243306
430.1000000000296 0.3793206316431498
430.2000000000296 0.37960346242782406
430.3000000000296 0.3798864631073254
430.40000000002965 0.38016963376357277
430.5000000000297 0.3804529744790266
430.6000000000297 0.38073648533464644
430.7000000000297 0.3810201664124427
430.80000000002974 0.3813040177944566
430.90000000002976 0.38158803956276055
431.0000000000298 0.3818722317989218
431.1000000000298 0.3820769647573185
431.20000000002983 0.3822817754490115
431.30000000002985 0.3824866638949359
431.4000000000299 0.3826916301175691
431.5000000000299 0.38289667413836637
431.6000000000299 0.38310179597930105
431.70000000002995 0.38330699566183735
431.80000000002997 0.383512273207956
431.90000000003 0.38371762863913
432.00000000003 0.3839230619778779
432.10000000003004 0.3841836440815563
432.20000000003006 0.38444436302531726
432.3000000000301 0.3847052188634512
432.4000000000301 0.38496621165026335
432.5000000000301 0.3852273414410733
432.60000000003015 0.3853917761854241
432.7000000000302 0.3855562653848584
432.8000000000302 0.38572080905290823
432.9000000000302 0.38588540720311004
433.00000000003024 0.3860500598495476
433.10000000003026 0.38631244601053755
433.2000000000303 0.3865749705009657
433.3000000000303 0.3868376333753937
433.40000000003033 0.38710043469046346
433.50000000003035 0.3873633745018006
433.6000000000304 0.3876269939514206
433.7000000000304 0.38789110082268763
433.8000000000304 0.3881555157190761
433.90000000003045 0.38842007211116386
434.00000000003047 0.38868461637649665
434.1000000000305 0.38889514565272687
434.2000000000305 0.38910534673062996
434.30000000003054 0.38931510518663237
434.40000000003056 0.38952431974381313
434.5000000000306 0.38973290231136287
434.6000000000306 0.3900384755095985
434.7000000000306 0.3903433633932745
434.80000000003065 0.39064752764790633
434.9000000000307 0.3909509424983139
435.0000000000307 0.3912535947572769
435.1000000000307 0.3914863962189771
435.20000000003074 0.39171836238138824
435.30000000003076 0.3919495185451157
435.4000000000308 0.3921799027681814
435.5000000000308 0.39240956590447795
435.60000000003083 0.3926386038836455
435.70000000003085 0.39286708179870883
435.8000000000309 0.3930950784169841
435.9000000000309 0.3933226862204946
436.0000000000309 0.39355001144426377
436.10000000003095 0.39372486127576123
436.20000000003097 0.393899634722586
436.300000000031 0.3940744794871978
436.400000000031 0.39424955710070075
436.50000000003104 0.39442504295056885
436.60000000003106 0.39460111011051
436.7000000000311 0.3947772059540049
436.8000000000311 0.3949533278655902
436.9000000000311 0.39512947282643507
437.00000000003115 0.3953056374124072
437.1000000000312 0.3955512827009928
437.2000000000312 0.39579700757230196
437.3000000000312 0.39604280739246106
437.40000000003124 0.3962886771145436
437.50000000003126 0.3965346112783388
437.6000000000313 0.3967806203022109
437.7000000000313 0.3970267371615989
437.80000000003133 0.3972729630885607
437.90000000003135 0.3975193001218939
438.0000000000314 0.3977657511112093
438.1000000000314 0.39788262974911426
438.2000000000314 0.3979995386808355
438.30000000003145 0.3981164831497594
438.40000000003147 0.39823346921347413
438.5000000000315 0.39835050374293274
438.6000000000315 0.3985660360018044
438.70000000003154 0.39878128724757983
438.80000000003156 0.3989964381381509
438.9000000000316 0.3992116560006415
439.0000000000316 0.3994270947925456
439.1000000000316 0.39951141898313997
439.20000000003165 0.39959615992347597
439.3000000000317 0.39968143070533146
439.4000000000317 0.3997673307715257
439.5000000000317 0.3998539459014793
439.60000000003174 0.4000405892259482
439.70000000003176 0.40022814463483714
439.8000000000318 0.40041666420839167
439.9000000000318 0.4006061867543318
440.00000000003183 0.4007967377744144
440.10000000003186 0.40105886083745007
440.2000000000319 0.4013220940498891
440.3000000000319 0.40158642335234906
440.4000000000319 0.4018518212331028
440.50000000003195 0.402118246681579
440.60000000003197 0.40238564514203345
440.700000000032 0.4026539256186875
440.800000000032 0.4029229995606603
440.90000000003204 0.4031927643097857
441.00000000003206 0.4034631030534374
441.1000000000321 0.4036404357441775
441.2000000000321 0.4038179743319541
441.3000000000321 0.40399555920847935
441.40000000003215 0.4041730165811734
441.5000000000322 0.404350158442218
441.6000000000322 0.40452678253978286
441.7000000000322 0.4047034533816348
441.80000000003224 0.4048801709764289
441.90000000003226 0.40505693533123016
442.0000000000323 0.4052337464541739
442.1000000000323 0.4054415530286124
442.20000000003233 0.40564943040227625
442.30000000003236 0.40585737858976473
442.4000000000324 0.40606539760567756
442.5000000000324 0.4062734874645819
442.6000000000324 0.40638155420163696
442.70000000003245 0.4064896385670705
442.80000000003247 0.4065977405617464
442.9000000000325 0.4067058601870613
443.0000000000325 0.40681399744442254
443.10000000003254 0.40695370700846556
443.20000000003256 0.4070934339570338
443.3000000000326 0.40723317828803607
443.4000000000326 0.40737294000097557
443.5000000000326 0.40751271909482395
443.60000000003265 0.4076525155680189
443.7000000000327 0.40779232941899834
443.8000000000327 0.40793216064726207
443.9000000000327 0.40807200925071435
444.00000000003274 0.40821187522882324
444.10000000003276 0.4082581214034585
444.2000000000328 0.4083043453412739
444.3000000000328 0.40835054702994955
444.40000000003283 0.40839672645769365
444.50000000003286 0.4084428836121804
444.6000000000329 0.40848901848054936
444.7000000000329 0.4085351310504695
444.8000000000329 0.4085812213101407
444.90000000003295 0.4086272892461619
445.00000000003297 0.4086733348472947
445.100000000033 0.4088216563658754
445.200000000033 0.4089699887133063
445.30000000003304 0.4091183318738729
445.40000000003306 0.40926668583131987
445.5000000000331 0.4094150505699147
445.6000000000331 0.40956342607391727
445.7000000000331 0.40971181232704473
445.80000000003315 0.4098602093135379
445.9000000000332 0.4100086170170967
446.0000000000332 0.4101570354225011
446.1000000000332 0.4103763027271005
446.20000000003324 0.4105955730060003
446.30000000003326 0.41081484623301906
446.4000000000333 0.41103412238410003
446.5000000000333 0.41125340143404315
446.60000000003333 0.4112715725646375
446.70000000003336 0.41128972878773484
446.8000000000334 0.41130787009978076
446.9000000000334 0.41132599649775425
447.0000000000334 0.41134410797923704
447.10000000003345 0.4115703736868079
447.20000000003347 0.41179672999019945
447.3000000000335 0.412023176916699
447.4000000000335 0.41224971449253306
447.50000000003354 0.4124763427455014
447.60000000003356 0.4126023041191115
447.7000000000336 0.4127282946906062
447.8000000000336 0.41285431446471615
447.90000000003363 0.41298036344777805
448.00000000003365 0.4131064416451093
448.1000000000337 0.41337839695775525
448.2000000000337 0.41365048001858423
448.3000000000337 0.41392269086893085
448.40000000003374 0.41419502954853205
448.50000000003376 0.41446749609713324
448.6000000000338 0.4147406357405755
448.7000000000338 0.4150142547585247
448.80000000003383 0.41528817236442894
448.90000000003386 0.4155622207500408
449.0000000000339 0.415836245125712
449.1000000000339 0.41610691162307
449.2000000000339 0.41637728084987213
449.30000000003395 0.4166472373565935
449.40000000003397 0.4169166788942777
449.500000000034 0.41718551646212815
449.600000000034 0.4174537086436358
449.70000000003404 0.4177211808711128
449.80000000003406 0.4179878727714408
449.9000000000341 0.41825373820915024
450.0000000000341 0.41851874533628586
450.10000000003413 0.41873321828898336
450.20000000003415 0.4189467733148471
450.3000000000342 0.4191594220378369
450.4000000000342 0.41937119054097716
450.5000000000342 0.4195821194009811
450.60000000003424 0.4198942616086946
450.70000000003427 0.42020577962358646
450.8000000000343 0.42051676298441454
450.9000000000343 0.4208273155564272
451.00000000003433 0.4211375555839299
451.10000000003436 0.4213704865058386
451.2000000000344 0.4216032970502614
451.3000000000344 0.42183614888551
451.4000000000344 0.42206921814116527
451.50000000003445 0.422302695445574
451.60000000003447 0.42243437763397845
451.7000000000345 0.42256606089301746
451.8000000000345 0.422697752264407
451.90000000003454 0.42282945922686294
452.00000000003456 0.42296118969628893
452.1000000000346 0.4232013329454322
452.2000000000346 0.42344159607019083
452.30000000003463 0.4236819883551365
452.40000000003465 0.4239225195352354
452.5000000000347 0.4241631997971099
452.6000000000347 0.4244040397826864
452.7000000000347 0.42464500236532465
452.80000000003474 0.4248860848187054
452.90000000003477 0.4251272839809173
453.0000000000348 0.4253685962504374
453.1000000000348 0.42546771185107857
453.20000000003483 0.4255668463265612
453.30000000003486 0.425665994727322
453.4000000000349 0.4257651516686139
453.5000000000349 0.4258643113278399
453.6000000000349 0.42606590377847864
453.70000000003495 0.4262671859605946
453.80000000003497 0.42646834965938457
453.900000000035 0.4266695727797943
454.000000000035 0.4268710193115427
454.10000000003504 0.4271168969581908
454.20000000003506 0.4273633095673688
454.3000000000351 0.42761037936032886
454.4000000000351 0.4278582145521859
454.50000000003513 0.42810690931387324
454.60000000003515 0.4283565437290698
454.7000000000352 0.4286071837576832
454.8000000000352 0.42885888118874227
454.9000000000352 0.42911167359962116
455.00000000003524 0.4293655843156784
455.10000000003527 0.42947973447912585
455.2000000000353 0.4295949300501052
455.3000000000353 0.42971115033608814
455.40000000003533 0.4298283602680969
455.50000000003536 0.4299465103772145
455.6000000000354 0.4301691670275466
455.7000000000354 0.4303926793831277
455.8000000000354 0.4306169551656367
455.90000000003545 0.4308418875097936
456.00000000003547 0.4310673549273609
456.1000000000355 0.4312114767529927
456.2000000000355 0.4313557947865741
456.30000000003554 0.4315001434187765
456.40000000003556 0.4316443423998841
456.5000000000356 0.43178819681427233
456.6000000000356 0.4320354516881289
456.70000000003563 0.43228280685306286
456.80000000003565 0.4325302623361082
456.9000000000357 0.4327778181643042
457.0000000000357 0.43302547436521677
457.1000000000357 0.4331929701381076
457.20000000003574 0.4333605004366867
457.30000000003577 0.43352806526435295
457.4000000000358 0.4336956646245068
457.5000000000358 0.4338632985216138
457.60000000003583 0.43392678285717434
457.70000000003586 0.4339902712506261
457.8000000000359 0.43405376370187804
457.9000000000359 0.43411726021249464
458.0000000000359 0.4341807607829444
458.10000000003595 0.43426191994420293
458.20000000003597 0.4343430886385475
458.300000000036 0.4344242668671094
458.400000000036 0.43450545463157286
458.50000000003604 0.4345866519331083
458.60000000003606 0.43477282837896825
458.7000000000361 0.43495944463489683
458.8000000000361 0.43514629901254787
458.90000000003613 0.43533320446167373
459.00000000003615 0.43551998860058877
459.1000000000362 0.4356747638449829
459.2000000000362 0.43582909377585494
459.3000000000362 0.43598285034003886
459.40000000003624 0.43613592031673115
459.50000000003627 0.4362882053466491
459.6000000000363 0.4363350746877101
459.7000000000363 0.4363809619747799
459.80000000003633 0.43642582624314386
459.90000000003636 0.4364696406535449
460.0000000000364 0.4365123925018636
460.1000000000364 0.4367522549331779
460.2000000000364 0.4369911624879824
460.30000000003645 0.4372291435505171
460.40000000003647 0.4374662407464244
460.5000000000365 0.4377025109829104
460.6000000000365 0.43783331667324354
460.70000000003654 0.43796341316284
460.80000000003656 0.4380928889293286
460.9000000000366 0.4382218476493116
461.0000000000366 0.43835040821559546
461.10000000003663 0.43840829189837527
461.20000000003665 0.43846601141709346
461.3000000000367 0.438523731438629
461.4000000000367 0.4385816318223126
461.5000000000367 0.43863990763262595
461.60000000003674 0.4385939496957006
461.70000000003677 0.4385479659619632
461.8000000000368 0.43850195355446436
461.9000000000368 0.4384559091506702
462.00000000003683 0.438409828987737
462.10000000003686 0.4385367057931493
462.2000000000369 0.4386635506616831
462.3000000000369 0.4387903584464142
462.4000000000369 0.4389171235504648
462.50000000003695 0.4390438399257862
462.60000000003697 0.4391705191235067
462.700000000037 0.43929719766843617
462.800000000037 0.43942387688775597
462.90000000003704 0.43955055899989
463.00000000003706 0.4396772471163996
463.1000000000371 0.43981295058621733
463.2000000000371 0.43994869065104036
463.30000000003713 0.44008447311499427
463.40000000003715 0.44022030468399836
463.5000000000372 0.4403561929622405
463.6000000000372 0.4405965345817892
463.7000000000372 0.4408365687075452
463.80000000003724 0.44107649527078546
463.90000000003727 0.44131649945384566
464.0000000000373 0.4415567516451119
464.1000000000373 0.4415608626508413
464.20000000003733 0.44156541320842374
464.30000000003736 0.44157052812939357
464.4000000000374 0.4415763170317331
464.5000000000374 0.44158287433807275
464.6000000000374 0.4416954198182235
464.70000000003745 0.44180890601981365
464.80000000003747 0.4419233898654717
464.9000000000375 0.4420389135670569
465.0000000000375 0.44215550460548353
465.10000000003754 0.44229259870872123
465.20000000003756 0.4424307895390493
465.3000000000376 0.44257006041739294
465.4000000000376 0.44271037984916495
465.50000000003763 0.4428517015002042
465.60000000003765 0.4429939641718378
465.7000000000377 0.44313706660218627
465.8000000000377 0.4432809103589938
465.9000000000377 0.44342538161360046
466.00000000003774 0.4435703511127552
466.10000000003777 0.4437320170656349
466.2000000000378 0.44389388593726825
466.3000000000378 0.4440557820489387
466.40000000003783 0.4442175141686882
466.50000000003786 0.4443788754830903
466.6000000000379 0.44443432737731625
466.7000000000379 0.4444897808861344
466.8000000000379 0.4445452360097864
466.90000000003795 0.4446006927490718
467.00000000003797 0.4446561511042712
467.100000000038 0.44481147484157063
467.200000000038 0.4449668231490869
467.30000000003804 0.44512219602888276
467.40000000003806 0.4452775934813481
467.5000000000381 0.4454330155085055
467.6000000000381 0.44548302234218384
467.70000000003813 0.44553303008106326
467.80000000003815 0.44558303872553406
467.9000000000382 0.4456330482759879
468.0000000000382 0.445683058732854
468.1000000000382 0.44583219114344375
468.20000000003824 0.4459813432835982
468.30000000003827 0.4461305151527778
468.4000000000383 0.44627970675100137
468.5000000000383 0.4464289180776885
468.60000000003834 0.44647260005558476
468.70000000003836 0.4465162811088536
468.8000000000384 0.44655996123826425
468.9000000000384 0.4466036404440275
469.0000000000384 0.446647318726927
469.10000000003845 0.4467243156820951
469.2000000000385 0.4468012880636988
469.3000000000385 0.4468782358646112
469.4000000000385 0.44695515907826316
469.50000000003854 0.44703205769804494
469.60000000003856 0.4470033819225636
469.7000000000386 0.4469746950869875
469.8000000000386 0.44694599719268463
469.90000000003863 0.4469172882404675
470.00000000003865 0.44688856823176376
470.1000000000387 0.4470123385723076
470.2000000000387 0.4471361107727257
470.3000000000387 0.44725988482768464
470.40000000003874 0.44738366073352637
470.50000000003877 0.4475074384854746
470.6000000000388 0.4476312180793118
470.7000000000388 0.4477549995102603
470.80000000003884 0.4478787827741014
470.90000000003886 0.44800256786661413
471.0000000000389 0.44812635478300644
471.1000000000389 0.4482142228632874
471.2000000000389 0.44830210028704426
471.30000000003895 0.4483899870550233
471.400000000039 0.44847788316797094
471.500000000039 0.44856578862779267
471.600000000039 0.4487593933530995
471.70000000003904 0.4489530488517436
471.80000000003906 0.44914675513039504
471.9000000000391 0.4493405121979624
472.0000000000391 0.4495343200610511
472.10000000003913 0.4495586949951137
472.20000000003915 0.4495830646440742
472.3000000000392 0.4496074290074701
472.4000000000392 0.4496317880865169
472.5000000000392 0.44965614188135405
472.60000000003924 0.44978629756541466
472.70000000003927 0.44991645942206265
472.8000000000393 0.4500466274469717
472.9000000000393 0.45017680163693385
473.00000000003934 0.4503069819886815
473.10000000003936 0.45028834502208653
473.2000000000394 0.4502697000921618
473.3000000000394 0.4502510472007082
473.4000000000394 0.4502323863489665
473.50000000003945 0.4502137175376599
473.6000000000395 0.45030084453885866
473.7000000000395 0.4503879548016452
473.8000000000395 0.45047504832206625
473.90000000003954 0.4505621250956085
474.00000000003956 0.45064918511777097
474.1000000000396 0.450765477241439
474.2000000000396 0.450881785831577
474.30000000003963 0.45099811088891856
474.40000000003965 0.451114452415877
474.5000000000397 0.4512308104131879
474.6000000000397 0.45134718488214653
474.7000000000397 0.45146357582516905
474.80000000003974 0.4515799832435533
474.90000000003977 0.4516964071385982
475.0000000000398 0.45181284751160955
475.1000000000398 0.45194946247567513
475.20000000003984 0.4520860868792844
475.30000000003986 0.4522227207193958
475.4000000000399 0.452359363991847
475.5000000000399 0.4524960166941136
475.6000000000399 0.45252657646002914
475.70000000003995 0.4525571313212726
475.80000000004 0.45258768127785304
475.90000000004 0.4526182263297803
476.00000000004 0.45264876647711877
476.10000000004004 0.4528161437399981
476.20000000004006 0.45298355110421146
476.3000000000401 0.45315098857181196
476.4000000000401 0.4533184561437293
476.50000000004013 0.45348595382141155
476.60000000004015 0.45354726444797444
476.7000000000402 0.45360857646493846
476.8000000000402 0.4536698898735518
476.9000000000402 0.4537312046728161
477.00000000004025 0.4537925208639882
477.10000000004027 0.4538709991490464
477.2000000000403 0.45394948504707355
477.3000000000403 0.4540279785582669
477.40000000004034 0.45410647968394746
477.50000000004036 0.4541849884249178
477.6000000000404 0.45436988967840286
477.7000000000404 0.45455483532766294
477.8000000000404 0.454739825380314
477.90000000004045 0.45492485984172487
478.0000000000405 0.45510993871888555
478.1000000000405 0.45513295013827293
478.2000000000405 0.455155958798944
478.30000000004054 0.45517896470044195
478.40000000004056 0.45520196784456096
478.5000000000406 0.4552249682319699
478.6000000000406 0.4552479658633387
478.70000000004063 0.4552709607393364
478.80000000004065 0.4552939528617586
478.9000000000407 0.45531694223014957
479.0000000000407 0.45533992884634006
479.1000000000407 0.455447516355758
479.20000000004075 0.45555511132387366
479.30000000004077 0.4556627137502235
479.4000000000408 0.45577032363490727
479.5000000000408 0.45587794097746376
479.60000000004084 0.45598556577686794
479.70000000004086 0.45609319803434994
479.8000000000409 0.45620083774832293
479.9000000000409 0.4563084849194558
480.0000000000409 0.4564161395461858
480.10000000004095 0.4565808035690193
480.200000000041 0.45674549685568544
480.300000000041 0.45691021940840326
480.400000000041 0.45707497122882834
480.50000000004104 0.4572397523196995
480.60000000004106 0.45729771742165726
480.7000000000411 0.45735568471026455
480.8000000000411 0.4574136541858538
480.90000000004113 0.4574716258493218
481.00000000004115 0.4575295997005027
481.1000000000412 0.45774757103573294
481.2000000000412 0.45796559986156493
481.3000000000412 0.45818368618214034
481.40000000004125 0.45840183000103546
481.50000000004127 0.4586200313212167
481.6000000000413 0.4587312350156039
481.7000000000413 0.45884244431169374
481.80000000004134 0.4589536592093596
481.90000000004136 0.4590648797079093
482.0000000000414 0.45917610580608864
482.1000000000414 0.459295591266185
482.2000000000414 0.4594150762922245
482.30000000004145 0.4595345608807464
482.4000000000415 0.4596540450277229
482.5000000000415 0.45977352872964805
482.6000000000415 0.4597858357975441
482.70000000004154 0.45979813667817987
482.80000000004156 0.45981043137264876
482.9000000000416 0.4598227198814778
483.0000000000416 0.4598350022052748
483.10000000004163 0.4600393997320848
483.20000000004165 0.4602438523840237
483.3000000000417 0.46044836016809426
483.4000000000417 0.4606529230924293
483.5000000000417 0.4608575411640316
483.60000000004175 0.461062821145988
483.70000000004177 0.4612685470613863
483.8000000000418 0.46147451750485896
483.9000000000418 0.46168054567646166
484.00000000004184 0.46188645941499495
484.10000000004186 0.46193173913601393
484.2000000000419 0.46197654842134234
484.3000000000419 0.4620207598409427
484.4000000000419 0.4620642608949927
484.50000000004195 0.4621069540210248
484.600000000042 0.462256233056962
484.700000000042 0.4624045728831226
484.800000000042 0.4625519200942275
484.90000000004204 0.4626982362181831
485.00000000004206 0.4628434977435458
485.1000000000421 0.4628607224461914
485.2000000000421 0.4628768724486512
485.30000000004213 0.46289197012603706
485.40000000004216 0.46290605286590586
485.5000000000422 0.4629191730730233
485.6000000000422 0.46303896968030667
485.7000000000422 0.46315798343099585
485.80000000004225 0.463276298640203
485.90000000004227 0.46339401567613164
486.0000000000423 0.46351125098037943
486.1000000000423 0.46363955632757803
486.20000000004234 0.4637676670041044
486.30000000004236 0.46389574779060805
486.4000000000424 0.46402397964136805
486.5000000000424 0.4641525597074363
486.6000000000424 0.4641740909569034
486.70000000004245 0.4641955342426912
486.8000000000425 0.46421689895617274
486.9000000000425 0.4642381944903274
487.0000000000425 0.46425943024206046
487.10000000004254 0.4644098954611991
487.20000000004256 0.4645603409079343
487.3000000000426 0.4647107759585961
487.4000000000426 0.46486121000211394
487.50000000004263 0.4650116524416649
487.60000000004266 0.4650544994523044
487.7000000000427 0.4650973784835379
487.8000000000427 0.46514028624678216
487.9000000000427 0.46518322039584564
488.00000000004275 0.4652261795251561
488.10000000004277 0.465296057244936
488.2000000000428 0.4653659602074213
488.3000000000428 0.46543588984074324
488.40000000004284 0.46550584851557814
488.50000000004286 0.46557583955045617
488.6000000000429 0.4656452158655418
488.7000000000429 0.46571416206945154
488.8000000000429 0.4657828851666578
488.90000000004295 0.4658515762419672
489.000000000043 0.46592041044964516
489.100000000043 0.466020534158366
489.200000000043 0.4661210979394499
489.30000000004304 0.4662222291934658
489.40000000004306 0.46632403936968464
489.5000000000431 0.46642662394870565
489.6000000000431 0.4664222191384639
489.70000000004313 0.4664187863611669
489.80000000004316 0.4664163880165925
489.9000000000432 0.4664150713821166
490.0000000000432 0.46641486861498266
490.1000000000432 0.46653672747970254
490.20000000004325 0.4666597262697898
490.30000000004327 0.46678385265171896
490.4000000000433 0.4669090791388302
490.5000000000433 0.4670353630744161
490.60000000004334 0.46705478176032156
490.70000000004336 0.4670750644767012
490.8000000000434 0.4670961067183374
490.9000000000434 0.46711778786808805
491.0000000000434 0.46713997119208783
491.10000000004345 0.46723977917396875
491.2000000000435 0.4673397628842025
491.3000000000435 0.46743973720478543
491.4000000000435 0.4675395007492894
491.50000000004354 0.46763883584714966
491.60000000004356 0.4676296354834696
491.7000000000436 0.4676204310396097
491.8000000000436 0.46761122251632437
491.90000000004363 0.4676020099155059
492.00000000004366 0.4675927932379691
492.1000000000437 0.46772151309531496
492.2000000000437 0.46785024027265537
492.3000000000437 0.46797897476946243
492.40000000004375 0.46810771658463957
492.50000000004377 0.4682364657176117
492.6000000000438 0.4682573287742351
492.7000000000438 0.468278189533797
492.80000000004384 0.4682990479971048
492.90000000004386 0.46831990416553426
493.0000000000439 0.4683407580393258
493.1000000000439 0.4683685647726771
493.20000000004393 0.46839636940595136
493.30000000004395 0.46842417193924024
493.400000000044 0.4684519723743439
493.500000000044 0.4684797707108327
493.600000000044 0.46861551800257956
493.70000000004404 0.4687512760060827
493.80000000004407 0.4688870447202303
493.9000000000441 0.4690228241444799
494.0000000000441 0.4691586142788174
494.10000000004413 0.4692013613740546
494.20000000004416 0.4692441078173239
494.3000000000442 0.46928685360850037
494.4000000000442 0.46932959874859703
494.5000000000442 0.46937234323805843
494.60000000004425 0.4694150870767596
494.70000000004427 0.46945783026628496
494.8000000000443 0.46950057280594054
494.9000000000443 0.4695433146967414
495.00000000004434 0.4695860559397051
495.10000000004436 0.46963018442163074
495.2000000000444 0.4696742749740654
495.3000000000444 0.46971832759438864
495.40000000004443 0.4697623422782738
495.50000000004445 0.46980631902362324
495.6000000000445 0.4697422710966783
495.7000000000445 0.46967821467525156
495.8000000000445 0.4696141497617851
495.90000000004454 0.46955007635758367
496.00000000004457 0.46948599446681516
496.1000000000446 0.46946218965553865
496.2000000000446 0.46943837970239044
496.30000000004463 0.46941456460836584
496.40000000004466 0.4693907443761673
496.5000000000447 0.46936691900621963
496.6000000000447 0.46934308850065576
496.7000000000447 0.4693192528604696
496.80000000004475 0.4692954120883627
496.90000000004477 0.4692715661847598
497.0000000000448 0.46924771515239505
497.1000000000448 0.4692995173459956
497.20000000004484 0.4693512810850957
497.30000000004486 0.46940300636150684
497.4000000000449 0.4694546931693163
497.5000000000449 0.46950634150028725
497.60000000004493 0.46945015567488474
497.70000000004495 0.46939395716770743
497.800000000045 0.46933774597909234
497.900000000045 0.4692815221110806
498.000000000045 0.4692252855657648
498.10000000004504 0.4692839921290987
498.20000000004507 0.46934270081925217
498.3000000000451 0.4694014116371533
498.4000000000451 0.4694601245825959
498.50000000004513 0.4695188396559413
498.60000000004516 0.4695775568575505
498.7000000000452 0.4696362761883552
498.8000000000452 0.46969499764814904
498.9000000000452 0.46975372123729553
499.00000000004525 0.46981244695675184
499.10000000004527 0.46992741083039974
499.2000000000453 0.4700423743491862
499.3000000000453 0.4701573375112743
499.40000000004534 0.4702723003153967
499.50000000004536 0.47038726275909815
499.6000000000454 0.47039433623353255
499.7000000000454 0.47040140610156056
499.80000000004543 0.47040847236533495
499.90000000004545 0.4704155350253041
500.0000000000455 0.470422594082988
500.1000000000455 0.4702893377283926
500.2000000000455 0.47015608886768834
500.30000000004554 0.47002284750570966
500.40000000004557 0.4698896136461531
500.5000000000456 0.4697563872939007
500.6000000000456 0.4697310286205727
500.70000000004563 0.46970566581556206
500.80000000004566 0.4696802988804747
500.9000000000457 0.4696549278169159
501.0000000000457 0.46962955262706635
501.1000000000457 0.4696207478540714
501.20000000004575 0.46961193888530484
501.30000000004577 0.4696031257220331
501.4000000000458 0.46959430836608934
501.5000000000458 0.4695854868170339
501.60000000004584 0.46957666107783713
501.70000000004586 0.46956783114919604
501.8000000000459 0.46955899703180726
501.9000000000459 0.4695501587275037
502.00000000004593 0.4695413162375779
502.10000000004595 0.4695906712585797
502.200000000046 0.46964002588240866
502.300000000046 0.4696893801094347
502.400000000046 0.46973873394059573
502.50000000004604 0.4697880873756443
502.60000000004607 0.46972955581390036
502.7000000000461 0.4696710011924277
502.8000000000461 0.46961242351112953
502.90000000004613 0.4695538227710452
503.00000000004616 0.4694951989732324
503.1000000000462 0.46947094661784733
503.2000000000462 0.46944668310462695
503.3000000000462 0.46942240843397104
503.40000000004625 0.4693981226074152
503.50000000004627 0.46937382562587854
503.6000000000463 0.46924225822281374
503.7000000000463 0.4691110999852317
503.80000000004634 0.4689801388290209
503.90000000004636 0.4688491785867308
504.0000000000464 0.4687180389882622
504.1000000000464 0.4688251515473685
504.20000000004643 0.4689317685816123
504.30000000004645 0.4690377564145134
504.4000000000465 0.4691429969415164
504.5000000000465 0.4692473876483048
504.6000000000465 0.46935084162051977
504.70000000004654 0.4694532875835777
504.80000000004657 0.46955466990824773
504.9000000000466 0.46965494863052715
505.0000000000466 0.4697540994666093
505.10000000004663 0.4697729178631403
505.20000000004666 0.4697906119298755
505.3000000000467 0.4698072050899692
505.4000000000467 0.46982273648914447
505.5000000000467 0.46983726099903905
505.60000000004675 0.4698508492302239
505.70000000004677 0.46986358751021035
505.8000000000468 0.4698755778997357
505.9000000000468 0.46988693819399874
506.00000000004684 0.46989780192385466
506.10000000004686 0.47000406553790813
506.2000000000469 0.47011014443711074
506.3000000000469 0.47021621937051056
506.40000000004693 0.47032248699104545
506.50000000004695 0.4704291598750812
506.600000000047 0.47053648590164143
506.700000000047 0.4706438194235391
506.800000000047 0.47075115400619333
506.90000000004704 0.47085848368543076
507.00000000004707 0.47096580296743723
507.1000000000471 0.47097266814836913
507.2000000000471 0.470979515517364
507.30000000004713 0.47098634101385056
507.40000000004716 0.4709931410552507
507.5000000000472 0.47099991253708934
507.6000000000472 0.4711145193564001
507.7000000000472 0.47122907096775724
507.80000000004725 0.4713435785569891
507.90000000004727 0.47145805284585296
508.0000000000473 0.47157250408625756
508.1000000000473 0.47157068243096967
508.20000000004734 0.4715688532653329
508.30000000004736 0.4715670254358478
508.4000000000474 0.47156520731253126
508.5000000000474 0.47156340678894293
508.60000000004743 0.47166891880845785
508.70000000004745 0.47177406216561596
508.8000000000475 0.4718790497503453
508.9000000000475 0.47198407886022914
509.0000000000475 0.4720893311818074
509.10000000004754 0.47218751700308254
509.20000000004757 0.4722862400679893
509.3000000000476 0.47238563509120846
509.4000000000476 0.4724858210959727
509.50000000004763 0.4725869014011523
509.60000000004766 0.47258106838100405
509.7000000000477 0.47257626442330264
509.8000000000477 0.472572536964256
509.9000000000477 0.47256991715256674
510.00000000004775 0.4725684198494231
510.10000000004777 0.4726713832799899
510.2000000000478 0.47277544735569166
510.3000000000478 0.47288057877582196
510.40000000004784 0.4729867279052488
510.50000000004786 0.47309382875636785
510.6000000000479 0.4730939098234886
510.7000000000479 0.47309481493426575
510.80000000004793 0.47309644430892556
510.90000000004795 0.4730986828166063
511.000000000048 0.47310139997407136
511.100000000048 0.47322136969877193
511.200000000048 0.4733415164104768
511.30000000004804 0.4734616635569565
511.40000000004807 0.47358161904024293
511.5000000000481 0.4737011751968566
511.6000000000481 0.47371220167161165
511.70000000004814 0.4737232244737048
511.80000000004816 0.47373424360461375
511.9000000000482 0.4737452590652485
512.0000000000482 0.47375627085596694
512.1000000000482 0.4738025816301175
512.2000000000482 0.4738488915173028
512.3000000000483 0.4738952005186411
512.4000000000483 0.4739415086346826
512.5000000000483 0.47398781586546146
512.6000000000483 0.4741421026496545
512.7000000000484 0.47429640964527453
512.8000000000484 0.4744507368529375
512.9000000000484 0.4746050842715533
513.0000000000484 0.47475945190166596
513.1000000000485 0.47476490035483504
513.2000000000485 0.47477034536046575
513.3000000000485 0.47477578692017064
513.4000000000485 0.4747812250344244
513.5000000000485 0.4747866597037026
513.6000000000486 0.47479209093018554
513.7000000000486 0.4747975187137807
513.8000000000486 0.47480294305610027
513.9000000000486 0.47480836395705056
514.0000000000487 0.47481378141888375
514.1000000000487 0.474963354865975
514.2000000000487 0.4751129475085824
514.3000000000487 0.4752625593465591
514.4000000000487 0.4754121903814627
514.5000000000488 0.4755618406142308
514.6000000000488 0.47560341835902287
514.7000000000488 0.4756449964032236
514.8000000000488 0.4756865747486705
514.9000000000489 0.4757281533949242
515.0000000000489 0.47576973234326564
515.1000000000489 0.4758357980917314
515.2000000000489 0.47590186733176537
515.300000000049 0.47596794006288123
515.400000000049 0.47603401628630004
515.500000000049 0.4761000960021054
515.600000000049 0.4761661792109498
515.700000000049 0.47623226591348666
515.8000000000491 0.47629835610980054
515.9000000000491 0.4763644498011155
516.0000000000491 0.47643054698754617
516.1000000000491 0.47655853087927236
516.2000000000492 0.47668652198242395
516.3000000000492 0.4768145202962487
516.4000000000492 0.47694252582113406
516.5000000000492 0.4770705385557039
516.6000000000492 0.4770902519729927
516.7000000000493 0.47710996365057545
516.8000000000493 0.4771296735882425
516.9000000000493 0.4771493817869233
517.0000000000493 0.47716908824811927
517.1000000000494 0.4771910984255634
517.2000000000494 0.47721310717113646
517.3000000000494 0.47723511448517414
517.4000000000494 0.4772571203691527
517.5000000000495 0.47727912482340795
517.6000000000495 0.4773011278482759
517.7000000000495 0.4773231294458039
517.8000000000495 0.47734512961518744
517.9000000000495 0.4773671283584738
518.0000000000496 0.4773891256754445
518.1000000000496 0.4774417562900849
518.2000000000496 0.47749438868280153
518.3000000000496 0.4775470228553827
518.4000000000497 0.47759965880733524
518.5000000000497 0.4776522965398777
518.6000000000497 0.47770493605365855
518.7000000000497 0.4777575773481857
518.8000000000497 0.47781022042467863
518.9000000000498 0.4778628652837868
519.0000000000498 0.477915511925631
519.1000000000498 0.47805196434320135
519.2000000000498 0.4781884288196369
519.3000000000499 0.4783249053566001
519.4000000000499 0.47846139395404086
519.5000000000499 0.4785978946124258
519.6000000000499 0.4786258753870556
519.70000000005 0.47865385553367634
519.80000000005 0.478681835052613
519.90000000005 0.47870981394533196
520.00000000005 0.4787377922121781
520.10000000005 0.478804941097872
520.2000000000501 0.47887209386196644
520.3000000000501 0.47893925050459757
520.4000000000501 0.4790064110264744
520.5000000000501 0.479073575427734
520.6000000000502 0.47914074370965637
520.7000000000502 0.47920791587295214
520.8000000000502 0.4792750919171881
520.9000000000502 0.4793422718436459
521.0000000000502 0.47940945565243914
521.1000000000503 0.479424733415479
521.2000000000503 0.4794400094038704
521.3000000000503 0.4794552836180388
521.4000000000503 0.4794705560589813
521.5000000000504 0.4794858267282669
521.6000000000504 0.4795010956257494
521.7000000000504 0.4795163627524258
521.8000000000504 0.47953162810929434
521.9000000000505 0.47954689169735204
522.0000000000505 0.47956215351703124
522.1000000000505 0.4795899957902113
522.2000000000505 0.4796178372418377
522.3000000000505 0.4796456778727943
522.4000000000506 0.47967351768339156
522.5000000000506 0.479701356673942
522.6000000000506 0.47972919484590093
522.7000000000506 0.4797570322001523
522.8000000000507 0.4797848687364363
522.9000000000507 0.47981270445620916
523.0000000000507 0.4798405393603488
523.1000000000507 0.4798550599004927
523.2000000000507 0.47986957866718044
523.3000000000508 0.47988409566142465
523.4000000000508 0.47989861088309343
523.5000000000508 0.4799131243337728
523.6000000000508 0.4799276360144758
523.7000000000509 0.47994214592564327
523.8000000000509 0.47995665406828897
523.9000000000509 0.4799711604428541
524.0000000000509 0.4799856650503627
524.100000000051 0.48002102605911395
524.200000000051 0.4800563873342954
524.300000000051 0.4800917488773609
524.400000000051 0.48012711068862013
524.500000000051 0.48016247276838275
524.6000000000511 0.48019783511753134
524.7000000000511 0.48023319773694784
524.8000000000511 0.4802685606269426
524.9000000000511 0.4803039237889718
525.0000000000512 0.4803392872232914
525.1000000000512 0.4802680977481054
525.2000000000512 0.48019688975539615
525.3000000000512 0.4801256632480005
525.4000000000513 0.48005441822589234
525.5000000000513 0.4799831546913924
525.6000000000513 0.48002084446110127
525.7000000000513 0.48005853283245525
525.8000000000513 0.48009621980678324
525.9000000000514 0.4801339053842676
526.0000000000514 0.4801715895650765
526.1000000000514 0.48018115658798666
526.2000000000514 0.4801907214531231
526.3000000000515 0.48020028415982213
526.4000000000515 0.48020984471085815
526.5000000000515 0.48021940310556704
526.6000000000515 0.4802289593450051
526.7000000000515 0.4802385134313729
526.8000000000516 0.4802480653640073
526.9000000000516 0.48025761514396403
527.0000000000516 0.48026716277291553
527.1000000000516 0.4803621647315786
527.2000000000517 0.48045717788135184
527.3000000000517 0.4805522022236075
527.4000000000517 0.48064723775799756
527.5000000000517 0.48074228448761525
527.6000000000518 0.4808373424121132
527.7000000000518 0.48093241153343946
527.8000000000518 0.481027491852395
527.9000000000518 0.4811225833703545
528.0000000000518 0.48121768608809357
528.1000000000519 0.48126183716314164
528.2000000000519 0.481305988578144
528.3000000000519 0.48135014033444684
528.4000000000519 0.4813942924316736
528.500000000052 0.4814384448717447
528.600000000052 0.48148259765371015
528.700000000052 0.481526750778917
528.800000000052 0.48157090424813825
528.900000000052 0.48161505806157306
529.0000000000521 0.4816592122194057
529.1000000000521 0.4816749666579556
529.2000000000521 0.4816907183580776
529.3000000000521 0.48170646732005185
529.4000000000522 0.4817222135453083
529.5000000000522 0.4817379570335526
529.6000000000522 0.48175369778564026
529.7000000000522 0.48176943580242676
529.8000000000523 0.4817851710847675
529.9000000000523 0.48180090363294303
530.0000000000523 0.48181663344785564
530.1000000000523 0.4819190844193694
530.2000000000523 0.4820215439208335
530.3000000000524 0.4821240119529812
530.4000000000524 0.48222648851597294
530.5000000000524 0.482328973609968
530.6000000000524 0.4824314672362779
530.7000000000525 0.48253396939506377
530.8000000000525 0.48263648008648713
530.9000000000525 0.4827389993118619
531.0000000000525 0.48284152707069855
531.1000000000525 0.4827994062668481
531.2000000000526 0.4827572816533674
531.3000000000526 0.4827151532318684
531.4000000000526 0.48267302100338777
531.5000000000526 0.4826308849689606
531.6000000000527 0.4825887451307747
531.7000000000527 0.4825466014892893
531.8000000000527 0.4825044540466906
531.9000000000527 0.4824623028040133
532.0000000000528 0.48242014776228886
532.1000000000528 0.48237176746470145
532.2000000000528 0.4823233829835744
532.3000000000528 0.482274994320023
532.4000000000528 0.4822266014757391
532.5000000000529 0.4821782044524132
532.6000000000529 0.4821298032505861
532.7000000000529 0.4820813978725223
532.8000000000529 0.48203298831933733
532.900000000053 0.48198457459272004
533.000000000053 0.48193615669383866
533.100000000053 0.48198976541910526
533.200000000053 0.4820433409084747
533.300000000053 0.4820968831573906
533.4000000000531 0.4821503921618714
533.5000000000531 0.48220386791787784
533.6000000000531 0.48214797981403257
533.7000000000531 0.4820920838023908
533.8000000000532 0.4820361798849611
533.9000000000532 0.4819802680620288
534.0000000000532 0.48192434833611514
534.1000000000532 0.4817556575914716
534.2000000000533 0.4815869301308435
534.3000000000533 0.48141816595384296
534.4000000000533 0.4812493650583617
534.5000000000533 0.48108052744406793
534.6000000000533 0.481020703370851
534.7000000000534 0.480960765972463
534.8000000000534 0.48090071522234046
534.9000000000534 0.4808405510939169
535.0000000000534 0.48078027356219505
535.1000000000535 0.4804474973068171
535.2000000000535 0.4801146832711075
535.3000000000535 0.47978183145694114
535.4000000000535 0.4794489418679061
535.5000000000535 0.4791160145059338
535.6000000000536 0.4788914940055242
535.7000000000536 0.4786667848877602
535.8000000000536 0.4784418871288009
535.9000000000536 0.47821680070651396
536.0000000000537 0.4779915255974829
536.1000000000537 0.47749727143972615
536.2000000000537 0.47700293444042646
536.3000000000537 0.4765085145984113
536.4000000000538 0.4760140119125025
536.5000000000538 0.47551942638038963
536.6000000000538 0.47502475800089244
536.7000000000538 0.4745300067733891
536.8000000000538 0.4740351726955632
536.9000000000539 0.47354025576566233
537.0000000000539 0.4730452559835516
537.1000000000539 0.47242690776929036
537.2000000000539 0.4718084551350437
537.300000000054 0.47118989807698974
537.400000000054 0.470571236593543
537.500000000054 0.46995247068037355
537.600000000054 0.4694397844076022
537.700000000054 0.4689267136210499
537.8000000000541 0.4684132582459363
537.9000000000541 0.4678994182091453
538.0000000000541 0.467385193435635
538.1000000000541 0.4664047323648394
538.2000000000542 0.46542413587508996
538.3000000000542 0.464443403968466
538.4000000000542 0.46346253664648807
538.5000000000542 0.4624815339117729
538.6000000000543 0.46150104176924955
538.7000000000543 0.4605208258769509
538.8000000000543 0.4595406696961452
538.9000000000543 0.4585603743246987
539.0000000000543 0.4575797583271514
539.1000000000544 0.4564634392255783
539.2000000000544 0.4553464995783119
539.3000000000544 0.4542288099033077
539.4000000000544 0.4531102576520104
539.5000000000545 0.4519907470187046
539.6000000000545 0.45087018019652914
539.7000000000545 0.44974850104186315
539.8000000000545 0.44862566905809587
539.9000000000545 0.4475016592110864
540.0000000000546 0.44637646174079365
540.1000000000546 0.4448212870873314
540.2000000000546 0.44326483719993404
540.3000000000546 0.44170715005869504
540.4000000000547 0.4401482780069498
540.5000000000547 0.4385882874902327
540.6000000000547 0.4369284955623222
540.7000000000547 0.43526846528929364
540.8000000000548 0.433608304423448
540.9000000000548 0.43194813366217016
541.0000000000548 0.43028808637233096
541.1000000000548 0.4288263249877383
541.2000000000548 0.42736436118105114
541.3000000000549 0.42590236462007186
541.4000000000549 0.42444051687572293
541.5000000000549 0.4229790111797186
541.6000000000549 0.4215180521889897
541.700000000055 0.42005704309326314
541.800000000055 0.41859598091140354
541.900000000055 0.41713486227872676
542.000000000055 0.41567368345173367
542.100000000055 0.4138858800275498
542.2000000000551 0.4120977605919838
542.3000000000551 0.41030932028800926
542.4000000000551 0.4085205539276379
542.5000000000551 0.40673145600154803
542.6000000000552 0.40503365320187446
542.7000000000552 0.40333473050751883
542.8000000000552 0.4016346820588904
542.9000000000552 0.399933502493194
543.0000000000553 0.39823118693721227
543.1000000000553 0.3961374985049352
543.2000000000553 0.39404378431347
543.3000000000553 0.39195004121064075
543.4000000000553 0.38985626651116767
543.5000000000554 0.3877624579865447
543.6000000000554 0.3856680737820245
543.7000000000554 0.38357331318184373
543.8000000000554 0.3814783585491641
543.9000000000555 0.3793833756811643
544.0000000000555 0.3772885141608223
544.1000000000555 0.3754831807159605
544.2000000000555 0.3736781877115138
544.3000000000555 0.3718736393182686
544.4000000000556 0.37006962519324255
544.5000000000556 0.3682662207843847
544.6000000000556 0.36646348763169023
544.7000000000556 0.36466147365463863
544.8000000000557 0.36286021347906205
544.9000000000557 0.36105972872796027
545.0000000000557 0.3592600283218681
545.1000000000557 0.35713058076309884
545.2000000000558 0.35500178513874875
545.3000000000558 0.3528736116733517
545.4000000000558 0.35074601918768133
545.5000000000558 0.3486189554570015
545.6000000000558 0.34649235756418667
545.7000000000559 0.34436613266606775
545.8000000000559 0.3422401921660287
545.9000000000559 0.3401144376411388
546.0000000000559 0.33798876120750426
546.100000000056 0.33603339377204255
546.200000000056 0.3340777776572409
546.300000000056 0.3321217787731899
546.400000000056 0.3301652547424043
546.500000000056 0.3282080552426691
546.6000000000561 0.32625002234463246
546.7000000000561 0.32429161844897814
546.8000000000561 0.3223328435328968
546.9000000000561 0.3203736975747215
547.0000000000562 0.3184141805516029
547.1000000000562 0.3164097017798511
547.2000000000562 0.31440405326780496
547.3000000000562 0.3123972348669216
547.4000000000563 0.31038924642901844
547.5000000000563 0.3083800878047609
547.6000000000563 0.30630061649431656
547.7000000000563 0.3042209136182946
547.8000000000563 0.30214097918464783
547.9000000000564 0.30006081320132355
548.0000000000564 0.29798041567703454
548.1000000000564 0.29601706873696515
548.2000000000564 0.2940534605910812
548.3000000000565 0.2920895912417873
548.4000000000565 0.29012546069287687
548.5000000000565 0.2881610689474355
548.6000000000565 0.2861964160085439
548.7000000000565 0.2842315018796144
548.8000000000566 0.2822663265637094
548.9000000000566 0.28030089006421854
549.0000000000566 0.27833519238403015
549.1000000000566 0.27667460996980736
549.2000000000567 0.27501378379465535
549.3000000000567 0.27335271385593335
549.4000000000567 0.2716914001509962
549.5000000000567 0.270029842677868
549.6000000000568 0.2684286211264767
549.7000000000568 0.26682640544278163
549.8000000000568 0.2652231954589475
549.9000000000568 0.2636189910074439
550.0000000000568 0.2620137919200233
550.1000000000569 0.26025796401928114
550.2000000000569 0.25850181164629626
550.3000000000569 0.25674533478634304
550.4000000000569 0.2549885334249927
550.500000000057 0.25323140754720475
550.600000000057 0.251473957138835
550.700000000057 0.24971618218512742
550.800000000057 0.24795808267132188
550.900000000057 0.24619965858265327
551.0000000000571 0.24444090990479578
551.1000000000571 0.2429515434438164
551.2000000000571 0.24146190789766894
551.3000000000571 0.23997200325243317
551.4000000000572 0.23848182949417773
551.5000000000572 0.2369913866083986
551.6000000000572 0.23550067458115123
551.7000000000572 0.23400969339847932
551.8000000000573 0.23251844304613994
551.9000000000573 0.2310269235101585
552.0000000000573 0.22953513477594029
552.1000000000573 0.22792806310294514
552.2000000000573 0.22632091469821344
552.3000000000574 0.22471368958164634
552.4000000000574 0.22310638777313127
552.5000000000574 0.22149900929201766
552.6000000000574 0.21989155415817518
552.7000000000575 0.21828402239120176
552.8000000000575 0.21667641401094476
552.9000000000575 0.21506872903672816
553.0000000000575 0.21346096748879967
553.1000000000575 0.21170103286229777
553.2000000000576 0.20994068980133582
553.3000000000576 0.20817993827009532
553.4000000000576 0.20641877823299676
553.5000000000576 0.20465720965444723
553.6000000000577 0.20289523249836022
553.7000000000577 0.2011328467291283
553.8000000000577 0.19937005231113036
553.9000000000577 0.1976068492082643
554.0000000000578 0.19584323738465162
554.1000000000578 0.19405913795499732
554.2000000000578 0.19227471783006422
554.3000000000578 0.19048997699782877
554.4000000000578 0.18870491544603074
554.5000000000579 0.18691953316287158
554.6000000000579 0.1851755739530273
554.7000000000579 0.18343048856478011
554.8000000000579 0.18168427676923601
554.900000000058 0.17993693833704552
555.000000000058 0.1781884730384221
555.100000000058 0.17607276859093157
555.200000000058 0.17395675927704415
555.300000000058 0.17184044509555566
555.4000000000581 0.16972382604503536
555.5000000000581 0.16760690212344342
555.6000000000581 0.16548967332953574
555.7000000000581 0.16337213966184963
555.8000000000582 0.1612543011183355
555.9000000000582 0.15913615769789755
556.0000000000582 0.15701770939841012
556.1000000000582 0.15478443784460502
556.2000000000583 0.15255185199121327
556.3000000000583 0.15031995204474466
556.4000000000583 0.14808873821151441
556.5000000000583 0.14585821069801982
556.6000000000583 0.14366076221568969
556.7000000000584 0.1414630093707763
556.8000000000584 0.13926495216362145
556.9000000000584 0.13706659059439885
557.0000000000584 0.13486792466370814
557.1000000000585 0.13257189656841312
557.2000000000585 0.13027543433276553
557.3000000000585 0.12797853793487213
557.4000000000585 0.12568120735298224
557.5000000000585 0.12338344256518173
557.6000000000586 0.12108524354955034
557.7000000000586 0.1187866102841612
557.8000000000586 0.11648754274735627
557.9000000000586 0.11418804091690986
558.0000000000587 0.1118881047711945
558.1000000000587 0.10968046424386033
558.2000000000587 0.10747249618974135
558.3000000000587 0.1052642006099521
558.4000000000588 0.10305557750483926
558.5000000000588 0.10084662687549048
558.6000000000588 0.0986373487226065
558.7000000000588 0.09642774304676892
558.8000000000588 0.09421780984878651
558.9000000000589 0.09200754912934359
559.0000000000589 0.08979696088927057
559.1000000000589 0.08766386272401186
559.2000000000589 0.08553049837526422
559.300000000059 0.08339686784774566
559.400000000059 0.08126297114636039
559.500000000059 0.07912880827560145
559.600000000059 0.07697701861369023
559.700000000059 0.07482592545048238
559.8000000000591 0.07267552897062668
559.9000000000591 0.07052582935893573
560.0000000000591 0.06837682680009682
560.1000000000591 0.06632998129041416
560.2000000000592 0.06428246847848747
560.3000000000592 0.06223428825262442
560.4000000000592 0.060185440500955416
560.5000000000592 0.05813592511152641
560.6000000000593 0.05608574197257673
560.7000000000593 0.054034890972118825
560.8000000000593 0.051983371998282506
560.9000000000593 0.049931184939113006
561.0000000000593 0.04787832968289979
561.1000000000594 0.046262392203579555
561.2000000000594 0.04464635972790366
561.3000000000594 0.043030232279066834
561.4000000000594 0.04141400988046881
561.5000000000595 0.03979769255534111
561.6000000000595 0.038172661527924805
561.7000000000595 0.03654826542057818
561.8000000000595 0.03492450432094744
561.9000000000595 0.03330137831638942
562.0000000000596 0.03167888749467363
562.1000000000596 0.03044604525066134
562.2000000000596 0.029212985462598165
562.3000000000596 0.027979708123160456
562.4000000000597 0.026746213224845522
562.5000000000597 0.02551250076028016
562.6000000000597 0.024278570722018784
562.7000000000597 0.023044423102612743
562.8000000000598 0.021810057894610203
562.9000000000598 0.02057547509055625
563.0000000000598 0.019340674683257786
563.1000000000598 0.018510528014651067
563.2000000000598 0.01768020755112885
563.3000000000599 0.01684971328044514
563.4000000000599 0.016019045190393388
563.5000000000599 0.015188203268742704
563.6000000000599 0.014357187503259775
563.70000000006 0.013525997881724873
563.80000000006 0.012694634391896874
563.90000000006 0.011863097021532218
564.00000000006 0.011031385758571589
564.10000000006 0.010510649358762768
564.2000000000601 0.00999008364000571
564.3000000000601 0.009469688647934236
564.4000000000601 0.008949464428201308
564.5000000000601 0.00842941102643398
564.6000000000602 0.00791131837929448
564.7000000000602 0.0073931621815741325
564.8000000000602 0.0068749424357514915
564.9000000000602 0.006356659144313627
565.0000000000603 0.005838312309893731
565.1000000000603 0.00555333268004552
565.2000000000603 0.005268275880519438
565.3000000000603 0.0049831419010298965
565.4000000000603 0.0046979307312966
565.5000000000604 0.004412642361042862
565.6000000000604 0.0041272767799890335
565.7000000000604 0.0038418339778433677
565.8000000000604 0.003556313944322289
565.9000000000605 0.003270716669135362
566.0000000000605 0.0029850421420782305
566.1000000000605 0.0028443191797184694
566.2000000000605 0.0027035742531862418
566.3000000000605 0.0025628073626930816
566.4000000000606 0.002422018508460151
566.5000000000606 0.002281207690704907
566.6000000000606 0.002140374909649555
566.7000000000606 0.001999520165505156
566.8000000000607 0.0018586434584903888
566.9000000000607 0.0017177447888229347
567.0000000000607 0.0015768241567761102
567.1000000000607 0.0015353274024672483
567.2000000000608 0.0014938217178274017
567.3000000000608 0.0014523071021988832
567.4000000000608 0.0014107835549255583
567.5000000000608 0.0013692510753493552
567.6000000000608 0.0013277096628105092
567.7000000000609 0.001286159316653906
567.8000000000609 0.0012446000362194931
567.9000000000609 0.0012030318208501496
568.0000000000609 0.0011614546698799119
568.100000000061 0.0011081523235005764
568.200000000061 0.0010548662961441227
568.300000000061 0.0010015965930552611
568.400000000061 0.0009483432194798183
568.500000000061 0.0008951061806633556
568.6000000000611 0.0008418854818511781
568.7000000000611 0.0007886811282873883
568.8000000000611 0.0007354931252178249
568.9000000000611 0.0006823214778861933
569.0000000000612 0.0006291661915527074
569.1000000000612 0.0006018035836952963
569.2000000000612 0.0005744340483731164
569.3000000000612 0.0005470575848641288
569.4000000000613 0.0005196741924461899
569.5000000000613 0.0004922838703970505
569.6000000000613 0.0004648866179954612
569.7000000000613 0.0004374824345177286
569.8000000000613 0.00041007131924177643
569.9000000000614 0.0003826532714452919
570.0000000000614 0.0003552282903999787
570.1000000000614 0.00031980032481080653
570.2000000000614 0.0002843512873370827
570.3000000000615 0.0002488811746474374
570.4000000000615 0.00021338998341144575
570.5000000000615 0.0001778777102981265
570.6000000000615 0.00014231211820078912
570.7000000000616 0.00010674155107089038
570.8000000000616 7.116600895778737e-05
570.9000000000616 3.5585491910530015e-05
571.0000000000616 1.3427420580867868e-14
571.1000000000616 2.1793749883330517e-05
571.2000000000617 4.3592401771080454e-05
571.3000000000617 6.539595603690334e-05
571.4000000000617 8.720441304129115e-05
571.5000000000617 0.00010901777314487229
571.6000000000618 0.00013083603670797214
571.7000000000618 0.0001526592040914926
571.8000000000618 0.00017448727565598076
571.9000000000618 0.0001963202517624049
572.0000000000618 0.00021815813276429422
572.1000000000619 0.00022854422726214008
572.2000000000619 0.00023893226982527686
572.3000000000619 0.0002493222605209505
572.4000000000619 0.0002597141994158657
572.500000000062 0.0002701080865773427
572.600000000062 0.0002805039220724432
572.700000000062 0.0002909017059682536
572.800000000062 0.0003013014383322425
572.900000000062 0.00031170311923121315
573.0000000000621 0.0003221067487096699
573.1000000000621 0.0002953871578296669
573.2000000000621 0.0002686487605643455
573.3000000000621 0.0002418915516762846
573.4000000000622 0.0002151155259257203
573.5000000000622 0.00018832067807332304
573.6000000000622 0.00016147047109798239
573.7000000000622 0.00013461358397653017
573.8000000000623 0.00010775001600147501
573.9000000000623 8.087976646541545e-05
574.0000000000623 5.400283467906214e-05
574.1000000000623 5.71774418196192e-05
574.2000000000623 6.035313966137831e-05
574.3000000000624 6.352992840186466e-05
574.4000000000624 6.670780823877557e-05
574.5000000000624 6.988677936968695e-05
574.6000000000624 7.306684199244851e-05
574.7000000000625 7.624799630460791e-05
574.8000000000625 7.94302425040883e-05
574.9000000000625 8.261358078867639e-05
575.0000000000625 8.579801135956545e-05
575.1000000000626 9.45497849456331e-05
575.2000000000626 0.00010330723473447923
575.3000000000626 0.00011207036197743375
575.4000000000626 0.00012083916792545382
575.5000000000626 0.00012961365382966624
575.6000000000627 0.00013836255256821406
575.7000000000627 0.0001471131786806142
575.8000000000627 0.0001558655322474088
575.9000000000627 0.00016461961334881376
576.0000000000628 0.00017337542205914946
576.1000000000628 0.00017211509494842721
576.2000000000628 0.0001708538785006385
576.3000000000628 0.00016959177248602734
576.4000000000628 0.00016832877667420385
576.5000000000629 0.00016706489083552595
576.6000000000629 0.00016576269652355776
576.7000000000629 0.00016446019975881743
576.8000000000629 0.000163157400516128
576.900000000063 0.00016185429877011055
577.000000000063 0.0001605508944954699
577.100000000063 0.0001596871471905832
577.200000000063 0.0001588227792205163
577.300000000063 0.00015795779042142088
577.4000000000631 0.00015709218062961584
577.5000000000631 0.0001562259496811917
577.6000000000631 0.00015532407507315234
577.7000000000631 0.00015442198578556702
577.8000000000632 0.00015351968179980457
577.9000000000632 0.00015261716309741122
578.0000000000632 0.00015171442966994278
578.1000000000632 0.00016694627915284286
578.2000000000633 0.00018218621791692103
578.3000000000633 0.00019743424652951018
578.4000000000633 0.00021269036555814232
578.5000000000633 0.00022795457557042603
578.6000000000633 0.00024317210864016113
578.7000000000634 0.00025839087852586696
578.8000000000634 0.0002736108849584487
578.9000000000634 0.00028883212766912564
579.0000000000634 0.0003040546063698679
579.1000000000635 0.00028772920156523696
579.2000000000635 0.00027139928537177506
579.3000000000635 0.0002550648600848041
579.4000000000635 0.00023872592799966454
579.5000000000636 0.0002223824914108991
579.6000000000636 0.0002059882110599924
579.7000000000636 0.00018959680600710082
579.8000000000636 0.0001732082766068288
579.9000000000636 0.00015682262321351978
580.0000000000637 0.00014043984619465752
580.1000000000637 0.00014484734732599715
580.2000000000637 0.0001492556971556209
580.3000000000637 0.00015366489571958308
580.4000000000638 0.0001580749430539491
580.5000000000638 0.00016248583919481862
580.6000000000638 0.00016693513144128906
580.7000000000638 0.00017138725798571293
580.8000000000638 0.00017584221943685486
580.9000000000639 0.0001803000164041279
581.0000000000639 0.00018476064949971553
581.1000000000639 0.00019412300796339103
581.2000000000639 0.00020348804992481262
581.300000000064 0.000212855775735215
581.400000000064 0.00022222618574609422
581.500000000064 0.00023159928030956902
581.600000000064 0.00024102921147586823
581.700000000064 0.0002504660429378478
581.8000000000641 0.00025990977685816813
581.9000000000641 0.00026936041539928296
582.0000000000641 0.000278817960708266
582.1000000000641 0.0002632515740098777
582.2000000000642 0.00024768223838443745
582.3000000000642 0.0002321099537822597
582.4000000000642 0.00021653472015479167
582.5000000000642 0.0002009565374528592
582.6000000000643 0.00018541701626809945
582.7000000000643 0.0001698675496899635
582.8000000000643 0.00015430813568286392
582.9000000000643 0.00013873877221189806
583.0000000000643 0.00012315945724400762
583.1000000000644 0.00011173942621280829
583.2000000000644 0.00010031680865389898
583.3000000000644 8.889160435965692e-05
583.4000000000644 7.746381312237019e-05
583.5000000000645 6.603343473400454e-05
583.6000000000645 5.4600392514722526e-05
583.7000000000645 4.3164755897005486e-05
583.8000000000645 3.172657035508352e-05
583.9000000000646 2.0285859364676327e-05
584.0000000000646 8.842626375641086e-06
584.1000000000646 1.3422770424785574e-05
584.2000000000646 1.800341422207853e-05
584.3000000000646 2.2584579219724432e-05
584.4000000000647 2.7166291309834047e-05
584.5000000000647 3.1748580035873067e-05
584.6000000000647 3.633962537102803e-05
584.7000000000647 4.093337108813405e-05
584.8000000000648 4.5529853148725186e-05
584.9000000000648 5.0129107840673275e-05
585.0000000000648 5.473117101121203e-05
585.1000000000648 6.0481620653421004e-05
585.2000000000648 6.623294954069656e-05
585.3000000000649 7.198519519675042e-05
585.4000000000649 7.77383911643563e-05
585.5000000000649 8.349256604160249e-05
585.6000000000649 8.924774252071648e-05
585.700000000065 9.500393641889827e-05
585.800000000065 0.00010076115571581182
585.900000000065 0.00010651939958833055
586.000000000065 0.00011227865743455287
586.100000000065 0.00010105626843585639
586.2000000000651 8.983269076238378e-05
586.3000000000651 7.860788271377092e-05
586.4000000000651 6.738181807674972e-05
586.5000000000651 5.6154488008386005e-05
586.6000000000652 4.4925902918857555e-05
586.7000000000652 3.369615955750704e-05
586.8000000000652 2.246526008742109e-05
586.9000000000652 1.1233206386956376e-05
587.0000000000653 0.0
587.1000000000653 0.0
587.2000000000653 0.0
587.3000000000653 0.0
587.4000000000653 0.0
587.5000000000654 0.0
587.6000000000654 0.0
587.7000000000654 0.0
587.8000000000654 0.0
587.9000000000655 0.0
588.0000000000655 6.145597586492313e-15
588.1000000000655 9.379947500168727e-06
588.2000000000655 1.8749909428166233e-05
588.3000000000656 2.8109881890788936e-05
588.4000000000656 3.74598612703734e-05
588.5000000000656 4.6799844182613025e-05
588.6000000000656 5.6142649301267746e-05
588.7000000000656 6.547984760928151e-05
588.8000000000657 7.48114186276126e-05
588.9000000000657 8.413731293364208e-05
589.0000000000657 9.345745536949292e-05
589.1000000000657 8.4125908453933e-05
589.2000000000658 7.479105121722547e-05
589.3000000000658 6.5452903281796e-05
589.4000000000658 5.611151008005173e-05
589.5000000000658 4.676693969611574e-05
589.6000000000658 3.741082183068369e-05
589.7000000000659 2.8055944567152384e-05
589.8000000000659 1.8702427905168552e-05
589.9000000000659 9.350401193279915e-06
590.0000000000659 9.03057361586709e-15
590.100000000066 1.3703391442844677e-05
590.200000000066 2.7422481582960484e-05
590.300000000066 4.1157078440445456e-05
590.400000000066 5.4906998764267924e-05
590.500000000066 6.867207266697549e-05
590.6000000000661 8.245214826261647e-05
590.7000000000661 9.624710179921541e-05
590.8000000000661 0.00011005683557754908
590.9000000000661 0.00012388128496793326
591.0000000000662 0.000137720423163304
591.1000000000662 0.00012393762497423576
591.2000000000662 0.00011015713246550037
591.3000000000662 9.637905363660485e-05
591.4000000000663 8.260345847668097e-05
591.5000000000663 6.883037430148728e-05
591.6000000000663 5.504736346205301e-05
591.7000000000663 4.127281795918156e-05
591.8000000000663 2.7506740261768924e-05
591.9000000000664 1.3749133191321136e-05
592.0000000000664 0.0
592.1000000000664 0.0
592.2000000000664 0.0
592.3000000000665 0.0
592.4000000000665 0.0
592.5000000000665 0.0
592.6000000000665 0.0
592.7000000000666 0.0
592.8000000000666 0.0
592.9000000000666 0.0
593.0000000000666 5.10551568347516e-15
593.1000000000666 7.665920337583675e-06
593.2000000000667 1.5336517249635166e-05
593.3000000000667 2.3011790597336377e-05
593.4000000000667 3.0691740002012685e-05
593.5000000000667 3.837636488862671e-05
593.6000000000668 4.603445215089184e-05
593.7000000000668 5.3686706867109294e-05
593.8000000000668 6.133314150329559e-05
593.9000000000668 6.897379225797887e-05
594.0000000000668 7.660871640882856e-05
594.1000000000669 7.53540386794178e-05
594.2000000000669 7.410136477539336e-05
594.3000000000669 7.28507304494066e-05
594.4000000000669 7.160216367577447e-05
594.500000000067 7.035568508513779e-05
594.600000000067 6.92053189205406e-05
594.700000000067 6.805385163358523e-05
594.800000000067 6.690128327868033e-05
594.900000000067 6.574760839125651e-05
595.0000000000671 6.459281637516973e-05
595.1000000000671 6.940531943443648e-05
595.2000000000671 7.422568796982479e-05
595.3000000000671 7.905398694835336e-05
595.4000000000672 8.389027400124694e-05
595.5000000000672 8.87345977958877e-05
595.6000000000672 9.354486856171403e-05
595.7000000000672 9.835891829859592e-05
595.8000000000673 0.00010317675417229879
595.9000000000673 0.00010799836736942843
596.0000000000673 0.00011282373143986026
596.1000000000673 0.00011376639881523108
596.2000000000673 0.00011470955676356395
596.3000000000674 0.00011565311583487405
596.4000000000674 0.0001165969756709382
596.5000000000674 0.00011754102468272031
596.6000000000674 0.00011845848389926614
596.7000000000675 0.00011937591132161637
596.8000000000675 0.00012029330742365523
596.9000000000675 0.00012121067282641259
597.0000000000675 0.00012212800830158714
597.1000000000676 0.00012116671547019252
597.2000000000676 0.00012020508477416867
597.3000000000676 0.00011924311757718307
597.4000000000676 0.00011828081531758276
597.5000000000676 0.00011731817950364055
597.6000000000677 0.00011638141304709694
597.7000000000677 0.00011544387278171459
597.8000000000677 0.00011450556006098326
597.9000000000677 0.00011356647607207689
598.0000000000678 0.00011262662184015961
598.1000000000678 0.00011195349693528061
598.2000000000678 0.0001112802180957463
598.3000000000678 0.0001106067862001916
598.4000000000678 0.00010993320199249001
598.5000000000679 0.00010925946608490535
598.6000000000679 0.00010858588300456095
598.7000000000679 0.00010791233952547236
598.8000000000679 0.00010723873239789452
598.900000000068 0.00010656496811622775
599.000000000068 0.00010589096268849189
599.100000000068 0.00010061508320698583
599.200000000068 9.533542188014216e-05
599.300000000068 9.005195808661258e-05
599.4000000000681 8.476468943902036e-05
599.5000000000681 7.947363000713032e-05
599.6000000000681 7.416213983474064e-05
599.7000000000681 6.884931566334821e-05
599.8000000000682 6.353521238683278e-05
599.9000000000682 5.821989380313826e-05
600.0000000000682 5.2903430839753276e-05
600.1000000000682 5.291882396896299e-05
600.2000000000683 5.2933960170732246e-05
600.3000000000683 5.294884453731627e-05
600.4000000000683 5.2963485714339294e-05
600.5000000000683 5.297789590551012e-05
600.6000000000683 5.2980198575752986e-05
600.7000000000684 5.2982307427423574e-05
600.8000000000684 5.298424637009817e-05
600.9000000000684 5.298604291947169e-05
601.0000000000684 5.298772819743219e-05
601.1000000000685 5.299108005146028e-05
601.2000000000685 5.299439384993069e-05
601.3000000000685 5.2997711536356494e-05
601.4000000000685 5.300107866855148e-05
601.5000000000686 5.3004544420155546e-05
601.6000000000686 5.30081615835745e-05
601.7000000000686 5.3011781459683196e-05
601.8000000000686 5.3015403699542186e-05
601.9000000000686 5.30190279002217e-05
602.0000000000687 5.302265360522718e-05
602.1000000000687 5.3041974232910235e-05
602.2000000000687 5.306129929395276e-05
602.3000000000687 5.308062817028326e-05
602.4000000000688 5.3099960189002284e-05
602.5000000000688 5.3119294622211106e-05
602.6000000000688 5.3126721053724316e-05
602.7000000000688 5.31341493800247e-05
602.8000000000688 5.314157887404739e-05
602.9000000000689 5.314900886217697e-05
603.0000000000689 5.315643872428762e-05
603.1000000000689 5.316424882798942e-05
603.2000000000689 5.3172057813836053e-05
603.300000000069 5.317986522243023e-05
603.400000000069 5.318767064795012e-05
603.500000000069 5.3195473738199644e-05
603.600000000069 5.32151286599548e-05
603.700000000069 5.323473622104171e-05
603.8000000000691 5.325432097223198e-05
603.9000000000691 5.327390571809799e-05
604.0000000000691 5.329351151371448e-05
604.1000000000691 5.329958466997178e-05
604.2000000000692 5.330571190575723e-05
604.3000000000692 5.331190895414381e-05
604.4000000000692 5.331818977139943e-05
604.5000000000692 5.33245665357408e-05
604.6000000000693 5.334299389054874e-05
604.7000000000693 5.336153916458298e-05
604.8000000000693 5.3380209277427284e-05
604.9000000000693 5.339900937098775e-05
605.0000000000693 5.3417942806557936e-05
605.1000000000694 5.3423861687115134e-05
605.2000000000694 5.34299117018007e-05
605.3000000000694 5.343609075502463e-05
605.4000000000694 5.3442394961335367e-05
605.5000000000695 5.344881864454954e-05
605.6000000000695 5.3467313028337126e-05
605.7000000000695 5.34859100861922e-05
605.8000000000695 5.3504597924769445e-05
605.9000000000696 5.35233627882038e-05
606.0000000000696 5.354218905423346e-05
606.1000000000696 5.355256696821443e-05
606.2000000000696 5.356296744537043e-05
606.3000000000696 5.3573369244695336e-05
606.4000000000697 5.358374926034447e-05
606.5000000000697 5.3594082519699755e-05
606.6000000000697 5.361632080575464e-05
606.7000000000697 5.3638565129186805e-05
606.8000000000698 5.366081549098803e-05
606.9000000000698 5.368307189233796e-05
607.0000000000698 5.3705334334469216e-05
607.1000000000698 5.3713388187579566e-05
607.2000000000698 5.372144278061376e-05
607.3000000000699 5.372949811364462e-05
607.4000000000699 5.373755418668243e-05
607.5000000000699 5.374561099993376e-05
607.6000000000699 5.376566714001501e-05
607.70000000007 5.378572761781546e-05
607.80000000007 5.380579243386131e-05
607.90000000007 5.382586158880422e-05
608.00000000007 5.384593508309862e-05
608.10000000007 5.3852794377707737e-05
608.2000000000701 5.385965411891239e-05
608.3000000000701 5.386651430688633e-05
608.4000000000701 5.387337494155251e-05
608.5000000000701 5.3880236023093016e-05
608.6000000000702 5.389911251187115e-05
608.7000000000702 5.3917992507481365e-05
608.8000000000702 5.393687601035354e-05
608.9000000000702 5.39557630207294e-05
609.0000000000703 5.397465353896823e-05
609.1000000000703 5.39823407374245e-05
609.2000000000703 5.399002852765971e-05
609.3000000000703 5.399771690954627e-05
609.4000000000703 5.400540588327064e-05
609.5000000000704 5.401309544883927e-05
609.6000000000704 5.403281696168426e-05
609.7000000000704 5.405254249222309e-05
609.8000000000704 5.4072272040868856e-05
609.9000000000705 5.409200560809743e-05
610.0000000000705 5.411174319438479e-05
610.1000000000705 5.4131466299921894e-05
610.2000000000705 5.415119348428983e-05
610.3000000000706 5.4170924747957224e-05
610.4000000000706 5.4190660091518346e-05
610.5000000000706 5.421039951537052e-05
610.6000000000706 5.4218094554672585e-05
610.7000000000706 5.422579025503148e-05
610.8000000000707 5.423348661658196e-05
610.9000000000707 5.424118363926994e-05
611.0000000000707 5.4248881323238645e-05
611.1000000000707 5.426850088176016e-05
611.2000000000708 5.42881244081085e-05
611.3000000000708 5.43077519028941e-05
611.4000000000708 5.432738336653834e-05
611.5000000000708 5.434701879945416e-05
611.6000000000708 5.435459280979369e-05
611.7000000000709 5.436216742752221e-05
611.8000000000709 5.4369742652826904e-05
611.9000000000709 5.437731848576907e-05
612.0000000000709 5.4384894926288945e-05
612.100000000071 5.439948940370646e-05
612.200000000071 5.44140846908202e-05
612.300000000071 5.442868078742441e-05
612.400000000071 5.4443277693439485e-05
612.500000000071 5.445787540865123e-05
612.6000000000711 5.446039845653416e-05
612.7000000000711 5.446292119459283e-05
612.8000000000711 5.446544362280927e-05
612.9000000000711 5.4467965741228603e-05
613.0000000000712 5.447048754997036e-05
613.1000000000712 5.448898981690955e-05
613.2000000000712 5.4507495194371794e-05
613.3000000000712 5.452600368252012e-05
613.4000000000713 5.454451528164379e-05
613.5000000000713 5.4563029991779614e-05
613.6000000000713 5.458154781327993e-05
613.7000000000713 5.460006874630781e-05
613.8000000000713 5.4618592791026225e-05
613.9000000000714 5.463711994766136e-05
614.0000000000714 5.465565021643064e-05
614.1000000000714 5.466219605399697e-05
614.2000000000714 5.4668742258990104e-05
614.3000000000715 5.467528883132824e-05
614.4000000000715 5.468183577111896e-05
614.5000000000715 5.468838307841536e-05
614.6000000000715 5.470703140164216e-05
614.7000000000716 5.472568298984073e-05
614.8000000000716 5.4744337843190804e-05
614.9000000000716 5.476299596206172e-05
615.0000000000716 5.478165734668689e-05
615.1000000000716 5.478700830198404e-05
615.2000000000717 5.4792359368532904e-05
615.3000000000717 5.4797710546300946e-05
615.4000000000717 5.480306183544513e-05
615.5000000000717 5.480841323594173e-05
615.6000000000718 5.4825878286967816e-05
615.7000000000718 5.48433458147479e-05
615.8000000000718 5.486081581934063e-05
615.9000000000718 5.487828830086768e-05
616.0000000000719 5.489576325950586e-05
616.1000000000719 5.490158699433798e-05
616.2000000000719 5.490741086383173e-05
616.3000000000719 5.491323486808206e-05
616.4000000000719 5.491905900705736e-05
616.500000000072 5.492488328073465e-05
616.600000000072 5.494283367330509e-05
616.700000000072 5.496078677213116e-05
616.800000000072 5.497874257747734e-05
616.900000000072 5.4996701089418216e-05
617.0000000000721 5.501466230801938e-05
617.1000000000721 5.502017063033537e-05
617.2000000000721 5.50256791041068e-05
617.3000000000721 5.503118772943197e-05
617.4000000000722 5.5036696506219256e-05
617.5000000000722 5.5042205434639134e-05
617.6000000000722 5.505985293011568e-05
617.7000000000722 5.507750300691976e-05
617.8000000000723 5.5095155665076654e-05
617.9000000000723 5.51128109047382e-05
618.0000000000723 5.513046872611053e-05
618.1000000000723 5.513547715933567e-05
618.2000000000724 5.514048556129594e-05
618.3000000000724 5.514549393195647e-05
618.4000000000724 5.5150502271345784e-05
618.5000000000724 5.515551057942899e-05
618.6000000000724 5.516051885636152e-05
618.7000000000725 5.516552710204504e-05
618.8000000000725 5.517053531657168e-05
618.9000000000725 5.517554349996994e-05
619.0000000000725 5.518055165221436e-05
619.1000000000726 5.519833703025064e-05
619.2000000000726 5.52161250617994e-05
619.3000000000726 5.523391574702711e-05
619.4000000000726 5.5251709086036704e-05
619.5000000000726 5.526950507898579e-05
619.6000000000727 5.527514197860099e-05
619.7000000000727 5.5280779051907206e-05
619.8000000000727 5.528641629887702e-05
619.9000000000727 5.5292053719609875e-05
620.0000000000728 5.529769131408541e-05
620.1000000000728 5.531306766006657e-05
620.2000000000728 5.532844519555473e-05
620.3000000000728 5.53438239203945e-05
620.4000000000729 5.535920383443045e-05
620.5000000000729 5.5374584937625384e-05
620.6000000000729 5.537779628561567e-05
620.7000000000729 5.538100741099357e-05
620.8000000000729 5.538421831386192e-05
620.900000000073 5.5387428994196696e-05
621.000000000073 5.539063945204067e-05
621.100000000073 5.539848694289138e-05
621.200000000073 5.540633502238257e-05
621.300000000073 5.5414183690633845e-05
621.4000000000731 5.5422032947637774e-05
621.5000000000731 5.542988279358652e-05
621.6000000000731 5.544991734553939e-05
621.7000000000731 5.5469955937479125e-05
621.8000000000732 5.5489998569801774e-05
621.9000000000732 5.5510045242966975e-05
622.0000000000732 5.553009595729807e-05
622.1000000000732 5.553760694782773e-05
622.2000000000733 5.554511853782284e-05
622.3000000000733 5.5552630727289e-05
622.4000000000733 5.556014351629548e-05
622.5000000000733 5.556765690504797e-05
622.6000000000734 5.558737180908227e-05
622.7000000000734 5.560709061237208e-05
622.8000000000734 5.5626813315396536e-05
622.9000000000734 5.564653991857109e-05
623.0000000000734 5.5666270422363876e-05
623.1000000000735 5.5670736242427966e-05
623.2000000000735 5.5675201932188125e-05
623.3000000000735 5.567966749167537e-05
623.4000000000735 5.568413292085699e-05
623.5000000000736 5.568859821976391e-05
623.6000000000736 5.569298538596911e-05
623.7000000000736 5.569732226115456e-05
623.8000000000736 5.570163477429177e-05
623.9000000000736 5.570594694102265e-05
624.0000000000737 5.5710280862432656e-05
624.1000000000737 5.57286424907535e-05
624.2000000000737 5.574706747061509e-05
624.3000000000737 5.576557221393947e-05
624.4000000000738 5.5784171230274954e-05
624.5000000000738 5.580287712362194e-05
624.6000000000738 5.5809477372370956e-05
624.7000000000738 5.581620251045337e-05
624.8000000000739 5.5823058557599956e-05
624.9000000000739 5.583004966758932e-05
625.0000000000739 5.583717812732614e-05
625.1000000000739 5.5843646549923294e-05
625.2000000000739 5.585025110091932e-05
625.300000000074 5.585698845404391e-05
625.400000000074 5.586385341168166e-05
625.500000000074 5.587083890380927e-05
625.600000000074 5.5890176499921464e-05
625.700000000074 5.590961802290268e-05
625.8000000000741 5.592915083563504e-05
625.9000000000741 5.594876041106519e-05
626.0000000000741 5.596843032875662e-05
626.1000000000741 5.597588879334559e-05
626.2000000000742 5.598336570453666e-05
626.3000000000742 5.5990838944522364e-05
626.4000000000742 5.5998284510184124e-05
626.5000000000742 5.60056765119933e-05
626.6000000000743 5.600073050022051e-05
626.7000000000743 5.5995778676987834e-05
626.8000000000743 5.599082141233378e-05
626.9000000000743 5.598585913284882e-05
627.0000000000744 5.5980892321766074e-05
627.1000000000744 5.5877581263230006e-05
627.2000000000744 5.577424215803629e-05
627.3000000000744 5.5670875656421356e-05
627.4000000000744 5.556748246017243e-05
627.5000000000745 5.546406332192353e-05
627.6000000000745 5.529925496536843e-05
627.7000000000745 5.513440223163409e-05
627.8000000000745 5.4969505882311724e-05
627.9000000000746 5.480456661411364e-05
628.0000000000746 5.463958506045842e-05
628.1000000000746 5.471104942142786e-05
628.2000000000746 5.4782539469456226e-05
628.3000000000746 5.4854055688989655e-05
628.4000000000747 5.492559851117624e-05
628.5000000000747 5.4997168313663864e-05
628.6000000000747 5.510579612284909e-05
628.7000000000747 5.5214565091011314e-05
628.8000000000748 5.532342451958584e-05
628.9000000000748 5.543232707580813e-05
629.0000000000748 5.5541228828832804e-05
629.1000000000748 5.5545326709763306e-05
629.2000000000749 5.554930817967604e-05
629.3000000000749 5.5553140569634764e-05
629.4000000000749 5.555679497880831e-05
629.5000000000749 5.5560246275942914e-05
629.6000000000749 5.557577723060647e-05
629.700000000075 5.559106597748244e-05
629.800000000075 5.560609929372017e-05
629.900000000075 5.562086766743759e-05
630.000000000075 5.563536530312291e-05
630.100000000075 5.568816591181277e-05
630.2000000000751 5.57407006398523e-05
630.3000000000751 5.579297431705584e-05
630.4000000000751 5.584499553442553e-05
630.5000000000751 5.5896776661444814e-05
630.6000000000752 5.593602128877548e-05
630.7000000000752 5.5975064226589466e-05
630.8000000000752 5.601393034768523e-05
630.9000000000752 5.605264840620692e-05
631.0000000000753 5.609125104992849e-05
631.1000000000753 5.611997511950808e-05
631.2000000000753 5.614866249486637e-05
631.3000000000753 5.6177357581721965e-05
631.4000000000754 5.620610869855696e-05
631.5000000000754 5.623496808631107e-05
631.6000000000754 5.62639919206149e-05
631.7000000000754 5.62930225142956e-05
631.8000000000754 5.632205950046533e-05
631.9000000000755 5.6351102454514283e-05
632.0000000000755 5.638015089357641e-05
632.1000000000755 5.640971677488549e-05
632.2000000000755 5.6439287621670546e-05
632.3000000000756 5.646886277626261e-05
632.4000000000756 5.649844152230159e-05
632.5000000000756 5.652802308463802e-05
632.6000000000756 5.654527897931175e-05
632.7000000000756 5.656253853196423e-05
632.8000000000757 5.6579800969258436e-05
632.9000000000757 5.659706557426224e-05
633.0000000000757 5.661433168647407e-05
633.1000000000757 5.663177757670764e-05
633.2000000000758 5.664922383314665e-05
633.3000000000758 5.666666996530393e-05
633.4000000000758 5.668411553941219e-05
633.5000000000758 5.670156017883639e-05
633.6000000000759 5.671892413718042e-05
633.7000000000759 5.6736235453747306e-05
633.8000000000759 5.675352030246507e-05
633.9000000000759 5.677080298963484e-05
634.0000000000759 5.678810595151621e-05
634.100000000076 5.679090847868623e-05
634.200000000076 5.6793768134506796e-05
634.300000000076 5.679670166949996e-05
634.400000000076 5.679972393677173e-05
634.500000000076 5.680284789175668e-05
634.6000000000761 5.681843374050367e-05
634.7000000000761 5.683414295077157e-05
634.8000000000761 5.684998286549065e-05
634.9000000000761 5.6865958932474054e-05
635.0000000000762 5.6882074701702e-05
635.1000000000762 5.688504958398247e-05
635.2000000000762 5.688816369052356e-05
635.3000000000762 5.68914147657134e-05
635.4000000000763 5.689479864917477e-05
635.5000000000763 5.689830927487315e-05
635.6000000000763 5.691429522622318e-05
635.7000000000763 5.693038845319171e-05
635.8000000000764 5.6946576276425735e-05
635.9000000000764 5.69628440374596e-05
636.0000000000764 5.697917509569833e-05
636.1000000000764 5.6985333438994335e-05
636.2000000000764 5.699151438051004e-05
636.3000000000765 5.6997695315739837e-05
636.4000000000765 5.700385166373816e-05
636.5000000000765 5.7009956866560896e-05
636.6000000000765 5.7028350280056605e-05
636.7000000000766 5.7046746464824146e-05
636.8000000000766 5.7065145420946325e-05
636.9000000000766 5.708354714857049e-05
637.0000000000766 5.7101951647769276e-05
637.1000000000766 5.7107164997553815e-05
637.2000000000767 5.711237844385681e-05
637.3000000000767 5.711759198671825e-05
637.4000000000767 5.712280562624265e-05
637.5000000000767 5.712801936235055e-05
637.6000000000768 5.714561309392593e-05
637.7000000000768 5.716320918178853e-05
637.8000000000768 5.7180807625986424e-05
637.9000000000768 5.719840842663197e-05
638.0000000000769 5.721601158369955e-05
638.1000000000769 5.7221769986495225e-05
638.2000000000769 5.7227528575566996e-05
638.3000000000769 5.723328735089049e-05
638.400000000077 5.723904631257034e-05
638.500000000077 5.724480546052714e-05
638.600000000077 5.7262956692003445e-05
638.700000000077 5.728111060317847e-05
638.800000000077 5.7299267194222695e-05
638.9000000000771 5.731742646517737e-05
639.0000000000771 5.733558841633415e-05
639.1000000000771 5.734345214793382e-05
639.2000000000771 5.735131644224478e-05
639.3000000000771 5.735918129919477e-05
639.4000000000772 5.736704671884085e-05
639.5000000000772 5.737491270130468e-05
639.6000000000772 5.738277924657873e-05
639.7000000000772 5.7390646354655424e-05
639.8000000000773 5.739851402572119e-05
639.9000000000773 5.740638225963916e-05
640.0000000000773 5.741425105660642e-05
640.1000000000773 5.743576399553227e-05
640.2000000000774 5.745728183831715e-05
640.3000000000774 5.747880458570792e-05
640.4000000000774 5.750033223845142e-05
640.5000000000774 5.752186479728506e-05
640.6000000000774 5.753097656606323e-05
640.7000000000775 5.754008930598363e-05
640.8000000000775 5.754920301715559e-05
640.9000000000775 5.755831769962368e-05
641.0000000000775 5.756743335356664e-05
641.1000000000776 5.758247719669203e-05
641.2000000000776 5.759752188082795e-05
641.3000000000776 5.761256740584784e-05
641.4000000000776 5.762761377162507e-05
641.5000000000776 5.764266097795858e-05
641.6000000000777 5.764527207288411e-05
641.7000000000777 5.7647882881462334e-05
641.8000000000777 5.765049340387327e-05
641.9000000000777 5.765310364003775e-05
642.0000000000778 5.765571359000695e-05
642.1000000000778 5.7659253192915674e-05
642.2000000000778 5.766279252526166e-05
642.3000000000778 5.7666331587088224e-05
642.4000000000779 5.766987037837394e-05
642.5000000000779 5.767340889923675e-05
642.6000000000779 5.768939093547344e-05
642.7000000000779 5.770537422793615e-05
642.800000000078 5.7721358776436435e-05
642.900000000078 5.7737344580915484e-05
643.000000000078 5.7753331641109974e-05
643.100000000078 5.775658960491718e-05
643.200000000078 5.7759847362900056e-05
643.3000000000781 5.7763104915103354e-05
643.4000000000781 5.7766362261571884e-05
643.5000000000781 5.7769619402285595e-05
643.6000000000781 5.7772876337354186e-05
643.7000000000781 5.7776133066757534e-05
643.8000000000782 5.77793895904757e-05
643.9000000000782 5.7782645908618396e-05
644.0000000000782 5.7785902021237695e-05
644.1000000000782 5.779841370404799e-05
644.2000000000783 5.7810924894723895e-05
644.3000000000783 5.78234355930297e-05
644.4000000000783 5.783594579859986e-05
644.5000000000783 5.784845551125378e-05
644.6000000000784 5.7848510799522647e-05
644.7000000000784 5.784856557077275e-05
644.8000000000784 5.7848619825030276e-05
644.9000000000784 5.784867356251596e-05
645.0000000000784 5.784872678313034e-05
645.1000000000785 5.785404920432544e-05
645.2000000000785 5.785937173131097e-05
645.3000000000785 5.786469436412653e-05
645.4000000000785 5.787001710274673e-05
645.5000000000786 5.78753399472663e-05
645.6000000000786 5.786820204454585e-05
645.7000000000786 5.7861061955714045e-05
645.8000000000786 5.785391968086494e-05
645.9000000000786 5.784677521989798e-05
646.0000000000787 5.783962857278094e-05
646.1000000000787 5.7836848461716026e-05
646.2000000000787 5.7834065257026835e-05
646.3000000000787 5.783127895818234e-05
646.4000000000788 5.782848956452165e-05
646.5000000000788 5.782569707543883e-05
646.6000000000788 5.781042352285492e-05
646.7000000000788 5.7795142695279764e-05
646.8000000000789 5.777985459141035e-05
646.9000000000789 5.776455920987881e-05
647.0000000000789 5.774925654945587e-05
647.1000000000789 5.774506693409901e-05
647.200000000079 5.774087448608279e-05
647.300000000079 5.773667920506159e-05
647.400000000079 5.773248109049457e-05
647.500000000079 5.772828014203611e-05
647.600000000079 5.7724076359275434e-05
647.7000000000791 5.771986974173674e-05
647.8000000000791 5.7715660289074494e-05
647.9000000000791 5.7711448000812795e-05
648.0000000000791 5.7707232876567546e-05
648.1000000000791 5.773652600904261e-05
648.2000000000792 5.7765822703188635e-05
648.3000000000792 5.779512295892701e-05
648.4000000000792 5.782442677604864e-05
648.5000000000792 5.785373415439976e-05
648.6000000000793 5.787061153572678e-05
648.7000000000793 5.788753972151409e-05
648.8000000000793 5.790449337397146e-05
648.9000000000793 5.792144900650782e-05
649.0000000000794 5.793838498590236e-05
649.1000000000794 5.794171717182103e-05
649.2000000000794 5.794499009326433e-05
649.3000000000794 5.794818774782071e-05
649.4000000000794 5.7951296011328304e-05
649.5000000000795 5.795430263842815e-05
649.6000000000795 5.7994755300118104e-05
649.7000000000795 5.803509414865149e-05
649.8000000000795 5.8075310747669345e-05
649.9000000000796 5.811539864324898e-05
650.0000000000796 5.815535337108971e-05
650.1000000000796 5.8188351675486826e-05
650.2000000000796 5.822121873167575e-05
650.3000000000796 5.825395613540904e-05
650.4000000000797 5.8286567497885995e-05
650.5000000000797 5.831905845132649e-05
650.6000000000797 5.8313844752174504e-05
650.7000000000797 5.830851715951378e-05
650.8000000000798 5.830308838973396e-05
650.9000000000798 5.829757310785028e-05
651.0000000000798 5.829198792606342e-05
651.1000000000798 5.825781717823221e-05
651.2000000000799 5.822361366491477e-05
651.3000000000799 5.818939984374717e-05
651.4000000000799 5.81552000685949e-05
651.5000000000799 5.8121040583307326e-05
651.60000000008 5.811203023576756e-05
651.70000000008 5.8103015596767106e-05
651.80000000008 5.809399764068979e-05
651.90000000008 5.808497740008328e-05
652.00000000008 5.8075955966190514e-05
652.1000000000801 5.813103148387128e-05
652.2000000000801 5.818611831099831e-05
652.3000000000801 5.8241217726713564e-05
652.4000000000801 5.829633107423077e-05
652.5000000000801 5.8351459760970036e-05
652.6000000000802 5.838150573123459e-05
652.7000000000802 5.841155913699092e-05
652.8000000000802 5.8441619597552306e-05
652.9000000000802 5.8471686672105424e-05
653.0000000000803 5.850175985940579e-05
653.1000000000803 5.8508041277912135e-05
653.2000000000803 5.851432356520023e-05
653.3000000000803 5.85206060384721e-05
653.4000000000804 5.85268879551031e-05
653.5000000000804 5.853316851281316e-05
653.6000000000804 5.8551929334679276e-05
653.7000000000804 5.857064178094494e-05
653.8000000000804 5.858933229517725e-05
653.9000000000805 5.860802539276316e-05
654.0000000000805 5.8626743657810134e-05
654.1000000000805 5.861617396022629e-05
654.2000000000805 5.860566472287358e-05
654.3000000000806 5.8595232598973885e-05
654.4000000000806 5.858489226826413e-05
654.5000000000806 5.8574656438718824e-05
654.6000000000806 5.8577106042612576e-05
654.7000000000806 5.857968076292641e-05
654.8000000000807 5.8582387488464996e-05
654.9000000000807 5.858523114760732e-05
655.0000000000807 5.858821470778835e-05
655.1000000000807 5.859266595107816e-05
655.2000000000808 5.859725731223212e-05
655.3000000000808 5.8601985881794554e-05
655.4000000000808 5.86068467864584e-05
655.5000000000808 5.8611833188369045e-05
655.6000000000809 5.8629515025718833e-05
655.7000000000809 5.864730501991001e-05
655.8000000000809 5.8665190492588346e-05
655.9000000000809 5.868315678429284e-05
656.000000000081 5.870118725105056e-05
656.100000000081 5.872131614389069e-05
656.200000000081 5.874147129259406e-05
656.300000000081 5.8761630081733535e-05
656.400000000081 5.878176789542373e-05
656.5000000000811 5.880185811410572e-05
656.6000000000811 5.882187211160868e-05
656.7000000000811 5.884188984131319e-05
656.8000000000811 5.8861911303576896e-05
656.9000000000811 5.8881936498757395e-05
657.0000000000812 5.890196542739758e-05
657.1000000000812 5.890798647868877e-05
657.2000000000812 5.891400776997415e-05
657.3000000000812 5.892002930143354e-05
657.4000000000813 5.892605107298447e-05
657.5000000000813 5.893207308468598e-05
657.6000000000813 5.8950702415806803e-05
657.7000000000813 5.896933456366375e-05
657.8000000000814 5.8987969528331665e-05
657.9000000000814 5.900660731008229e-05
658.0000000000814 5.902524790905367e-05
658.1000000000814 5.904089385362387e-05
658.2000000000814 5.905654087126539e-05
658.3000000000815 5.907218896182302e-05
658.4000000000815 5.9087838125272586e-05
658.5000000000815 5.910348836139319e-05
658.6000000000815 5.911913967009499e-05
658.7000000000816 5.913479205135398e-05
658.8000000000816 5.9150445504949156e-05
658.9000000000816 5.91661000308564e-05
659.0000000000816 5.918175562891451e-05
659.1000000000816 5.919027183168692e-05
659.2000000000817 5.919878881297897e-05
659.3000000000817 5.9207306572812734e-05
659.4000000000817 5.921582511127593e-05
659.5000000000817 5.922434442846672e-05
659.6000000000818 5.924549413298184e-05
659.7000000000818 5.926664824998511e-05
659.8000000000818 5.92878067800652e-05
659.9000000000818 5.9308969723745e-05
660.0000000000819 5.9330137081534474e-05
660.1000000000819 5.9335295199927986e-05
660.2000000000819 5.934045338841348e-05
660.3000000000819 5.9345611647097976e-05
660.400000000082 5.93507699760227e-05
660.500000000082 5.9355928375173595e-05
660.600000000082 5.9373730313536414e-05
660.700000000082 5.9391534519612675e-05
660.800000000082 5.940934099349092e-05
660.9000000000821 5.942714973525964e-05
661.0000000000821 5.9444960744865644e-05
661.1000000000821 5.945062939570015e-05
661.2000000000821 5.945629826621194e-05
661.3000000000822 5.946196735644828e-05
661.4000000000822 5.9467636666456566e-05
661.5000000000822 5.9473306196294534e-05
661.6000000000822 5.94916310471775e-05
661.7000000000822 5.9509958530673795e-05
661.8000000000823 5.9528288646907235e-05
661.9000000000823 5.954662139613343e-05
662.0000000000823 5.95649567784677e-05
662.1000000000823 5.957303023642451e-05
662.2000000000824 5.958110435687677e-05
662.3000000000824 5.958917913983492e-05
662.4000000000824 5.9597254585441316e-05
662.5000000000824 5.960533069370656e-05
662.6000000000824 5.9613407464707035e-05
662.7000000000825 5.962148489845334e-05
662.8000000000825 5.9629562995021934e-05
662.9000000000825 5.9637641754489345e-05
663.0000000000825 5.964572117693625e-05
663.1000000000826 5.965866990670806e-05
663.2000000000826 5.967161840664158e-05
663.3000000000826 5.9684566676532786e-05
663.4000000000826 5.9697514716243505e-05
663.5000000000827 5.971046252555926e-05
663.6000000000827 5.971081634268143e-05
663.7000000000827 5.9711223607514264e-05
663.8000000000827 5.971165649745965e-05
663.9000000000827 5.9712089250223626e-05
664.0000000000828 5.971249816378436e-05
664.1000000000828 5.972177511127534e-05
664.2000000000828 5.97309882828975e-05
664.3000000000828 5.974012012181606e-05
664.4000000000829 5.974915512295656e-05
664.5000000000829 5.975807983494342e-05
664.6000000000829 5.977956482922626e-05
664.7000000000829 5.9800917722172686e-05
664.800000000083 5.982213359938001e-05
664.900000000083 5.9843209423333665e-05
665.000000000083 5.9864144037138805e-05
665.100000000083 5.986434299489509e-05
665.200000000083 5.9864399818362765e-05
665.3000000000831 5.986431915346088e-05
665.4000000000831 5.9864107531060995e-05
665.5000000000831 5.9863773366620214e-05
665.6000000000831 5.986333436280448e-05
665.7000000000832 5.986280006087615e-05
665.8000000000832 5.986218206873678e-05
665.9000000000832 5.986149406115727e-05
666.0000000000832 5.986075177941822e-05
666.1000000000832 5.987789466771083e-05
666.2000000000833 5.9895023068635416e-05
666.3000000000833 5.991215892750829e-05
666.4000000000833 5.9929326284591707e-05
666.5000000000833 5.994655127841922e-05
666.6000000000834 5.995115816172701e-05
666.7000000000834 5.995576155834101e-05
666.8000000000834 5.996036046233154e-05
666.9000000000834 5.9964953806628524e-05
667.0000000000834 5.996954046292846e-05
667.1000000000835 5.9972418106851314e-05
667.2000000000835 5.997528652723077e-05
667.3000000000835 5.997814441294856e-05
667.4000000000835 5.9980990391444994e-05
667.5000000000836 5.998382302911028e-05
667.6000000000836 5.9999349863177355e-05
667.7000000000836 6.001487174772238e-05
667.8000000000836 6.003039008049445e-05
667.9000000000837 6.004590638249854e-05
668.0000000000837 6.006142229861299e-05
668.1000000000837 6.006452293281609e-05
668.2000000000837 6.0067625594021084e-05
668.3000000000837 6.0070732296418755e-05
668.4000000000838 6.007384517651336e-05
668.5000000000838 6.00769664934267e-05
668.6000000000838 6.008001687909145e-05
668.7000000000838 6.008301775136045e-05
668.8000000000839 6.008599589090217e-05
668.9000000000839 6.008897601020977e-05
669.0000000000839 6.009198075280555e-05
669.1000000000839 6.010482186559398e-05
669.200000000084 6.0117726676027756e-05
669.300000000084 6.013071165616782e-05
669.400000000084 6.014379121647094e-05
669.500000000084 6.015697770296573e-05
669.600000000084 6.0157563094894775e-05
669.7000000000841 6.015827702959405e-05
669.8000000000841 6.0159126572151283e-05
669.9000000000841 6.0160116772241047e-05
670.0000000000841 6.016125066418665e-05
670.1000000000842 6.016866914279287e-05
670.2000000000842 6.0176232113836264e-05
670.3000000000842 6.018393660687464e-05
670.4000000000842 6.0191777632966416e-05
670.5000000000842 6.0199748183211645e-05
670.6000000000843 6.0220568157277555e-05
670.7000000000843 6.0241501042294495e-05
670.8000000000843 6.0262533822640294e-05
670.9000000000843 6.028365144403847e-05
671.0000000000844 6.0304836809792e-05
671.1000000000844 6.0306638082319256e-05
671.2000000000844 6.030846215213701e-05
671.3000000000844 6.031028577307329e-05
671.4000000000844 6.031208367493496e-05
671.5000000000845 6.031382856265426e-05
671.6000000000845 6.0315491116647026e-05
671.7000000000845 6.031715341496208e-05
671.8000000000845 6.031881545772895e-05
671.9000000000846 6.032047724501088e-05
672.0000000000846 6.032213877682048e-05
672.1000000000846 6.034236727448157e-05
672.2000000000846 6.0362599506314264e-05
672.3000000000847 6.0382835472751886e-05
672.4000000000847 6.040307517416143e-05
672.5000000000847 6.042331861096543e-05
672.6000000000847 6.0430816666221535e-05
672.7000000000847 6.043831529364529e-05
672.8000000000848 6.0445814493441776e-05
672.9000000000848 6.04533142655508e-05
673.0000000000848 6.046081461010716e-05
673.1000000000848 6.0463585932243236e-05
673.2000000000849 6.046635709171334e-05
673.3000000000849 6.046912808863699e-05
673.4000000000849 6.0471898923000975e-05
673.5000000000849 6.0474669594858514e-05
673.600000000085 6.047744010419635e-05
673.700000000085 6.0480210451067736e-05
673.800000000085 6.048298063552582e-05
673.900000000085 6.04857506576238e-05
674.000000000085 6.048852051736034e-05
674.1000000000851 6.050514955754224e-05
674.2000000000851 6.0521780194221455e-05
674.3000000000851 6.053841242742299e-05
674.4000000000851 6.055504625710551e-05
674.5000000000852 6.0571681683216765e-05
674.6000000000852 6.057555251991978e-05
674.7000000000852 6.0579423321588175e-05
674.8000000000852 6.0583294088270886e-05
674.9000000000852 6.0587164819950597e-05
675.0000000000853 6.0591035516677025e-05
675.1000000000853 6.059590428361404e-05
675.2000000000853 6.060077313441565e-05
675.3000000000853 6.060564206912689e-05
675.4000000000854 6.0610511087792575e-05
675.5000000000854 6.061538019039126e-05
675.6000000000854 6.062024937703433e-05
675.7000000000854 6.062511864770034e-05
675.8000000000854 6.0629988002367824e-05
675.9000000000855 6.063485744114822e-05
676.0000000000855 6.0639726963965194e-05
676.1000000000855 6.065810826808772e-05
676.2000000000855 6.067649214943718e-05
676.3000000000856 6.069487860820046e-05
676.4000000000856 6.0713267644564504e-05
676.5000000000856 6.073165925870525e-05
676.6000000000856 6.073726665783885e-05
676.7000000000857 6.074287427390962e-05
676.8000000000857 6.074848210703639e-05
676.9000000000857 6.075409015727132e-05
677.0000000000857 6.075969842453076e-05
677.1000000000857 6.0761791012739444e-05
677.2000000000858 6.0763883381087146e-05
677.3000000000858 6.076597552963337e-05
677.4000000000858 6.076806745843764e-05
677.5000000000858 6.077015916750397e-05
677.6000000000859 6.078504481482733e-05
677.7000000000859 6.0799931123072856e-05
677.8000000000859 6.081481809215878e-05
677.9000000000859 6.082970572180366e-05
678.000000000086 6.084459401205119e-05
678.100000000086 6.085076441861466e-05
678.200000000086 6.085693513248708e-05
678.300000000086 6.0863106153790066e-05
678.400000000086 6.0869277482379064e-05
678.5000000000861 6.0875449118442166e-05
678.6000000000861 6.088162106196788e-05
678.7000000000861 6.0887793312944783e-05
678.8000000000861 6.089396587149449e-05
678.9000000000862 6.090013873753899e-05
679.0000000000862 6.090631191119692e-05
679.1000000000862 6.0908899783038916e-05
679.2000000000862 6.0911487477053136e-05
679.3000000000862 6.091407499322828e-05
679.4000000000863 6.091666233161968e-05
679.5000000000863 6.091924949234914e-05
679.6000000000863 6.0921836475272276e-05
679.7000000000863 6.092442328057753e-05
679.8000000000864 6.092700990818694e-05
679.9000000000864 6.092959635822257e-05
680.0000000000864 6.0932182630685245e-05
680.1000000000864 6.0948902320558664e-05
680.2000000000864 6.096562368120583e-05
680.3000000000865 6.0982346712692966e-05
680.4000000000865 6.0999071415019606e-05
680.5000000000865 6.101579778824091e-05
680.6000000000865 6.101970656639909e-05
680.7000000000866 6.102361537328362e-05
680.8000000000866 6.10275242087462e-05
680.9000000000866 6.1031433072971634e-05
681.0000000000866 6.103534196594703e-05
681.1000000000867 6.104159598964578e-05
681.2000000000867 6.10478503064156e-05
681.3000000000867 6.10541049162382e-05
681.4000000000867 6.106035981929528e-05
681.5000000000867 6.106661501543525e-05
681.6000000000868 6.107287050483979e-05
681.7000000000868 6.107912628735732e-05
681.8000000000868 6.108538236316958e-05
681.9000000000868 6.109163873225837e-05
682.0000000000869 6.109789539467063e-05
682.1000000000869 6.110242696270368e-05
682.2000000000869 6.11069586354076e-05
682.3000000000869 6.11114904127676e-05
682.400000000087 6.111602229490231e-05
682.500000000087 6.112055428174135e-05
682.600000000087 6.11379277780582e-05
682.700000000087 6.115530328338423e-05
682.800000000087 6.117268079796697e-05
682.9000000000871 6.119006032178685e-05
683.0000000000871 6.120744185494391e-05
683.1000000000871 6.120884871492596e-05
683.2000000000871 6.121025530856207e-05
683.3000000000872 6.121166163585283e-05
683.4000000000872 6.121306769686551e-05
683.5000000000872 6.121447349166755e-05
683.6000000000872 6.121596233057805e-05
683.7000000000872 6.121750446512944e-05
683.8000000000873 6.121907219629504e-05
683.9000000000873 6.122063987435199e-05
684.0000000000873 6.122218389929949e-05
684.1000000000873 6.12264407904923e-05
684.2000000000874 6.123063330555536e-05
684.3000000000874 6.123474398422353e-05
684.4000000000874 6.123875741438648e-05
684.5000000000874 6.124266023306137e-05
684.6000000000874 6.124644365119749e-05
684.7000000000875 6.125009750541399e-05
684.8000000000875 6.125361374554572e-05
684.9000000000875 6.12569864358206e-05
685.0000000000875 6.126021175525902e-05
685.1000000000876 6.126124074776577e-05
685.2000000000876 6.126212095054056e-05
685.3000000000876 6.126285490598072e-05
685.4000000000876 6.126344727331103e-05
685.5000000000877 6.126390482846247e-05
685.6000000000877 6.11999457552502e-05
685.7000000000877 6.113586808774191e-05
685.8000000000877 6.107168695842944e-05
685.9000000000877 6.100741942172467e-05
686.0000000000878 6.09430844430709e-05
686.1000000000878 6.0358523528822826e-05
686.2000000000878 5.97738049019902e-05
686.3000000000878 5.918895317046752e-05
686.4000000000879 5.860399390294923e-05
686.5000000000879 5.801895353140066e-05
686.6000000000879 5.655897538960585e-05
686.7000000000879 5.509866353158817e-05
686.800000000088 5.363801663593249e-05
686.900000000088 5.217703351397239e-05
687.000000000088 5.0715713103825106e-05
687.100000000088 5.002028784854451e-05
687.200000000088 4.9324875196009466e-05
687.3000000000881 4.862947458901447e-05
687.4000000000881 4.7934085543234245e-05
687.5000000000881 4.7238707645876674e-05
687.6000000000881 4.8036432450978624e-05
687.7000000000882 4.8834144367022094e-05
687.8000000000882 4.963184294450084e-05
687.9000000000882 5.042952766166296e-05
688.0000000000882 5.122719791987201e-05
688.1000000000882 5.188452907876547e-05
688.2000000000883 5.254187815031169e-05
688.3000000000883 5.319924432825172e-05
688.4000000000883 5.38566267205917e-05
688.5000000000883 5.4514024345189134e-05
688.6000000000884 5.4334651156142534e-05
688.7000000000884 5.415522238997711e-05
688.8000000000884 5.397576388267672e-05
688.9000000000884 5.37962993850908e-05
689.0000000000884 5.3616850592350375e-05
689.1000000000885 5.361887354281094e-05
689.2000000000885 5.362095543759639e-05
689.3000000000885 5.362311274291084e-05
689.4000000000885 5.362536018472434e-05
689.5000000000886 5.362771074862512e-05
689.6000000000886 5.3874827139637395e-05
689.7000000000886 5.4122084848952017e-05
689.8000000000886 5.4369491531582256e-05
689.9000000000887 5.461705306605761e-05
690.0000000000887 5.4864773511672013e-05
690.1000000000887 5.507165432764096e-05
690.2000000000887 5.527867407597904e-05
690.3000000000887 5.548583081147823e-05
690.4000000000888 5.569312061366142e-05
690.5000000000888 5.590053755110218e-05
690.6000000000888 5.613383492804042e-05
690.7000000000888 5.636724603449054e-05
690.8000000000889 5.6600759795204095e-05
690.9000000000889 5.683436302580817e-05
691.0000000000889 5.706804039295718e-05
691.1000000000889 5.724050488881072e-05
691.200000000089 5.741302077648798e-05
691.300000000089 5.758556604473705e-05
691.400000000089 5.7758116479044066e-05
691.500000000089 5.7930645632811566e-05
691.600000000089 5.8090235906036e-05
691.7000000000891 5.824985265047116e-05
691.8000000000891 5.840949586755129e-05
691.9000000000891 5.856916555877697e-05
692.0000000000891 5.872886172563401e-05
692.1000000000892 5.887159573757647e-05
692.2000000000892 5.901433397508632e-05
692.3000000000892 5.915707643707935e-05
692.4000000000892 5.929982312247097e-05
692.5000000000892 5.9442574030287826e-05
692.6000000000893 5.955954022671427e-05
692.7000000000893 5.9676509848860446e-05
692.8000000000893 5.979348289578408e-05
692.9000000000893 5.991045936674336e-05
693.0000000000894 6.002743926066299e-05
693.1000000000894 6.0070493907607175e-05
693.2000000000894 6.011355427335957e-05
693.3000000000894 6.0156620358128065e-05
693.4000000000894 6.0199692162120355e-05
693.5000000000895 6.024276968550964e-05
693.6000000000895 6.02471502624406e-05
693.7000000000895 6.025153093090635e-05
693.8000000000895 6.025591169095895e-05
693.9000000000896 6.026029254258338e-05
694.0000000000896 6.02646734859111e-05
694.1000000000896 6.028282863916532e-05
694.2000000000896 6.0300986222746205e-05
694.3000000000897 6.0319146236811787e-05
694.4000000000897 6.033730868145296e-05
694.5000000000897 6.0355473556862466e-05
694.6000000000897 6.041237502113277e-05
694.7000000000897 6.0469285662155836e-05
694.8000000000898 6.052620548055337e-05
694.9000000000898 6.058313447667861e-05
695.0000000000898 6.0640072651056485e-05
695.1000000000898 6.066398758918378e-05
695.2000000000899 6.068790071271446e-05
695.3000000000899 6.071181202162561e-05
695.4000000000899 6.073572151569325e-05
695.5000000000899 6.07596291946701e-05
695.60000000009 6.07577081900554e-05
695.70000000009 6.075578700335802e-05
695.80000000009 6.075386563473513e-05
695.90000000009 6.075194408414278e-05
696.00000000009 6.075002235188032e-05
696.1000000000901 6.083142591396883e-05
696.2000000000901 6.091283950972524e-05
696.3000000000901 6.09942631393485e-05
696.4000000000901 6.107569680290309e-05
696.5000000000902 6.115714050046536e-05
696.6000000000902 6.125151104162364e-05
696.7000000000902 6.134589328662379e-05
696.8000000000902 6.144028723553283e-05
696.9000000000902 6.153469288848447e-05
697.0000000000903 6.16291102453403e-05
697.1000000000903 6.164477990222739e-05
697.2000000000903 6.16604506665137e-05
697.3000000000903 6.16761225382858e-05
697.4000000000904 6.169179551749616e-05
697.5000000000904 6.17074696040738e-05
697.6000000000904 6.169729758503356e-05
697.7000000000904 6.168712436847631e-05
697.8000000000904 6.167694995449407e-05
697.9000000000905 6.166677434304466e-05
698.0000000000905 6.165659753419943e-05
698.1000000000905 6.162344999986249e-05
698.2000000000905 6.159029565473657e-05
698.3000000000906 6.155713449818133e-05
698.4000000000906 6.152396652982488e-05
698.5000000000906 6.149079174907067e-05
698.6000000000906 6.1431744158024e-05
698.7000000000907 6.137268502791781e-05
698.8000000000907 6.131361435798233e-05
698.9000000000907 6.125453214731374e-05
699.0000000000907 6.119543839525971e-05
699.1000000000907 6.119164130851545e-05
699.2000000000908 6.11878441527704e-05
699.3000000000908 6.11840469281316e-05
699.4000000000908 6.118024963477327e-05
699.5000000000908 6.117645227275874e-05
699.6000000000909 6.11985206580545e-05
699.7000000000909 6.122058576335117e-05
699.8000000000909 6.124264758871911e-05
699.9000000000909 6.126470613409427e-05
700.000000000091 6.128676139946486e-05
700.100000000091 6.129210845817427e-05
700.200000000091 6.12974557544545e-05
700.300000000091 6.130280328842874e-05
700.400000000091 6.130815106001884e-05
700.5000000000911 6.131349906934806e-05
700.6000000000911 6.13188473164726e-05
700.7000000000911 6.13241958013143e-05
700.8000000000911 6.132954452392932e-05
700.9000000000912 6.133489348437377e-05
701.0000000000912 6.134024268263693e-05
701.1000000000912 6.134572663869778e-05
701.2000000000912 6.135121081729925e-05
701.3000000000912 6.135669521842349e-05
701.4000000000913 6.136217984211979e-05
701.5000000000913 6.136766468838208e-05
701.6000000000913 6.138609767914221e-05
701.7000000000913 6.140453320697233e-05
701.8000000000914 6.142297127205373e-05
701.9000000000914 6.144141187450047e-05
702.0000000000914 6.14598550145441e-05
702.1000000000914 6.14597765726784e-05
702.2000000000914 6.145969795216801e-05
702.3000000000915 6.145961915288422e-05
702.4000000000915 6.145954017503462e-05
702.5000000000915 6.145946101864868e-05
702.6000000000915 6.148528658637888e-05
702.7000000000916 6.15111119085306e-05
702.8000000000916 6.153693698499994e-05
702.9000000000916 6.156276181561588e-05
703.0000000000916 6.158858640016517e-05
703.1000000000917 6.164175650759343e-05
703.2000000000917 6.169492877074312e-05
703.3000000000917 6.174810318924128e-05
703.4000000000917 6.180127976284912e-05
703.5000000000917 6.18544584910789e-05
703.6000000000918 6.185582297770506e-05
703.7000000000918 6.185718733269703e-05
703.8000000000918 6.185855155605012e-05
703.9000000000918 6.185991564789433e-05
704.0000000000919 6.18612796080933e-05
704.1000000000919 6.186548389075038e-05
704.2000000000919 6.186968824285791e-05
704.3000000000919 6.187389266439818e-05
704.400000000092 6.187809715535347e-05
704.500000000092 6.188230171584061e-05
704.600000000092 6.188650634590918e-05
704.700000000092 6.189071104540697e-05
704.800000000092 6.189491581451811e-05
704.9000000000921 6.189912065315767e-05
705.0000000000921 6.19033255614372e-05
705.1000000000921 6.190176334200643e-05
705.2000000000921 6.190020099960077e-05
705.3000000000922 6.189863853423323e-05
705.4000000000922 6.189707594591653e-05
705.5000000000922 6.189551323481018e-05
705.6000000000922 6.190691248468272e-05
705.7000000000922 6.191831095714766e-05
705.8000000000923 6.192970865219806e-05
705.9000000000923 6.194110556975966e-05
706.0000000000923 6.195250170989632e-05
706.1000000000923 6.196758212151585e-05
706.2000000000924 6.19826633306665e-05
706.3000000000924 6.199774533734096e-05
706.4000000000924 6.201282814159918e-05
706.5000000000924 6.202791174329929e-05
706.6000000000925 6.204299614250124e-05
706.7000000000925 6.205808133913045e-05
706.8000000000925 6.207316733324692e-05
706.9000000000925 6.208825412464138e-05
707.0000000000925 6.210334171343078e-05
707.1000000000926 6.210721061327672e-05
707.2000000000926 6.21110795605947e-05
707.3000000000926 6.21149485555702e-05
707.4000000000926 6.211881759818694e-05
707.5000000000927 6.212268668836126e-05
707.6000000000927 6.212655582621137e-05
707.7000000000927 6.213042501178827e-05
707.8000000000927 6.213429424500836e-05
707.9000000000927 6.213816352598988e-05
708.0000000000928 6.214203285472514e-05
708.1000000000928 6.215516994388004e-05
708.2000000000928 6.2168306929161e-05
708.3000000000928 6.21814438105883e-05
708.4000000000929 6.219458058811481e-05
708.5000000000929 6.22077172615587e-05
708.6000000000929 6.222085383094029e-05
708.7000000000929 6.223399029614515e-05
708.800000000093 6.22471266571935e-05
708.900000000093 6.226026291390357e-05
709.000000000093 6.227339906622011e-05
709.100000000093 6.22777098475614e-05
709.200000000093 6.228202074651525e-05
709.3000000000931 6.228633176306916e-05
709.4000000000931 6.229064289734552e-05
709.5000000000931 6.229495414919734e-05
709.6000000000931 6.229926551881425e-05
709.7000000000932 6.230357700618394e-05
709.8000000000932 6.230788861122669e-05
709.9000000000932 6.231220033413234e-05
710.0000000000932 6.231651217474881e-05
710.1000000000932 6.231551205799594e-05
710.2000000000933 6.231451181649661e-05
710.3000000000933 6.231351145025964e-05
710.4000000000933 6.231251095949602e-05
710.5000000000933 6.231151034407977e-05
710.6000000000934 6.231050960415451e-05
710.7000000000934 6.230950873972906e-05
710.8000000000934 6.230850775087959e-05
710.9000000000934 6.230750663761492e-05
711.0000000000935 6.230650540009517e-05
711.1000000000935 6.23232269365539e-05
711.2000000000935 6.233995009387585e-05
711.3000000000935 6.2356674872144e-05
711.4000000000935 6.237340127137414e-05
711.5000000000936 6.239012929164922e-05
711.6000000000936 6.24068589330523e-05
711.7000000000936 6.242359019559912e-05
711.8000000000936 6.244032307944004e-05
711.9000000000937 6.245705758459076e-05
712.0000000000937 6.24737937109733e-05
712.1000000000937 6.246252102118639e-05
712.2000000000937 6.245124753742772e-05
712.3000000000937 6.243997325968498e-05
712.4000000000938 6.242869818808064e-05
712.5000000000938 6.241742232274937e-05
712.6000000000938 6.241913611858958e-05
712.7000000000938 6.242084983419664e-05
712.8000000000939 6.242256346949661e-05
712.9000000000939 6.242427702448289e-05
713.0000000000939 6.242599049928689e-05
713.1000000000939 6.243126559180454e-05
713.200000000094 6.243654086843237e-05
713.300000000094 6.244181632935334e-05
713.400000000094 6.244709197448075e-05
713.500000000094 6.24523678039302e-05
713.600000000094 6.245772886324438e-05
713.7000000000941 6.246314479825406e-05
713.8000000000941 6.246858733936731e-05
713.9000000000941 6.247403030274793e-05
714.0000000000941 6.247944959075737e-05
714.1000000000942 6.246736835516441e-05
714.2000000000942 6.245522085389683e-05
714.3000000000942 6.24429893245154e-05
714.4000000000942 6.243065811271577e-05
714.5000000000942 6.241821367009487e-05
714.6000000000943 6.24056445548728e-05
714.7000000000943 6.23929414241988e-05
714.8000000000943 6.238009703539562e-05
714.9000000000943 6.236710624409994e-05
715.0000000000944 6.235396600222196e-05
715.1000000000944 6.233842785070288e-05
715.2000000000944 6.232274148901021e-05
715.3000000000944 6.23069101608408e-05
715.4000000000945 6.229093919682963e-05
715.5000000000945 6.227483601194903e-05
715.6000000000945 6.224560976636535e-05
715.7000000000945 6.221627376524074e-05
715.8000000000945 6.218684172173474e-05
715.9000000000946 6.215732940915644e-05
716.0000000000946 6.212775465584524e-05
716.1000000000946 6.20092785901723e-05
716.2000000000946 6.189078438967904e-05
716.3000000000947 6.177229601854864e-05
716.4000000000947 6.165383932750405e-05
716.5000000000947 6.15354420337736e-05
716.6000000000947 6.127418226729671e-05
716.7000000000947 6.101293376243072e-05
716.8000000000948 6.0751696522143844e-05
716.9000000000948 6.0490470549195845e-05
717.0000000000948 6.022925584655567e-05
717.1000000000948 5.998338618450557e-05
717.2000000000949 5.9737507943692784e-05
717.3000000000949 5.9491621127389665e-05
717.4000000000949 5.9245725738458905e-05
717.5000000000949 5.8999821780294437e-05
717.600000000095 5.8896862808513797e-05
717.700000000095 5.8793900151638684e-05
717.800000000095 5.86909338098908e-05
717.900000000095 5.858796378342092e-05
718.000000000095 5.848499007223227e-05
718.1000000000951 5.830074270195286e-05
718.2000000000951 5.8116509598099325e-05
718.3000000000951 5.793229076047293e-05
718.4000000000951 5.7748086189013625e-05
718.5000000000952 5.7563895883860855e-05
718.6000000000952 5.744468782164092e-05
718.7000000000952 5.732548890897674e-05
718.8000000000952 5.720629914672534e-05
718.9000000000952 5.7087118535337596e-05
719.0000000000953 5.6967947075641495e-05
719.1000000000953 5.696483251144413e-05
719.2000000000953 5.696171382566519e-05
719.3000000000953 5.695859102016737e-05
719.4000000000954 5.695546409680797e-05
719.5000000000954 5.695233305726006e-05
719.6000000000954 5.697513460939981e-05
719.7000000000954 5.6997915867867206e-05
719.8000000000955 5.702067761968803e-05
719.9000000000955 5.7043420595282434e-05
720.0000000000955 5.7066145468581095e-05
720.1000000000955 5.719493143135269e-05
720.2000000000955 5.732371565203108e-05
720.3000000000956 5.745249863920245e-05
720.4000000000956 5.758128084708977e-05
720.5000000000956 5.771006267588813e-05
720.6000000000956 5.803315668822508e-05
720.7000000000957 5.835624903069492e-05
720.8000000000957 5.867933841344849e-05
720.9000000000957 5.900242357550092e-05
721.0000000000957 5.932550328643139e-05
721.1000000000957 5.963458255007718e-05
721.2000000000958 5.994364353902942e-05
721.3000000000958 6.0252685126152485e-05
721.4000000000958 6.0561706222730244e-05
721.5000000000958 6.087070577930631e-05
721.6000000000959 6.0972467122490027e-05
721.7000000000959 6.107421590764214e-05
721.8000000000959 6.117595210289222e-05
721.9000000000959 6.127767567671991e-05
722.000000000096 6.137938659722935e-05
722.100000000096 6.135290769087002e-05
722.200000000096 6.132642291478186e-05
722.300000000096 6.12999322773681e-05
722.400000000096 6.127343578698097e-05
722.5000000000961 6.124693345168074e-05
722.6000000000961 6.103914652266349e-05
722.7000000000961 6.083136088789087e-05
722.8000000000961 6.062357759442187e-05
722.9000000000962 6.041579773681262e-05
723.0000000000962 6.0208022455827904e-05
723.1000000000962 5.989649576356065e-05
723.2000000000962 5.95849799334365e-05
723.3000000000962 5.9273476217926055e-05
723.4000000000963 5.8961985902569274e-05
723.5000000000963 5.865051030438741e-05
723.6000000000963 5.8610857272610236e-05
723.7000000000963 5.857115708218225e-05
723.8000000000964 5.853143597015489e-05
723.9000000000964 5.849171808073925e-05
724.0000000000964 5.845202547208407e-05
724.1000000000964 5.8476088915134445e-05
724.2000000000965 5.8500213031916406e-05
724.3000000000965 5.852441391858222e-05
724.4000000000965 5.854870567344682e-05
724.5000000000965 5.857310039284883e-05
724.6000000000965 5.86234962197731e-05
724.7000000000966 5.867401541454266e-05
724.8000000000966 5.872466520561649e-05
724.9000000000966 5.877545087264292e-05
725.0000000000966 5.882637573782628e-05
725.1000000000967 5.887851870127667e-05
725.2000000000967 5.893080348724789e-05
725.3000000000967 5.898322750206982e-05
725.4000000000967 5.9035786159705355e-05
725.5000000000967 5.908847287329405e-05
725.6000000000968 5.9193055170752434e-05
725.7000000000968 5.929774830740233e-05
725.8000000000968 5.9402539887350265e-05
725.9000000000968 5.950741542557274e-05
726.0000000000969 5.961235832999902e-05
726.1000000000969 5.9611334691608076e-05
726.2000000000969 5.9610333796806554e-05
726.3000000000969 5.960933262803835e-05
726.400000000097 5.9608306167995886e-05
726.500000000097 5.960722739989042e-05
726.600000000097 5.959312353626357e-05
726.700000000097 5.957902010871309e-05
726.800000000097 5.956491711737077e-05
726.9000000000971 5.9550814562234325e-05
727.0000000000971 5.953671244333453e-05
727.1000000000971 5.941856313410131e-05
727.2000000000971 5.9300420287625386e-05
727.3000000000972 5.918228390435253e-05
727.4000000000972 5.906415398459468e-05
727.5000000000972 5.8946030529099344e-05
727.6000000000972 5.893143824258206e-05
727.7000000000972 5.891684661890711e-05
727.8000000000973 5.890225565807222e-05
727.9000000000973 5.888766536020932e-05
728.0000000000973 5.8873075725802606e-05
728.1000000000973 5.908264196365654e-05
728.2000000000974 5.929222598712653e-05
728.3000000000974 5.9501827796134806e-05
728.4000000000974 5.971144739060272e-05
728.5000000000974 5.992108476975543e-05
728.6000000000975 5.989769372952147e-05
728.7000000000975 5.987424804272265e-05
728.8000000000975 5.985077489965209e-05
728.9000000000975 5.9827299439382566e-05
729.0000000000975 5.98038447538456e-05
729.1000000000976 5.984269642385914e-05
729.2000000000976 5.988161116038565e-05
729.3000000000976 5.9920606187489435e-05
729.4000000000976 5.995969676052767e-05
729.5000000000977 5.99988961601397e-05
729.6000000000977 6.0089995083544955e-05
729.7000000000977 6.0181224501254994e-05
729.8000000000977 6.0272592083009e-05
729.9000000000977 6.0364103514929986e-05
730.0000000000978 6.045576248451317e-05
730.1000000000978 6.041795593118796e-05
730.2000000000978 6.0380292715885914e-05
730.3000000000978 6.0342769526665506e-05
730.4000000000979 6.030538103518277e-05
730.5000000000979 6.026811990282516e-05
730.6000000000979 6.026981628812635e-05
730.7000000000979 6.0271620080997636e-05
730.800000000098 6.027351896200837e-05
730.900000000098 6.027549852603524e-05
731.000000000098 6.027754228228394e-05
731.100000000098 6.031882956239435e-05
731.200000000098 6.036014498879903e-05
731.3000000000981 6.040146581502394e-05
731.4000000000981 6.044276714246141e-05
731.5000000000981 6.0484021913759055e-05
731.6000000000981 6.057701434020852e-05
731.7000000000982 6.067002087362705e-05
731.8000000000982 6.0763040093845494e-05
731.9000000000982 6.085607063385559e-05
732.0000000000982 6.094911117999463e-05
732.1000000000982 6.109446597400399e-05
732.2000000000983 6.123983465384349e-05
732.3000000000983 6.13852160676871e-05
732.4000000000983 6.153060911561918e-05
732.5000000000983 6.167601274968801e-05
732.6000000000984 6.174367692765448e-05
732.7000000000984 6.181134087219737e-05
732.8000000000984 6.187900456258763e-05
732.9000000000984 6.19466679781763e-05
733.0000000000985 6.20143310981975e-05
733.1000000000985 6.201725409207494e-05
733.2000000000985 6.202017079368716e-05
733.3000000000985 6.202308120224511e-05
733.4000000000985 6.202598531737828e-05
733.5000000000986 6.202888313863423e-05
733.6000000000986 6.207075063875106e-05
733.7000000000986 6.211267352298689e-05
733.8000000000986 6.215462477603516e-05
733.9000000000987 6.219657946121837e-05
734.0000000000987 6.223851472780925e-05
734.1000000000987 6.225295712777354e-05
734.2000000000987 6.226733752115896e-05
734.3000000000987 6.228163946218668e-05
734.4000000000988 6.229584864463929e-05
734.5000000000988 6.230995290465722e-05
734.6000000000988 6.229800633378208e-05
734.7000000000988 6.228592909704109e-05
734.8000000000989 6.227371354791352e-05
734.9000000000989 6.226135407311416e-05
735.0000000000989 6.224884709023851e-05
735.1000000000989 6.226367521037373e-05
735.200000000099 6.227835556050633e-05
735.300000000099 6.229289044535934e-05
735.400000000099 6.230728420008663e-05
735.500000000099 6.232154319237478e-05
735.600000000099 6.230973505285519e-05
735.7000000000991 6.229781367338426e-05
735.8000000000991 6.22857927045767e-05
735.9000000000991 6.227368787679073e-05
736.0000000000991 6.226151699761732e-05
736.1000000000992 6.224731926788362e-05
736.2000000000992 6.22330981709227e-05
736.3000000000992 6.221887773347113e-05
736.4000000000992 6.22046840477938e-05
736.5000000000992 6.219054526950877e-05
736.6000000000993 6.220243091044697e-05
736.7000000000993 6.221431602292012e-05
736.8000000000993 6.222620060693656e-05
736.9000000000993 6.223808466243744e-05
737.0000000000994 6.22499681895273e-05
737.1000000000994 6.229097965590539e-05
737.2000000000994 6.233199367165521e-05
737.3000000000994 6.237301023669986e-05
737.4000000000995 6.241402935089514e-05
737.5000000000995 6.245505101408405e-05
737.6000000000995 6.248310385317796e-05
737.7000000000995 6.251115836465736e-05
737.8000000000995 6.253921454837793e-05
737.9000000000996 6.25672724042625e-05
738.0000000000996 6.259533193220413e-05
738.1000000000996 6.259346742471314e-05
738.2000000000996 6.259160287338337e-05
738.3000000000997 6.258973827829032e-05
738.4000000000997 6.258787363944207e-05
738.5000000000997 6.258600895685972e-05
738.6000000000997 6.259711503775132e-05
738.7000000000997 6.260822030211749e-05
738.8000000000998 6.261932474985501e-05
738.9000000000998 6.263042838099492e-05
739.0000000000998 6.264153119562668e-05
739.1000000000998 6.264373842933687e-05
739.2000000000999 6.2645945615229e-05
739.3000000000999 6.264815275329471e-05
739.4000000000999 6.265035984352568e-05
739.5000000000999 6.265256688606092e-05
739.6000000001 6.266774588377571e-05
739.7000000001 6.268292574757721e-05
739.8000000001 6.269810647747732e-05
739.9000000001 6.271328807348798e-05
740.0000000001 6.272847053568538e-05
740.1000000001001 6.274078558390256e-05
740.2000000001001 6.275310027799729e-05
740.3000000001001 6.276541461790522e-05
740.4000000001001 6.277772860362928e-05
740.5000000001002 6.279004223510517e-05
740.6000000001002 6.280235551240299e-05
740.7000000001002 6.281466843539125e-05
740.8000000001002 6.282698100420735e-05
740.9000000001002 6.28392932187197e-05
741.0000000001003 6.28516050789867e-05
741.1000000001003 6.285222083301629e-05
741.2000000001003 6.285283649679112e-05
741.3000000001003 6.285345207044403e-05
741.4000000001004 6.285406755390617e-05
741.5000000001004 6.285468294725615e-05
741.6000000001004 6.286827148029303e-05
741.7000000001004 6.288186017717916e-05
741.8000000001005 6.289544903797386e-05
741.9000000001005 6.290903806266922e-05
742.0000000001005 6.292262725104045e-05
742.1000000001005 6.29210491740804e-05
742.2000000001005 6.291947103499275e-05
742.3000000001006 6.291789283391941e-05
742.4000000001006 6.291631457086784e-05
742.5000000001006 6.291473624584542e-05
742.6000000001006 6.29131578589269e-05
742.7000000001007 6.291157941018682e-05
742.8000000001007 6.291000089963263e-05
742.9000000001007 6.290842232727182e-05
743.0000000001007 6.290684369325943e-05
743.1000000001007 6.291844804914627e-05
743.2000000001008 6.293005177980186e-05
743.3000000001008 6.2941654885109e-05
743.4000000001008 6.295325736515197e-05
743.5000000001008 6.296485921986773e-05
743.6000000001009 6.296349165601324e-05
743.7000000001009 6.296212403026286e-05
743.8000000001009 6.296075634262299e-05
743.9000000001009 6.295938859316717e-05
744.000000000101 6.295802078197124e-05
744.100000000101 6.295899006127857e-05
744.200000000101 6.295995923737451e-05
744.300000000101 6.296092831038964e-05
744.400000000101 6.296189728018582e-05
744.5000000001011 6.296286614689359e-05
744.6000000001011 6.296383491057638e-05
744.7000000001011 6.296480357116319e-05
744.8000000001011 6.296577212871741e-05
744.9000000001012 6.296674058323531e-05
745.0000000001012 6.296770893484668e-05
745.1000000001012 6.296793833062384e-05
745.2000000001012 6.296816763602332e-05
745.3000000001012 6.296839685104519e-05
745.4000000001013 6.296862597575667e-05
745.5000000001013 6.296885501022503e-05
745.6000000001013 6.296908395438315e-05
745.7000000001013 6.296931280836542e-05
745.8000000001014 6.296954157217194e-05
745.9000000001014 6.296977024573555e-05
746.0000000001014 6.296999882918852e-05
746.1000000001014 6.296808760019023e-05
746.2000000001015 6.296617633215377e-05
746.3000000001015 6.29642650251543e-05
746.4000000001015 6.296235367919976e-05
746.5000000001015 6.296044229443244e-05
746.6000000001015 6.295853087072591e-05
746.7000000001016 6.295661940828956e-05
746.8000000001016 6.295470790706419e-05
746.9000000001016 6.295279636712486e-05
747.0000000001016 6.295088478856422e-05
747.1000000001017 6.296625408993063e-05
747.2000000001017 6.298162434248023e-05
747.3000000001017 6.299699554616138e-05
747.4000000001017 6.30123677009895e-05
747.5000000001017 6.302774080689973e-05
747.6000000001018 6.303014569811892e-05
747.7000000001018 6.303255055085399e-05
747.8000000001018 6.303495536509595e-05
747.9000000001018 6.30373601408357e-05
748.0000000001019 6.303976487806e-05
748.1000000001019 6.303798621872601e-05
748.2000000001019 6.303620750984685e-05
748.3000000001019 6.303442875156471e-05
748.400000000102 6.303264994382015e-05
748.500000000102 6.30308710866209e-05
748.600000000102 6.302909218010907e-05
748.700000000102 6.302731322429248e-05
748.800000000102 6.3025534219246e-05
748.9000000001021 6.302375516491023e-05
749.0000000001021 6.302197606136217e-05
749.1000000001021 6.302226672760302e-05
749.2000000001021 6.302255730615273e-05
749.3000000001022 6.302284779707829e-05
749.4000000001022 6.30231382003795e-05
749.5000000001022 6.302342851605621e-05
749.6000000001022 6.302371874424252e-05
749.7000000001022 6.302400888480398e-05
749.8000000001023 6.302429893794189e-05
749.9000000001023 6.302458890358887e-05
750.0000000001023 6.302487878181111e-05
750.1000000001023 6.302437107642329e-05
750.2000000001024 6.302386328160646e-05
750.3000000001024 6.302335539729659e-05
750.4000000001024 6.302284742349682e-05
750.5000000001024 6.302233936035783e-05
750.6000000001025 6.303479866278152e-05
750.7000000001025 6.304725766668448e-05
750.8000000001025 6.30597163720624e-05
750.9000000001025 6.307217477884386e-05
751.0000000001025 6.308463288707811e-05
751.1000000001026 6.308393184633567e-05
751.2000000001026 6.308323072098361e-05
751.3000000001026 6.308252951102567e-05
751.4000000001026 6.308182821653298e-05
751.5000000001027 6.308112683757652e-05
751.6000000001027 6.3080425374093e-05
751.7000000001027 6.307972382622057e-05
751.8000000001027 6.307902219389594e-05
751.9000000001028 6.307832047725728e-05
752.0000000001028 6.307761867624124e-05
752.1000000001028 6.307685204577885e-05
752.2000000001028 6.307608533172472e-05
752.3000000001028 6.3075318534083e-05
752.4000000001029 6.307455165285777e-05
752.5000000001029 6.307378468812029e-05
752.6000000001029 6.307301763987473e-05
752.7000000001029 6.307225050819228e-05
752.800000000103 6.307148329314425e-05
752.900000000103 6.307071599466763e-05
753.000000000103 6.306994861284889e-05
753.100000000103 6.308406706839086e-05
753.200000000103 6.309818589958605e-05
753.3000000001031 6.311230510634893e-05
753.4000000001031 6.312642468866113e-05
753.5000000001031 6.31405446464908e-05
753.6000000001031 6.314161351061792e-05
753.7000000001032 6.314262696837625e-05
753.8000000001032 6.314361362327203e-05
753.9000000001032 6.314459996166732e-05
754.0000000001032 6.314561035262946e-05
754.1000000001033 6.314483759892113e-05
754.2000000001033 6.314413130656607e-05
754.3000000001033 6.314350948484295e-05
754.4000000001033 6.314298802326514e-05
754.5000000001033 6.314258069237682e-05
754.6000000001034 6.314229914648165e-05
754.7000000001034 6.314215291720665e-05
754.8000000001034 6.314214941775698e-05
754.9000000001034 6.314229394301145e-05
755.0000000001035 6.314258966957604e-05
755.1000000001035 6.314275986416013e-05
755.2000000001035 6.31430812392904e-05
755.3000000001035 6.314355061537364e-05
755.4000000001035 6.314416269456057e-05
755.5000000001036 6.31449100607353e-05
755.6000000001036 6.314578317682474e-05
755.7000000001036 6.314677039100757e-05
755.8000000001036 6.314785793271526e-05
755.9000000001037 6.314902991249016e-05
756.0000000001037 6.315026832163206e-05
756.1000000001037 6.315237835346934e-05
756.2000000001037 6.315451248853547e-05
756.3000000001038 6.315664635943558e-05
756.4000000001038 6.315875347744073e-05
756.5000000001038 6.316080523237925e-05
756.6000000001038 6.317574066073414e-05
756.7000000001038 6.319067683984334e-05
756.8000000001039 6.320561377039235e-05
756.9000000001039 6.322055145312975e-05
757.0000000001039 6.323548988858377e-05
757.1000000001039 6.32363017722694e-05
757.200000000104 6.323711355689046e-05
757.300000000104 6.323792524309853e-05
757.400000000104 6.323873683153759e-05
757.500000000104 6.323954832291058e-05
757.600000000104 6.324035972057781e-05
757.7000000001041 6.324117102039023e-05
757.8000000001041 6.324198222102667e-05
757.9000000001041 6.324279332118026e-05
758.0000000001041 6.324360431937081e-05
758.1000000001042 6.319168745919563e-05
758.2000000001042 6.313977051930166e-05
758.3000000001042 6.308785349876728e-05
758.4000000001042 6.303593639662385e-05
758.5000000001043 6.298401921082949e-05
758.6000000001043 6.240029325607001e-05
758.7000000001043 6.181662017517958e-05
758.8000000001043 6.123297070867663e-05
758.9000000001043 6.0649318690064364e-05
759.0000000001044 6.006564094422e-05
759.1000000001044 5.773300516386424e-05
759.2000000001044 5.5400106391878914e-05
759.3000000001044 5.30669368738164e-05
759.4000000001045 5.073349321946617e-05
759.5000000001045 4.8399776009887556e-05
759.6000000001045 4.498875828193905e-05
759.7000000001045 4.157740554498973e-05
759.8000000001045 3.816573526212442e-05
759.9000000001046 3.475376766674524e-05
760.0000000001046 3.134152519378183e-05
760.1000000001046 2.9524297583678166e-05
760.2000000001046 2.77070439058697e-05
760.3000000001047 2.5889778526340826e-05
760.4000000001047 2.4072516251879214e-05
760.5000000001047 2.2255272029617686e-05
760.6000000001047 2.244942532193837e-05
760.7000000001048 2.2643529002790344e-05
760.8000000001048 2.2837586997683857e-05
760.9000000001048 2.3031604174066564e-05
761.0000000001048 2.322558637706194e-05
761.1000000001048 2.5068029181828308e-05
761.2000000001049 2.691045667684872e-05
761.3000000001049 2.875287783004893e-05
761.4000000001049 3.059530547804485e-05
761.5000000001049 3.2437756635085716e-05
761.600000000105 3.4371078603839536e-05
761.700000000105 3.6304404080773565e-05
761.800000000105 3.823773305714742e-05
761.900000000105 4.017106552421423e-05
762.000000000105 4.2104401468632036e-05
762.1000000001051 4.1830984676969774e-05
762.2000000001051 4.1557580072733935e-05
762.3000000001051 4.128418765664181e-05
762.4000000001051 4.1010807429478755e-05
762.5000000001052 4.0737439390418215e-05
762.6000000001052 3.969865201745573e-05
762.7000000001052 3.865991118926955e-05
762.8000000001052 3.762121690862421e-05
762.9000000001053 3.658256917828736e-05
763.0000000001053 3.554396800333764e-05
763.1000000001053 3.5556305420717434e-05
763.2000000001053 3.5568642323318146e-05
763.3000000001053 3.558097871119902e-05
763.4000000001054 3.5593314584217816e-05
763.5000000001054 3.56056499435723e-05
763.6000000001054 3.618870267853116e-05
763.7000000001054 3.677173450719578e-05
763.8000000001055 3.7354745427198146e-05
763.9000000001055 3.7937735435899895e-05
764.0000000001055 3.852070453105643e-05
764.1000000001055 3.922031949910703e-05
764.2000000001055 3.991990723143719e-05
764.3000000001056 4.0619467726038596e-05
764.4000000001056 4.131900098076639e-05
764.5000000001056 4.2018506993883856e-05
764.6000000001056 4.2847669993909e-05
764.7000000001057 4.367680071004961e-05
764.8000000001057 4.4505899139824256e-05
764.9000000001057 4.533496528081592e-05
765.0000000001057 4.616399913038131e-05
765.1000000001058 4.690289693040801e-05
765.2000000001058 4.764178694521243e-05
765.3000000001058 4.838066917169396e-05
765.4000000001058 4.91195436066824e-05
765.5000000001058 4.985841024684562e-05
765.6000000001059 5.0441664981748445e-05
765.7000000001059 5.102491354348224e-05
765.8000000001059 5.1608155929532827e-05
765.9000000001059 5.219139213751829e-05
766.000000000106 5.277462216477413e-05
766.100000000106 5.3279134021030225e-05
766.200000000106 5.378362321795973e-05
766.300000000106 5.428808975415985e-05
766.400000000106 5.479253362822635e-05
766.5000000001061 5.529695483871728e-05
766.6000000001061 5.582728338091813e-05
766.7000000001061 5.63575880970389e-05
766.8000000001061 5.688786898549054e-05
766.9000000001062 5.741812604474925e-05
767.0000000001062 5.794835927290107e-05
767.1000000001062 5.8298669518176884e-05
767.2000000001062 5.864898311746165e-05
767.3000000001063 5.8999300069120724e-05
767.4000000001063 5.9349620371585385e-05
767.5000000001063 5.9699944023122625e-05
767.6000000001063 5.9894700372500446e-05
767.7000000001063 6.0089458541285685e-05
767.8000000001064 6.028421852880849e-05
767.9000000001064 6.047898033406293e-05
768.0000000001064 6.0673743956174246e-05
768.1000000001064 6.0802082071954035e-05
768.2000000001065 6.09304145599927e-05
768.3000000001065 6.105874141998325e-05
768.4000000001065 6.118706265161825e-05
768.5000000001065 6.131537825448221e-05
768.6000000001065 6.140471620373638e-05
768.7000000001066 6.149399612182214e-05
768.8000000001066 6.158324565782248e-05
768.9000000001066 6.167249055396675e-05
769.0000000001066 6.176175463078666e-05
769.1000000001067 6.183951191098085e-05
769.2000000001067 6.191733424869483e-05
769.3000000001067 6.199523956334474e-05
769.4000000001067 6.207324378139371e-05
769.5000000001068 6.215136082360427e-05
769.6000000001068 6.225552362532326e-05
769.7000000001068 6.235981986581447e-05
769.8000000001068 6.24642583945888e-05
769.9000000001068 6.256884595433024e-05
770.0000000001069 6.267358716294769e-05
770.1000000001069 6.27395002001234e-05
770.2000000001069 6.28055678328943e-05
770.3000000001069 6.287178791869596e-05
770.400000000107 6.293815613003297e-05
770.500000000107 6.30046659430089e-05
770.600000000107 6.303242093300803e-05
770.700000000107 6.306029879690245e-05
770.800000000107 6.30882844331093e-05
770.9000000001071 6.311636066153606e-05
771.0000000001071 6.31445082190178e-05
771.1000000001071 6.315909776100851e-05
771.2000000001071 6.317371259854503e-05
771.3000000001072 6.318832719211828e-05
771.4000000001072 6.320291392449955e-05
771.5000000001072 6.321744309872187e-05
771.6000000001072 6.321890973841152e-05
771.7000000001073 6.322036820197482e-05
771.8000000001073 6.322181935648844e-05
771.9000000001073 6.322326400467381e-05
772.0000000001073 6.322470288523088e-05
772.1000000001073 6.322761401425613e-05
772.2000000001074 6.323052074728002e-05
772.3000000001074 6.323342363015813e-05
772.4000000001074 6.323632314461506e-05
772.5000000001074 6.323921970830006e-05
772.6000000001075 6.324211628158579e-05
772.7000000001075 6.324501582533847e-05
772.8000000001075 6.324791875786329e-05
772.9000000001075 6.325082556180611e-05
773.0000000001075 6.32537367839765e-05
773.1000000001076 6.326773379344414e-05
773.2000000001076 6.328173680389256e-05
773.3000000001076 6.329574655840435e-05
773.4000000001076 6.330976386509267e-05
773.5000000001077 6.332378959688698e-05
773.6000000001077 6.332493448267683e-05
773.7000000001077 6.332613749218263e-05
773.8000000001077 6.332736890453085e-05
773.9000000001078 6.33286010564837e-05
774.0000000001078 6.332980834307447e-05
774.1000000001078 6.333228565630011e-05
774.2000000001078 6.333469315678312e-05
774.3000000001078 6.333701140854447e-05
774.4000000001079 6.333922303257063e-05
774.5000000001079 6.334131270758882e-05
774.6000000001079 6.334326717023207e-05
774.7000000001079 6.334508243376788e-05
774.800000000108 6.334675147549704e-05
774.900000000108 6.334826946072427e-05
775.000000000108 6.334963374296954e-05
775.100000000108 6.335039312819361e-05
775.200000000108 6.335100007552675e-05
775.3000000001081 6.335145850747074e-05
775.4000000001081 6.335177453517148e-05
775.5000000001081 6.335195645843288e-05
775.6000000001081 6.335201476548645e-05
775.7000000001082 6.335195852535869e-05
775.8000000001082 6.335180154180809e-05
775.9000000001082 6.335155974234663e-05
776.0000000001082 6.335125117812452e-05
776.1000000001083 6.335054337501916e-05
776.2000000001083 6.334981126262543e-05
776.3000000001083 6.334907926174196e-05
776.4000000001083 6.334837391559105e-05
776.5000000001083 6.33477238898128e-05
776.6000000001084 6.334715997234595e-05
776.7000000001084 6.334659595089009e-05
776.8000000001084 6.334603182544782e-05
776.9000000001084 6.33454675960217e-05
777.0000000001085 6.334490326268045e-05
777.1000000001085 6.334340659836849e-05
777.2000000001085 6.334190988442102e-05
777.3000000001085 6.334041312104539e-05
777.4000000001085 6.333891630818032e-05
777.5000000001086 6.333741944589888e-05
777.6000000001086 6.333592253420693e-05
777.7000000001086 6.333442557317753e-05
777.8000000001086 6.333292856281656e-05
777.9000000001087 6.333143150312992e-05
778.0000000001087 6.332993439412581e-05
778.1000000001087 6.333062326130878e-05
778.2000000001087 6.333131204125162e-05
778.3000000001088 6.33320007338852e-05
778.4000000001088 6.333268933927451e-05
778.5000000001088 6.333337785755178e-05
778.6000000001088 6.333406628858064e-05
778.7000000001088 6.333475463249331e-05
778.8000000001089 6.333544288928773e-05
778.9000000001089 6.333613105896178e-05
779.0000000001089 6.333681914159438e-05
779.1000000001089 6.335016319110735e-05
779.200000000109 6.336350730055882e-05
779.300000000109 6.337685146980142e-05
779.400000000109 6.3390195698889e-05
779.500000000109 6.340353998772724e-05
779.600000000109 6.340390503126327e-05
779.7000000001091 6.340426998514765e-05
779.8000000001091 6.340463484937971e-05
779.9000000001091 6.340499962395865e-05
780.0000000001091 6.340536430888153e-05
780.1000000001092 6.340370366624088e-05
780.2000000001092 6.340204296411114e-05
780.3000000001092 6.340038220270038e-05
780.4000000001092 6.339872138188095e-05
780.5000000001093 6.339706050179363e-05
780.6000000001093 6.339539956244507e-05
780.7000000001093 6.33937385638419e-05
780.8000000001093 6.339207750605774e-05
780.9000000001093 6.339041638909923e-05
781.0000000001094 6.338875521297524e-05
781.1000000001094 6.338918383351671e-05
781.2000000001094 6.338961236523641e-05
781.3000000001094 6.339004080820035e-05
781.4000000001095 6.339046916240761e-05
781.5000000001095 6.33908974278572e-05
781.6000000001095 6.339132560461516e-05
781.7000000001095 6.339175369268062e-05
781.8000000001095 6.339218169211961e-05
781.9000000001096 6.339260960286404e-05
782.0000000001096 6.339303742504561e-05
782.1000000001096 6.339205153996879e-05
782.2000000001096 6.33910655894434e-05
782.3000000001097 6.339007957360792e-05
782.4000000001097 6.338909349246655e-05
782.5000000001097 6.33881073460907e-05
782.6000000001097 6.33871211343504e-05
782.7000000001098 6.338613485745123e-05
782.8000000001098 6.33851485153303e-05
782.9000000001098 6.338416210805891e-05
783.0000000001098 6.338317563570872e-05
783.1000000001098 6.338241256777073e-05
783.2000000001099 6.338164940334383e-05
783.3000000001099 6.338088614236429e-05
783.4000000001099 6.338012278490259e-05
783.5000000001099 6.337935933089496e-05
783.60000000011 6.337859578054606e-05
783.70000000011 6.337783213372504e-05
783.80000000011 6.337706839050237e-05
783.90000000011 6.337630455094853e-05
784.00000000011 6.33755406150674e-05
784.1000000001101 6.337532493731052e-05
784.2000000001101 6.337510917864495e-05
784.3000000001101 6.337489333893801e-05
784.4000000001101 6.33746774183255e-05
784.5000000001102 6.337446141674183e-05
784.6000000001102 6.337424533438985e-05
784.7000000001102 6.337402917106984e-05
784.8000000001102 6.337381292698459e-05
784.9000000001103 6.337359660206863e-05
785.0000000001103 6.337338019639008e-05
785.1000000001103 6.337277792929615e-05
785.2000000001103 6.337217558792681e-05
785.3000000001103 6.337157317248621e-05
785.4000000001104 6.337097068291027e-05
785.5000000001104 6.337036811926895e-05
785.6000000001104 6.336976548156516e-05
785.7000000001104 6.336916276986894e-05
785.8000000001105 6.336855998411613e-05
785.9000000001105 6.336795712444378e-05
786.0000000001105 6.336735419077522e-05
786.1000000001105 6.335538729310325e-05
786.2000000001105 6.33434199050661e-05
786.3000000001106 6.333145202673432e-05
786.4000000001106 6.33194836581787e-05
786.5000000001106 6.330751479955128e-05
786.6000000001106 6.330851850783266e-05
786.7000000001107 6.330952213748219e-05
786.8000000001107 6.331052568849663e-05
786.9000000001107 6.331152916080556e-05
787.0000000001107 6.331253255452344e-05
787.1000000001108 6.32985702146777e-05
787.2000000001108 6.328460821611992e-05
787.3000000001108 6.327064655905327e-05
787.4000000001108 6.32566852434798e-05
787.5000000001108 6.324272426948288e-05
787.6000000001109 6.32417363009256e-05
787.7000000001109 6.324074826878633e-05
787.8000000001109 6.323976017300215e-05
787.9000000001109 6.32387720136443e-05
788.000000000111 6.323778379070347e-05
788.100000000111 6.322468816255522e-05
788.200000000111 6.321159247554276e-05
788.300000000111 6.319849672975965e-05
788.400000000111 6.31854009252997e-05
788.5000000001111 6.317230506224219e-05
788.6000000001111 6.314623744036362e-05
788.7000000001111 6.312016981107795e-05
788.8000000001111 6.309410217463922e-05
788.9000000001112 6.306803453116748e-05
789.0000000001112 6.304196688084868e-05
789.1000000001112 6.301510283463994e-05
789.2000000001112 6.298823948211863e-05
789.3000000001113 6.296137682348715e-05
789.4000000001113 6.293451485881397e-05
789.5000000001113 6.290765358833043e-05
789.6000000001113 6.290673393312537e-05
789.7000000001113 6.290581421370592e-05
789.8000000001114 6.290489443007599e-05
789.9000000001114 6.290397458223942e-05
790.0000000001114 6.290305467033468e-05
790.1000000001114 6.2902517552431e-05
790.2000000001115 6.290198036159697e-05
790.3000000001115 6.290144309776815e-05
790.4000000001115 6.290090576108127e-05
790.5000000001115 6.290036835153899e-05
790.6000000001115 6.289983086914383e-05
790.7000000001116 6.289929331383147e-05
790.8000000001116 6.289875568580566e-05
790.9000000001116 6.289821798500187e-05
791.0000000001116 6.289768021145254e-05
791.1000000001117 6.292371824873776e-05
791.2000000001117 6.294975628967036e-05
791.3000000001117 6.297579433416695e-05
791.4000000001117 6.300183238207698e-05
791.5000000001118 6.302787043335515e-05
791.6000000001118 6.302797105144445e-05
791.7000000001118 6.302807158997954e-05
791.8000000001118 6.302817204909488e-05
791.9000000001118 6.302827242872371e-05
792.0000000001119 6.302837272891894e-05
792.1000000001119 6.301556652993994e-05
792.2000000001119 6.300276018214234e-05
792.3000000001119 6.298995368560324e-05
792.400000000112 6.297714704039969e-05
792.500000000112 6.296434024670474e-05
792.600000000112 6.297747130736068e-05
792.700000000112 6.299060235314465e-05
792.800000000112 6.300373338384571e-05
792.9000000001121 6.301686439952104e-05
793.0000000001121 6.302999540025653e-05
793.1000000001121 6.306874576707169e-05
793.2000000001121 6.310749586195598e-05
793.3000000001122 6.314624568475352e-05
793.4000000001122 6.318499523530818e-05
793.5000000001122 6.322374451359814e-05
793.6000000001122 6.326249351940037e-05
793.7000000001123 6.330124225269296e-05
793.8000000001123 6.333999071331995e-05
793.9000000001123 6.337873890105825e-05
794.0000000001123 6.341748681584246e-05
794.1000000001123 6.34174246054634e-05
794.2000000001124 6.34173622898646e-05
794.3000000001124 6.341729986904609e-05
794.4000000001124 6.341723734307491e-05
794.5000000001124 6.341717471193643e-05
794.6000000001125 6.340414324110532e-05
794.7000000001125 6.339111169093389e-05
794.8000000001125 6.337808006144638e-05
794.9000000001125 6.336504835280103e-05
795.0000000001125 6.335201656493997e-05
795.1000000001126 6.332559937039534e-05
795.2000000001126 6.329918249640276e-05
795.3000000001126 6.327276594304038e-05
795.4000000001126 6.324634971038656e-05
795.5000000001127 6.321993379854255e-05
795.6000000001127 6.31546139281649e-05
795.7000000001127 6.308929496898639e-05
795.8000000001127 6.30239769212324e-05
795.9000000001128 6.295865978519546e-05
796.0000000001128 6.289334356121266e-05
796.1000000001128 6.286763178323664e-05
796.2000000001128 6.284191974085195e-05
796.3000000001128 6.281620743427827e-05
796.4000000001129 6.279049486360127e-05
796.5000000001129 6.276478202912846e-05
796.6000000001129 6.281687678797744e-05
796.7000000001129 6.286897183537874e-05
796.800000000113 6.292106717116067e-05
796.900000000113 6.297316279528544e-05
797.000000000113 6.302525870736403e-05
797.100000000113 6.306304584154641e-05
797.200000000113 6.310083153981699e-05
797.3000000001131 6.313861580212669e-05
797.4000000001131 6.317639862829249e-05
797.5000000001131 6.321418001830307e-05
797.6000000001131 6.322602640923914e-05
797.7000000001132 6.323787228318647e-05
797.8000000001132 6.324971764015397e-05
797.9000000001132 6.326156248015062e-05
798.0000000001132 6.327340680310462e-05
798.1000000001133 6.32731176113813e-05
798.2000000001133 6.327282834495324e-05
798.3000000001133 6.327253900395624e-05
798.4000000001133 6.327224958825787e-05
798.5000000001133 6.327196009799389e-05
798.6000000001134 6.327167053316592e-05
798.7000000001134 6.327138089384274e-05
798.8000000001134 6.327109117989195e-05
798.9000000001134 6.327080139151631e-05
799.0000000001135 6.327051152872038e-05
799.1000000001135 6.327278924021321e-05
799.2000000001135 6.327506691513494e-05
799.3000000001135 6.32773445534776e-05
799.4000000001136 6.327962215530042e-05
799.5000000001136 6.328189972056603e-05
799.6000000001136 6.325824111117147e-05
799.7000000001136 6.323458059847849e-05
799.8000000001136 6.321091818251198e-05
799.9000000001137 6.318725386343113e-05
800.0000000001137 6.316358764125764e-05
800.1000000001137 6.313701000620709e-05
800.2000000001137 6.311043283109061e-05
800.3000000001138 6.308385611604517e-05
800.4000000001138 6.30572798610739e-05
800.5000000001138 6.303070406641031e-05
800.6000000001138 6.303006703122798e-05
800.7000000001138 6.302942993218418e-05
800.8000000001139 6.302879276921478e-05
800.9000000001139 6.30281555423896e-05
801.0000000001139 6.302751825171307e-05
801.1000000001139 6.302825152693022e-05
801.200000000114 6.302898472728995e-05
801.300000000114 6.30297178527903e-05
801.400000000114 6.303045090349614e-05
801.500000000114 6.303118387948729e-05
801.600000000114 6.304488631084316e-05
801.7000000001141 6.30585889689743e-05
801.8000000001141 6.307229185400587e-05
801.9000000001141 6.30859949657278e-05
802.0000000001141 6.309969830418324e-05
802.1000000001142 6.310030429423158e-05
802.2000000001142 6.310091020988433e-05
802.3000000001142 6.310151605107288e-05
802.4000000001142 6.310212181792977e-05
802.5000000001143 6.310272751038644e-05
802.6000000001143 6.31033331285084e-05
802.7000000001143 6.310393867236112e-05
802.8000000001143 6.310454414187602e-05
802.9000000001143 6.310514953711861e-05
803.0000000001144 6.310575485816705e-05
803.1000000001144 6.311741166933387e-05
803.2000000001144 6.312906789055814e-05
803.3000000001144 6.31407235217861e-05
803.4000000001145 6.315237856303084e-05
803.5000000001145 6.316403301422386e-05
803.6000000001145 6.316271711831268e-05
803.7000000001145 6.316140117283432e-05
803.8000000001146 6.316008517779358e-05
803.9000000001146 6.315876913319539e-05
804.0000000001146 6.315745303918006e-05
804.1000000001146 6.315748173536553e-05
804.2000000001146 6.315751035701655e-05
804.3000000001147 6.315753890413368e-05
804.4000000001147 6.315756737671739e-05
804.5000000001147 6.315759577486503e-05
804.6000000001147 6.318356152107449e-05
804.7000000001148 6.320952721611004e-05
804.8000000001148 6.323549285975705e-05
804.9000000001148 6.326145845206887e-05
805.0000000001148 6.328742399296566e-05
805.1000000001148 6.331403237600022e-05
805.2000000001149 6.334064123523108e-05
805.3000000001149 6.336725057071064e-05
805.4000000001149 6.33938603822903e-05
805.5000000001149 6.342047066992568e-05
805.600000000115 6.342114231602476e-05
805.700000000115 6.342181388863414e-05
805.800000000115 6.342248538788607e-05
805.900000000115 6.342315681377879e-05
806.000000000115 6.342382816624174e-05
806.1000000001151 6.342299072525302e-05
806.2000000001151 6.34221532249977e-05
806.3000000001151 6.342131566554625e-05
806.4000000001151 6.342047804696893e-05
806.5000000001152 6.341964036920224e-05
806.6000000001152 6.341880263224938e-05
806.7000000001152 6.341796483624786e-05
806.8000000001152 6.341712698120095e-05
806.9000000001153 6.341628906711202e-05
807.0000000001153 6.341545109398615e-05
807.1000000001153 6.341612168760622e-05
807.2000000001153 6.341679220820074e-05
807.3000000001153 6.341746265563409e-05
807.4000000001154 6.341813303010541e-05
807.5000000001154 6.341880333147896e-05
807.6000000001154 6.341947355988694e-05
807.7000000001154 6.342014371532767e-05
807.8000000001155 6.342081379773229e-05
807.9000000001155 6.342148380723307e-05
808.0000000001155 6.342215374381369e-05
808.1000000001155 6.341020375231559e-05
808.2000000001156 6.339825328881059e-05
808.3000000001156 6.338630235329182e-05
808.4000000001156 6.337435094588643e-05
808.5000000001156 6.336239906658743e-05
808.6000000001156 6.335044671538805e-05
808.7000000001157 6.333849389248231e-05
808.8000000001157 6.332654059786337e-05
808.9000000001157 6.33145868315914e-05
809.0000000001157 6.33026325936577e-05
809.1000000001158 6.328917328736636e-05
809.2000000001158 6.327571411242721e-05
809.3000000001158 6.32622550688465e-05
809.4000000001158 6.324879615669747e-05
809.5000000001158 6.323533737613533e-05
809.6000000001159 6.323484997840424e-05
809.7000000001159 6.323436251232337e-05
809.8000000001159 6.3233874977962e-05
809.9000000001159 6.323338737532237e-05
810.000000000116 6.323289970447549e-05
810.100000000116 6.323395088745791e-05
810.200000000116 6.323500200413053e-05
810.300000000116 6.323605305449027e-05
810.400000000116 6.323710403860106e-05
810.5000000001161 6.323815495636265e-05
810.6000000001161 6.321326151843696e-05
810.7000000001161 6.318836715206231e-05
810.8000000001161 6.316347185744224e-05
810.9000000001162 6.313857563464632e-05
811.0000000001162 6.31136784836615e-05
811.1000000001162 6.307539583396275e-05
811.2000000001162 6.303711234051723e-05
811.3000000001163 6.299882800338536e-05
811.4000000001163 6.296054282269475e-05
811.5000000001163 6.292225679872193e-05
811.6000000001163 6.289694372342093e-05
811.7000000001163 6.287163006666166e-05
811.8000000001164 6.284631582850635e-05
811.9000000001164 6.282100100901739e-05
812.0000000001164 6.279568560827368e-05
812.1000000001164 6.278461868781207e-05
812.2000000001165 6.277355096132572e-05
812.3000000001165 6.27624824289177e-05
812.4000000001165 6.275141309049003e-05
812.5000000001165 6.274034294603993e-05
812.6000000001166 6.263843523459269e-05
812.7000000001166 6.253652119917102e-05
812.8000000001166 6.243460083995845e-05
812.9000000001166 6.233267415700481e-05
813.0000000001166 6.223074115024981e-05
813.1000000001167 6.2034643883092e-05
813.2000000001167 6.183855550829266e-05
813.3000000001167 6.164247602621819e-05
813.4000000001167 6.144640543730236e-05
813.5000000001168 6.125034374218181e-05
813.6000000001168 6.117107916996597e-05
813.7000000001168 6.109181813109139e-05
813.8000000001168 6.101256062569395e-05
813.9000000001168 6.093330665397669e-05
814.0000000001169 6.085405621619103e-05
814.1000000001169 6.0816359291069114e-05
814.2000000001169 6.077866075210015e-05
814.3000000001169 6.074096059938122e-05
814.400000000117 6.07032588329424e-05
814.500000000117 6.066555545277448e-05
814.600000000117 6.0537012498469734e-05
814.700000000117 6.040846426073817e-05
814.800000000117 6.0279910739999065e-05
814.9000000001171 6.015135193633703e-05
815.0000000001171 6.002278785015553e-05
815.1000000001171 5.9880781734151156e-05
815.2000000001171 5.973877197447068e-05
815.3000000001172 5.959675857162837e-05
815.4000000001172 5.9454741525937947e-05
815.5000000001172 5.931272083806303e-05
815.6000000001172 5.918367538447109e-05
815.7000000001173 5.9054626614863324e-05
815.8000000001173 5.8925574529615854e-05
815.9000000001173 5.879651912917213e-05
816.0000000001173 5.866746041410312e-05
816.1000000001173 5.8590231725947614e-05
816.2000000001174 5.851300126268948e-05
816.3000000001174 5.843576902457665e-05
816.4000000001174 5.835853501185742e-05
816.5000000001174 5.828129922528573e-05
816.6000000001175 5.84636694322453e-05
816.7000000001175 5.864604360888616e-05
816.8000000001175 5.882842175464817e-05
816.9000000001175 5.901080386910436e-05
817.0000000001176 5.919318995141309e-05
817.1000000001176 5.9193243551519075e-05
817.2000000001176 5.919329709263944e-05
817.3000000001176 5.919335057477478e-05
817.4000000001176 5.919340399785855e-05
817.5000000001177 5.919345736141521e-05
817.6000000001177 5.895985207187545e-05
817.7000000001177 5.8726246302939944e-05
817.8000000001177 5.849264005551212e-05
817.9000000001178 5.825903333016094e-05
818.0000000001178 5.8025426128681455e-05
818.1000000001178 5.8207417858132576e-05
818.2000000001178 5.8389411125291417e-05
818.3000000001178 5.857140592953464e-05
818.4000000001179 5.875340227030535e-05
818.5000000001179 5.8935400146934295e-05
818.6000000001179 5.907845529053736e-05
818.7000000001179 5.9221511626077876e-05
818.800000000118 5.93645691530852e-05
818.900000000118 5.9507627871155104e-05
819.000000000118 5.965068777939764e-05
819.100000000118 5.966565907382542e-05
819.200000000118 5.9680631226897356e-05
819.3000000001181 5.969560423870843e-05
819.4000000001181 5.9710578109219576e-05
819.5000000001181 5.972555283844343e-05
819.6000000001181 5.972754417769033e-05
819.7000000001182 5.972953550985861e-05
819.8000000001182 5.973152683501105e-05
819.9000000001182 5.973351815314357e-05
820.0000000001182 5.973550946501854e-05
820.1000000001183 6.004554924146169e-05
820.2000000001183 6.035557213182939e-05
820.3000000001183 6.066557813573083e-05
820.4000000001183 6.097556725270731e-05
820.5000000001183 6.128553948214192e-05
820.6000000001184 6.151759158423112e-05
820.7000000001184 6.17496310124615e-05
820.8000000001184 6.198165776640765e-05
820.9000000001184 6.221367184577752e-05
821.0000000001185 6.244567324970963e-05
821.1000000001185 6.242260432103022e-05
821.2000000001185 6.239953303102578e-05
821.3000000001185 6.237645937962563e-05
821.4000000001186 6.235338336675934e-05
821.5000000001186 6.233030499215078e-05
821.6000000001186 6.219034951303489e-05
821.7000000001186 6.205038082930843e-05
821.8000000001186 6.191039894070462e-05
821.9000000001187 6.177040384682316e-05
822.0000000001187 6.163039554647856e-05
822.1000000001187 6.11117429450512e-05
822.2000000001187 6.059307520050885e-05
822.3000000001188 6.0074392314338196e-05
822.4000000001188 5.955569428822894e-05
822.5000000001188 5.9036981123199084e-05
822.6000000001188 5.834938771923037e-05
822.7000000001188 5.766177427980612e-05
822.8000000001189 5.697414080704333e-05
822.9000000001189 5.628648730292735e-05
823.0000000001189 5.559881377188721e-05
823.1000000001189 5.5896363730668816e-05
823.200000000119 5.619390051446032e-05
823.300000000119 5.6491424122729875e-05
823.400000000119 5.678893455481065e-05
823.500000000119 5.708643181095461e-05
823.600000000119 5.776058713397699e-05
823.7000000001191 5.8434712713993674e-05
823.8000000001191 5.9108808549655035e-05
823.9000000001191 5.9782874639542275e-05
824.0000000001191 6.0456910981277086e-05
824.1000000001192 6.071745327252566e-05
824.2000000001192 6.097800228992773e-05
824.3000000001192 6.123855803277144e-05
824.4000000001192 6.149912050054517e-05
824.5000000001193 6.175968969203642e-05
824.6000000001193 6.182543754817752e-05
824.7000000001193 6.189118704773436e-05
824.8000000001193 6.195693819059477e-05
824.9000000001193 6.202269097664656e-05
825.0000000001194 6.208844540535422e-05
825.1000000001194 6.202433397709579e-05
825.2000000001194 6.196022073924017e-05
825.3000000001194 6.189610569199985e-05
825.4000000001195 6.183198883565477e-05
825.5000000001195 6.176787017028334e-05
825.6000000001195 6.170374969616534e-05
825.7000000001195 6.16396274135805e-05
825.8000000001196 6.157550332260733e-05
825.9000000001196 6.15113774235257e-05
826.0000000001196 6.144724971707991e-05
826.1000000001196 6.160328369499107e-05
826.2000000001196 6.175931832706838e-05
826.3000000001197 6.191535361283544e-05
826.4000000001197 6.20713895518154e-05
826.5000000001197 6.222742614327327e-05
826.6000000001197 6.227953425200499e-05
826.7000000001198 6.233164253327791e-05
826.8000000001198 6.23837509868662e-05
826.9000000001198 6.243585961267808e-05
827.0000000001198 6.248796840971636e-05
827.1000000001198 6.217619595135869e-05
827.2000000001199 6.18644232480951e-05
827.3000000001199 6.155265030100636e-05
827.4000000001199 6.124087711097295e-05
827.5000000001199 6.0929103679432666e-05
827.60000000012 6.0747242844377047e-05
827.70000000012 6.056538184222273e-05
827.80000000012 6.0383520673723315e-05
827.90000000012 6.020165933943162e-05
828.00000000012 6.00197978406594e-05
828.1000000001201 6.013526487849265e-05
828.2000000001201 6.025072617583111e-05
828.3000000001201 6.036618173210817e-05
828.4000000001201 6.0481631546890975e-05
828.5000000001202 6.0597075619405495e-05
828.6000000001202 6.059560923745974e-05
828.7000000001202 6.059414277097218e-05
828.8000000001202 6.059267622001432e-05
828.9000000001203 6.059120958459062e-05
829.0000000001203 6.0589742864902024e-05
829.1000000001203 6.064006844964411e-05
829.2000000001203 6.0690391119536305e-05
829.3000000001203 6.074071087419702e-05
829.4000000001204 6.079102771344564e-05
829.5000000001204 6.084134163706137e-05
829.6000000001204 6.096956902654722e-05
829.7000000001204 6.109778931595753e-05
829.8000000001205 6.122600250450051e-05
829.9000000001205 6.135420859145103e-05
830.0000000001205 6.148240757569096e-05
830.1000000001205 6.150655824738329e-05
830.2000000001206 6.153070719542446e-05
830.3000000001206 6.155485441964897e-05
830.4000000001206 6.15789999198243e-05
830.5000000001206 6.160314369596165e-05
830.6000000001206 6.171816230102248e-05
830.7000000001207 6.18331738030691e-05
830.8000000001207 6.19481782010161e-05
830.9000000001207 6.20631754938447e-05
831.0000000001207 6.217816568018089e-05
831.1000000001208 6.216505271580176e-05
831.2000000001208 6.215193953203691e-05
831.3000000001208 6.21388261290743e-05
831.4000000001208 6.212571250710213e-05
831.5000000001208 6.211259866593495e-05
831.6000000001209 6.195669732997091e-05
831.7000000001209 6.180079639008427e-05
831.8000000001209 6.164489584830318e-05
831.9000000001209 6.148899570679061e-05
832.000000000121 6.133309596821988e-05
832.100000000121 6.143335820300542e-05
832.200000000121 6.153360835448422e-05
832.300000000121 6.163384642267857e-05
832.400000000121 6.17340724078785e-05
832.5000000001211 6.183428631028747e-05
832.6000000001211 6.197341615513777e-05
832.7000000001211 6.211252937652174e-05
832.8000000001211 6.225162597468415e-05
832.9000000001212 6.239070594986957e-05
833.0000000001212 6.252976930178528e-05
833.1000000001212 6.250140608557458e-05
833.2000000001212 6.247304473048068e-05
833.3000000001213 6.244468523655366e-05
833.4000000001213 6.241632760417853e-05
833.5000000001213 6.238797183351984e-05
833.6000000001213 6.239861275574767e-05
833.7000000001213 6.240930715819405e-05
833.8000000001214 6.242002682213356e-05
833.9000000001214 6.24307456022752e-05
834.0000000001214 6.244143942889175e-05
834.1000000001214 6.254241512663954e-05
834.2000000001215 6.264331558740292e-05
834.3000000001215 6.274412261498408e-05
834.4000000001215 6.284482000504784e-05
834.5000000001215 6.294539356211962e-05
834.6000000001216 6.298101176021208e-05
834.7000000001216 6.30164925312712e-05
834.8000000001216 6.305182738752781e-05
834.9000000001216 6.308701000193153e-05
835.0000000001216 6.312203621444549e-05
835.1000000001217 6.30920632254572e-05
835.2000000001217 6.306194055099971e-05
835.3000000001217 6.303167103270442e-05
835.4000000001217 6.300125968392679e-05
835.5000000001218 6.297071368422622e-05
835.6000000001218 6.296594909703926e-05
835.7000000001218 6.296106334486289e-05
835.8000000001218 6.29560716730375e-05
835.9000000001218 6.295099136945625e-05
836.0000000001219 6.294584176385857e-05
836.1000000001219 6.296805310497396e-05
836.2000000001219 6.299023672551998e-05
836.3000000001219 6.301241807644023e-05
836.400000000122 6.303462469483488e-05
836.500000000122 6.305688620799205e-05
836.600000000122 6.307923953962962e-05
836.700000000122 6.31015979711926e-05
836.800000000122 6.312396064563879e-05
836.9000000001221 6.314632676883653e-05
837.0000000001221 6.316869560966238e-05
837.1000000001221 6.317494678732426e-05
837.2000000001221 6.318119998272129e-05
837.3000000001222 6.31874546515147e-05
837.4000000001222 6.319371031355159e-05
837.5000000001222 6.31999665522834e-05
837.6000000001222 6.319328422088156e-05
837.7000000001223 6.318659928613049e-05
837.8000000001223 6.317991133137446e-05
837.9000000001223 6.317321987590385e-05
838.0000000001223 6.316652437522069e-05
838.1000000001223 6.318811482556643e-05
838.2000000001224 6.320969602387247e-05
838.3000000001224 6.323126722503013e-05
838.4000000001224 6.325282761886379e-05
838.5000000001224 6.327437632953678e-05
838.6000000001225 6.32829869669059e-05
838.7000000001225 6.329159295308445e-05
838.8000000001225 6.330019534870659e-05
838.9000000001225 6.330879527925762e-05
839.0000000001226 6.331739393503831e-05
839.1000000001226 6.331300147808349e-05
839.2000000001226 6.330861209649961e-05
839.3000000001226 6.330422717327314e-05
839.4000000001226 6.329984815508828e-05
839.5000000001227 6.329547655285756e-05
839.6000000001227 6.330403049769903e-05
839.7000000001227 6.331258607950709e-05
839.8000000001227 6.332114288122665e-05
839.9000000001228 6.332970042123894e-05
840.0000000001228 6.333825815328195e-05
840.1000000001228 6.331997163681642e-05
840.2000000001228 6.33016881569292e-05
840.3000000001228 6.328340697325183e-05
840.4000000001229 6.326512728211852e-05
840.5000000001229 6.324684821618904e-05
840.6000000001229 6.322856884520464e-05
840.7000000001229 6.321029177707414e-05
840.800000000123 6.319201701106328e-05
840.900000000123 6.317374454663387e-05
841.000000000123 6.315547438294302e-05
841.100000000123 6.316358428754847e-05
841.200000000123 6.317169224563763e-05
841.3000000001231 6.317979825659384e-05
841.4000000001231 6.31879023198594e-05
841.5000000001231 6.319600443473465e-05
841.6000000001231 6.32041045979102e-05
841.7000000001232 6.321220281335807e-05
841.8000000001232 6.322029908234547e-05
841.9000000001232 6.322839340622117e-05
842.0000000001232 6.323648578634854e-05
842.1000000001233 6.324299748939252e-05
842.2000000001233 6.324950679380681e-05
842.3000000001233 6.325601370098576e-05
842.4000000001233 6.326251821267243e-05
842.5000000001234 6.326902033014353e-05
842.6000000001234 6.326263561078565e-05
842.7000000001234 6.32562510990628e-05
842.8000000001234 6.324986679434926e-05
842.9000000001234 6.324348269607748e-05
843.0000000001235 6.32370988035919e-05
843.1000000001235 6.321924445333873e-05
843.2000000001235 6.320139207309808e-05
843.3000000001235 6.318354166241934e-05
843.4000000001236 6.316569322058244e-05
843.5000000001236 6.314784674702754e-05
843.6000000001236 6.315557650484693e-05
843.7000000001236 6.316319349995313e-05
843.8000000001236 6.317075491685203e-05
843.9000000001237 6.317831373096773e-05
844.0000000001237 6.318591870530252e-05
844.1000000001237 6.317863696217159e-05
844.2000000001237 6.317148872110485e-05
844.3000000001238 6.31645099728436e-05
844.4000000001238 6.315773245581584e-05
844.5000000001238 6.31511836589467e-05
844.6000000001238 6.315774729298391e-05
844.7000000001239 6.316457943830588e-05
844.8000000001239 6.317169502605487e-05
844.9000000001239 6.317910475626832e-05
845.0000000001239 6.318681509639335e-05
845.1000000001239 6.319744484192752e-05
845.200000000124 6.32083762136599e-05
845.300000000124 6.32196030021356e-05
845.400000000124 6.323111475276039e-05
845.500000000124 6.324289676198339e-05
845.600000000124 6.324207598939533e-05
845.7000000001241 6.32414835388087e-05
845.8000000001241 6.324109181100236e-05
845.9000000001241 6.324086896584531e-05
846.0000000001241 6.324077892202589e-05
846.1000000001242 6.322659015225966e-05
846.2000000001242 6.321244985859858e-05
846.3000000001242 6.319830923599994e-05
846.4000000001242 6.318411528561634e-05
846.5000000001243 6.316981081993789e-05
846.6000000001243 6.318103871517056e-05
846.7000000001243 6.319226554769664e-05
846.8000000001243 6.320349131803056e-05
846.9000000001244 6.321471602661653e-05
847.0000000001244 6.322593967374515e-05
847.1000000001244 6.322369126859239e-05
847.2000000001244 6.322144239091907e-05
847.3000000001244 6.321919304128794e-05
847.4000000001245 6.32169432204529e-05
847.5000000001245 6.321469292887813e-05
847.6000000001245 6.319959411272827e-05
847.7000000001245 6.318449574026336e-05
847.8000000001246 6.316939781039509e-05
847.9000000001246 6.315430032205067e-05
848.0000000001246 6.313920327419186e-05
848.1000000001246 6.313803915160095e-05
848.2000000001246 6.313687448178951e-05
848.3000000001247 6.313570926340403e-05
848.4000000001247 6.313454349517273e-05
848.5000000001247 6.31333771757724e-05
848.6000000001247 6.313238225906383e-05
848.7000000001248 6.313149732211176e-05
848.8000000001248 6.313066518149363e-05
848.9000000001248 6.312983289515898e-05
849.0000000001248 6.312895176158332e-05
849.1000000001249 6.312625088565922e-05
849.2000000001249 6.312341659893536e-05
849.3000000001249 6.312041293346061e-05
849.4000000001249 6.311720816444019e-05
849.5000000001249 6.31137748095502e-05
849.600000000125 6.311008963094252e-05
849.700000000125 6.310613362837016e-05
849.800000000125 6.310189204192627e-05
849.900000000125 6.309735435116136e-05
850.000000000125 6.309251427349927e-05
850.1000000001251 6.308751571246447e-05
850.2000000001251 6.308221475537825e-05
850.3000000001251 6.307661782310204e-05
850.4000000001251 6.307073556803529e-05
850.5000000001252 6.306458287200078e-05
850.6000000001252 6.305817884402416e-05
850.7000000001252 6.305154681423242e-05
850.8000000001252 6.304471433729117e-05
850.9000000001253 6.30377131873669e-05
851.0000000001253 6.303057935543221e-05
851.1000000001253 6.301065203530591e-05
851.2000000001253 6.299067953217271e-05
851.3000000001254 6.297071047138195e-05
851.4000000001254 6.295079764222828e-05
851.5000000001254 6.293099799200748e-05
851.6000000001254 6.293700365107576e-05
851.7000000001254 6.294300657860498e-05
851.8000000001255 6.29490067759507e-05
851.9000000001255 6.295500424448353e-05
852.0000000001255 6.29609989855071e-05
852.1000000001255 6.29534227426951e-05
852.2000000001256 6.294584673002053e-05
852.3000000001256 6.293827094891627e-05
852.4000000001256 6.293069540076423e-05
852.5000000001256 6.292312008704207e-05
852.6000000001256 6.292834573301245e-05
852.7000000001257 6.293356853179067e-05
852.8000000001257 6.293878848306546e-05
852.9000000001257 6.294400558625273e-05
853.0000000001257 6.294921984087911e-05
853.1000000001258 6.294355287135927e-05
853.2000000001258 6.293788571397678e-05
853.3000000001258 6.293221836815277e-05
853.4000000001258 6.292655083317208e-05
853.5000000001259 6.292088310843069e-05
853.6000000001259 6.290225617140667e-05
853.7000000001259 6.288352130532051e-05
853.8000000001259 6.286473555603282e-05
853.9000000001259 6.28459516871102e-05
854.000000000126 6.282721818539312e-05
854.100000000126 6.281876479746319e-05
854.200000000126 6.281044407172722e-05
854.300000000126 6.280229178487892e-05
854.400000000126 6.279433948306064e-05
854.5000000001261 6.278661448486659e-05
854.6000000001261 6.279191285594585e-05
854.7000000001261 6.279747757164814e-05
854.8000000001261 6.28033234600516e-05
854.9000000001262 6.28094611419783e-05
855.0000000001262 6.281589702951116e-05
855.1000000001262 6.280923261726838e-05
855.2000000001262 6.280286904733637e-05
855.3000000001263 6.279679990444e-05
855.4000000001263 6.279101456487264e-05
855.5000000001263 6.278549819796699e-05
855.6000000001263 6.278023176496619e-05
855.7000000001264 6.277519202354365e-05
855.8000000001264 6.277035153151888e-05
855.9000000001264 6.276567864556876e-05
856.0000000001264 6.276113752253891e-05
856.1000000001264 6.275929299199258e-05
856.2000000001265 6.275749566995614e-05
856.3000000001265 6.275569712074254e-05
856.4000000001265 6.275384470601003e-05
856.5000000001265 6.27518815852125e-05
856.6000000001266 6.274974671706206e-05
856.7000000001266 6.274761107458053e-05
856.8000000001266 6.274547465829967e-05
856.9000000001266 6.27433374688124e-05
857.0000000001266 6.274119950676762e-05
857.1000000001267 6.273519863106011e-05
857.2000000001267 6.272919733674246e-05
857.3000000001267 6.272319562447569e-05
857.4000000001267 6.271719349484722e-05
857.5000000001268 6.271119094858372e-05
857.6000000001268 6.271793294593785e-05
857.7000000001268 6.272467208554715e-05
857.8000000001268 6.273140836576009e-05
857.9000000001269 6.273814178500468e-05
858.0000000001269 6.274487234171164e-05
858.1000000001269 6.274196793964948e-05
858.2000000001269 6.273906266787973e-05
858.3000000001269 6.27361565250877e-05
858.400000000127 6.27332495098429e-05
858.500000000127 6.27303416208612e-05
858.600000000127 6.27276037094715e-05
858.700000000127 6.272497473392684e-05
858.800000000127 6.272239787138044e-05
858.9000000001271 6.271982051921478e-05
859.0000000001271 6.27171942933545e-05
859.1000000001271 6.271352983238514e-05
859.2000000001271 6.270973249228082e-05
859.3000000001272 6.270576654746623e-05
859.4000000001272 6.270160048982722e-05
859.5000000001272 6.269720702783312e-05
859.6000000001272 6.269256308800322e-05
859.7000000001273 6.268764980781437e-05
859.8000000001273 6.268245253815874e-05
859.9000000001273 6.267696084180905e-05
860.0000000001273 6.267116849217062e-05
860.1000000001274 6.266374980377677e-05
860.2000000001274 6.26560307606321e-05
860.3000000001274 6.264801777523747e-05
860.4000000001274 6.263972146185728e-05
860.5000000001274 6.26311566332676e-05
860.6000000001275 6.262234229798963e-05
860.7000000001275 6.261330165321016e-05
860.8000000001275 6.260406208776558e-05
860.9000000001275 6.259465517598755e-05
861.0000000001276 6.258511667415517e-05
861.1000000001276 6.257643679886159e-05
861.2000000001276 6.256770909236657e-05
861.3000000001276 6.255898183643417e-05
861.4000000001276 6.255030748484816e-05
861.5000000001277 6.25417426609824e-05
861.6000000001277 6.253334815269282e-05
861.7000000001277 6.252495359150377e-05
861.8000000001277 6.251655897884304e-05
861.9000000001278 6.250816431589001e-05
862.0000000001278 6.249976960405218e-05
862.1000000001278 6.25045076114406e-05
862.2000000001278 6.250924222153206e-05
862.3000000001279 6.251397343556274e-05
862.4000000001279 6.251870125485015e-05
862.5000000001279 6.252342568071028e-05
862.6000000001279 6.25154660952961e-05
862.700000000128 6.250750634629649e-05
862.800000000128 6.249954643304668e-05
862.900000000128 6.249158635500494e-05
863.000000000128 6.248362611161761e-05
863.100000000128 6.247218700299665e-05
863.2000000001281 6.246074860517157e-05
863.3000000001281 6.244931091761727e-05
863.4000000001281 6.243787393954317e-05
863.5000000001281 6.242643767048087e-05
863.6000000001281 6.241483206098075e-05
863.7000000001282 6.240311792018085e-05
863.8000000001282 6.239135182814594e-05
863.9000000001282 6.237958613916858e-05
864.0000000001282 6.23678689854266e-05
864.1000000001283 6.235972281914275e-05
864.2000000001283 6.23517077111174e-05
864.3000000001283 6.234385917838681e-05
864.4000000001283 6.23362085389793e-05
864.5000000001284 6.232878291460017e-05
864.6000000001284 6.232160523667642e-05
864.7000000001284 6.231469424645187e-05
864.8000000001284 6.230806449513623e-05
864.9000000001284 6.230172634900862e-05
865.0000000001285 6.229568599213124e-05
865.1000000001285 6.228754983986672e-05
865.2000000001285 6.227971184500383e-05
865.3000000001285 6.227216562415956e-05
865.4000000001286 6.226490062080478e-05
865.5000000001286 6.225790210827775e-05
865.6000000001286 6.225115118872182e-05
865.7000000001286 6.224462479768971e-05
865.8000000001286 6.223829570925353e-05
865.9000000001287 6.223213253426417e-05
866.0000000001287 6.222609972287626e-05
866.1000000001287 6.221896544342324e-05
866.2000000001287 6.221187799045721e-05
866.3000000001288 6.220478934158397e-05
866.4000000001288 6.219764732512155e-05
866.5000000001288 6.21903956226528e-05
866.6000000001288 6.218297377218823e-05
866.7000000001289 6.217555123146105e-05
866.8000000001289 6.216812800107123e-05
866.9000000001289 6.2160704081679e-05
867.0000000001289 6.215327947400827e-05
867.100000000129 6.214874708400381e-05
867.200000000129 6.214421342687969e-05
867.300000000129 6.213967850320552e-05
867.400000000129 6.213514231341325e-05
867.500000000129 6.213060485805634e-05
867.6000000001291 6.21260661402997e-05
867.7000000001291 6.212152615599561e-05
867.8000000001291 6.211698490364425e-05
867.9000000001291 6.211244238176062e-05
868.0000000001291 6.210789858880636e-05
868.1000000001292 6.210014294271796e-05
868.2000000001292 6.209238645248843e-05
868.3000000001292 6.208462911688548e-05
868.4000000001292 6.207687093469256e-05
868.5000000001293 6.206911190457883e-05
868.6000000001293 6.206169010775111e-05
868.7000000001293 6.205448468377489e-05
868.8000000001293 6.204738315981603e-05
868.9000000001294 6.204028144592127e-05
869.0000000001294 6.203308382888389e-05
869.1000000001294 6.202665238520577e-05
869.2000000001294 6.201995851267581e-05
869.3000000001294 6.201293158651372e-05
869.4000000001295 6.200550933865346e-05
869.5000000001295 6.199763785535318e-05
869.6000000001295 6.200184545974596e-05
869.7000000001295 6.20055174396127e-05
869.8000000001296 6.200862458433447e-05
869.9000000001296 6.201114600640315e-05