300.0 0.0
300.1 0.0
300.20000000000005 0.0
300.30000000000007 0.0
300.4000000000001 0.0
300.5000000000001 0.0
300.60000000000014 0.0
300.70000000000016 0.0
300.8000000000002 0.0
300.9000000000002 0.0
301.0000000000002 0.0
301.10000000000025 0.0
301.2000000000003 0.0
301.3000000000003 0.0
301.4000000000003 0.0
301.50000000000034 0.0
301.60000000000036 0.0
301.7000000000004 0.0
301.8000000000004 0.0
301.90000000000043 0.0
302.00000000000045 0.0
302.1000000000005 0.0
302.2000000000005 0.0
302.3000000000005 0.0
302.40000000000055 0.0
302.50000000000057 0.0
302.6000000000006 0.0
302.7000000000006 0.0
302.80000000000064 0.0
302.90000000000066 0.0
303.0000000000007 0.0
303.1000000000007 0.0
303.2000000000007 0.0
303.30000000000075 0.0
303.4000000000008 0.0
303.5000000000008 0.0
303.6000000000008 0.0
303.70000000000084 0.0
303.80000000000086 0.0
303.9000000000009 0.0
304.0000000000009 0.0
304.10000000000093 0.0
304.20000000000095 0.0
304.300000000001 0.0
304.400000000001 0.0
304.500000000001 0.0
304.60000000000105 0.0
304.70000000000107 0.0
304.8000000000011 0.0
304.9000000000011 0.0
305.00000000000114 0.0
305.10000000000116 0.0
305.2000000000012 0.0
305.3000000000012 0.0
305.4000000000012 0.0
305.50000000000125 0.0
305.6000000000013 0.0
305.7000000000013 0.0
305.8000000000013 0.0
305.90000000000134 0.0
306.00000000000136 0.0
306.1000000000014 0.0
306.2000000000014 0.0
306.30000000000143 0.0
306.40000000000146 0.0
306.5000000000015 0.0
306.6000000000015 0.0
306.7000000000015 0.0
306.80000000000155 0.0
306.90000000000157 0.0
307.0000000000016 0.0
307.1000000000016 0.0
307.20000000000164 0.0
307.30000000000166 0.0
307.4000000000017 0.0
307.5000000000017 0.0
307.6000000000017 0.0
307.70000000000175 0.0
307.8000000000018 0.0
307.9000000000018 0.0
308.0000000000018 0.0
308.10000000000184 0.0
308.20000000000186 0.0
308.3000000000019 0.0
308.4000000000019 0.0
308.50000000000193 0.0
308.60000000000196 0.0
308.700000000002 0.0
308.800000000002 0.0
308.900000000002 0.0
309.00000000000205 0.0
309.10000000000207 0.0
309.2000000000021 0.0
309.3000000000021 0.0
309.40000000000214 0.0
309.50000000000216 0.0
309.6000000000022 0.0
309.7000000000022 0.0
309.8000000000022 0.0
309.90000000000225 0.0
310.0000000000023 0.0
310.1000000000023 0.0
310.2000000000023 0.0
310.30000000000234 0.0
310.40000000000236 0.0
310.5000000000024 0.0
310.6000000000024 0.0
310.70000000000243 0.0
310.80000000000246 0.0
310.9000000000025 0.0
311.0000000000025 0.0
311.1000000000025 0.0
311.20000000000255 0.0
311.30000000000257 0.0
311.4000000000026 0.0
311.5000000000026 0.0
311.60000000000264 0.0
311.70000000000266 0.0
311.8000000000027 0.0
311.9000000000027 0.0
312.00000000000273 0.0
312.10000000000275 0.0
312.2000000000028 0.0
312.3000000000028 0.0
312.4000000000028 0.0
312.50000000000284 0.0
312.60000000000286 0.0
312.7000000000029 0.0
312.8000000000029 0.0
312.90000000000293 0.0
313.00000000000296 0.0
313.100000000003 0.0
313.200000000003 0.0
313.300000000003 0.0
313.40000000000305 0.0
313.50000000000307 0.0
313.6000000000031 0.0
313.7000000000031 0.0
313.80000000000314 0.0
313.90000000000316 0.0
314.0000000000032 0.0
314.1000000000032 0.0
314.20000000000323 0.0
314.30000000000325 0.0
314.4000000000033 0.0
314.5000000000033 0.0
314.6000000000033 0.0
314.70000000000334 0.0
314.80000000000337 0.0
314.9000000000034 0.0
315.0000000000034 0.0
315.10000000000343 0.0
315.20000000000346 0.0
315.3000000000035 0.0
315.4000000000035 0.0
315.5000000000035 0.0
315.60000000000355 0.0
315.70000000000357 0.0
315.8000000000036 0.0
315.9000000000036 0.0
316.00000000000364 0.0
316.10000000000366 0.0
316.2000000000037 0.0
316.3000000000037 0.0
316.40000000000373 0.0
316.50000000000375 0.0
316.6000000000038 0.0
316.7000000000038 0.0
316.8000000000038 0.0
316.90000000000384 0.0
317.00000000000387 0.0
317.1000000000039 0.0
317.2000000000039 0.0
317.30000000000393 0.0
317.40000000000396 0.0
317.500000000004 0.0
317.600000000004 0.0
317.700000000004 0.0
317.80000000000405 0.0
317.90000000000407 0.0
318.0000000000041 0.0
318.1000000000041 0.0
318.20000000000414 0.0
318.30000000000416 0.0
318.4000000000042 0.0
318.5000000000042 0.0
318.60000000000423 0.0
318.70000000000425 0.0
318.8000000000043 0.0
318.9000000000043 0.0
319.0000000000043 0.0
319.10000000000434 0.0
319.20000000000437 0.0
319.3000000000044 0.0
319.4000000000044 0.0
319.50000000000443 0.0
319.60000000000446 0.0
319.7000000000045 0.0
319.8000000000045 0.0
319.9000000000045 0.0
320.00000000000455 2.608869266023373e-22
320.10000000000457 6.862571085041226e-12
320.2000000000046 1.626854545004664e-11
320.3000000000046 2.8687964396523257e-11
320.40000000000464 4.4634300768670185e-11
320.50000000000466 6.466582158962241e-11
320.6000000000047 8.95330049259959e-11
320.7000000000047 1.1983661519473885e-10
320.80000000000473 1.5630415958495064e-10
320.90000000000475 1.9971726550069323e-10
321.0000000000048 2.5091327577556116e-10
321.1000000000048 3.183320768183344e-10
321.2000000000048 3.971737395177138e-10
321.30000000000484 4.884235764642338e-10
321.40000000000487 5.930860373510596e-10
321.5000000000049 7.121847181240911e-10
321.6000000000049 8.411202203716658e-10
321.70000000000493 9.84627031075741e-10
321.80000000000496 1.1434568914988235e-09
321.900000000005 1.3183565778659266e-09
322.000000000005 1.5100677600778475e-09
322.100000000005 1.741790698738026e-09
322.20000000000505 1.9963220538734223e-09
322.30000000000507 2.274774326228702e-09
322.4000000000051 2.5782652359155363e-09
322.5000000000051 2.9079176786460683e-09
322.60000000000514 3.292382071261634e-09
322.70000000000516 3.7118313248415742e-09
322.8000000000052 4.168173709952787e-09
322.9000000000052 4.6633644813881795e-09
323.00000000000523 5.199406274653162e-09
323.10000000000525 5.9708311151900165e-09
323.2000000000053 6.8211456286571045e-09
323.3000000000053 7.75520703256862e-09
323.4000000000053 8.778006281576449e-09
323.50000000000534 9.894668789753337e-09
323.60000000000537 1.10417566835276e-08
323.7000000000054 1.2278641310758627e-08
323.8000000000054 1.3609307211476378e-08
323.90000000000543 1.5037801651615337e-08
324.00000000000546 1.6568234787969987e-08
324.1000000000055 1.851528927503892e-08
324.2000000000055 2.0607310945604746e-08
324.3000000000055 2.2849211707462818e-08
324.40000000000555 2.5245869669339028e-08
324.50000000000557 2.7802128838206408e-08
324.6000000000056 3.050822952062498e-08
324.7000000000056 3.3380677269803465e-08
324.80000000000564 3.64239396781661e-08
324.90000000000566 3.9642437399147384e-08
325.0000000000057 4.304054404806238e-08
325.1000000000057 4.723823481464026e-08
325.20000000000573 5.171314597926598e-08
325.30000000000575 5.647563743726436e-08
325.4000000000058 6.15362061908306e-08
325.5000000000058 6.690548768160693e-08
325.6000000000058 7.290360781187837e-08
325.70000000000584 7.92812240310507e-08
325.80000000000587 8.605325108999668e-08
325.9000000000059 9.323488852946361e-08
326.0000000000059 1.0084162390549472e-07
326.10000000000593 1.0774586375278682e-07
326.20000000000596 1.1498683350247573e-07
326.300000000006 1.2257491299906895e-07
326.400000000006 1.3052065366013176e-07
326.500000000006 1.3883478192066855e-07
326.60000000000605 1.4681109724046835e-07
326.70000000000607 1.5509788743375283e-07
326.8000000000061 1.6370185365572512e-07
326.9000000000061 1.726297404331781e-07
327.00000000000614 1.8188833578184155e-07
327.10000000000616 1.938645298374479e-07
327.2000000000062 2.063446021867002e-07
327.3000000000062 2.1933797368633066e-07
327.40000000000623 2.3285399983346025e-07
327.50000000000625 2.4690197023417943e-07
327.6000000000063 2.617256292430431e-07
327.7000000000063 2.77127882946725e-07
327.8000000000063 2.931195230243034e-07
327.90000000000634 3.09711321084252e-07
328.00000000000637 3.2691402836177847e-07
328.1000000000064 3.443056057978998e-07
328.2000000000064 3.6235995772587894e-07
328.30000000000643 3.810931070857026e-07
328.40000000000646 4.005212705074333e-07
328.5000000000065 4.206608590523559e-07
328.6000000000065 4.4249615658281534e-07
328.7000000000065 4.651617521923471e-07
328.80000000000655 4.886786443392147e-07
328.90000000000657 5.13068132818508e-07
329.0000000000066 5.383518194962324e-07
329.1000000000066 5.645058192529429e-07
329.20000000000664 5.9156473092298e-07
329.30000000000666 6.195483807912428e-07
329.4000000000067 6.484768179735613e-07
329.5000000000067 6.783703131738169e-07
329.60000000000673 7.068782183592938e-07
329.70000000000675 7.361956573270905e-07
329.8000000000068 7.663352963921719e-07
329.9000000000068 7.973098458200418e-07
330.0000000000068 8.291320557816061e-07
330.10000000000684 8.609489073360979e-07
330.20000000000687 8.93553959238348e-07
330.3000000000069 9.269560073011085e-07
330.4000000000069 9.611637770452618e-07
330.50000000000693 9.9618591721217e-07
330.60000000000696 1.0333423837495973e-06
330.700000000007 1.0714281062989098e-06
330.800000000007 1.1104551588925565e-06
330.900000000007 1.1504355750694133e-06
331.00000000000705 1.191381339018585e-06
331.10000000000707 1.2244006409490044e-06
331.2000000000071 1.258092216354064e-06
331.3000000000071 1.292464670749971e-06
331.40000000000714 1.3275265805147979e-06
331.50000000000716 1.363286484432577e-06
331.6000000000072 1.4026738950893548e-06
331.7000000000072 1.4429190714202516e-06
331.80000000000723 1.4840348669762222e-06
331.90000000000725 1.5260342437644325e-06
332.0000000000073 1.5689302722807557e-06
332.1000000000073 1.6181922826434363e-06
332.2000000000073 1.6685818857949504e-06
332.30000000000734 1.720115915220796e-06
332.40000000000737 1.7728113329832594e-06
332.5000000000074 1.8266852295672382e-06
332.6000000000074 1.877971641402541e-06
332.70000000000744 1.9302668829804456e-06
332.80000000000746 1.9835828504630803e-06
332.9000000000075 2.037931502648968e-06
333.0000000000075 2.093324861445553e-06
333.1000000000075 2.1365808382738607e-06
333.20000000000755 2.180417839808241e-06
333.30000000000757 2.2248393634141458e-06
333.4000000000076 2.2698488990171777e-06
333.5000000000076 2.3154499292609065e-06
333.60000000000764 2.364499178815764e-06
333.70000000000766 2.4142584525916262e-06
333.8000000000077 2.464737705691354e-06
333.9000000000077 2.5159469281146056e-06
334.00000000000773 2.56789612307389e-06
334.10000000000775 2.6195022369161514e-06
334.2000000000078 2.671901809868677e-06
334.3000000000078 2.7251067936740967e-06
334.4000000000078 2.779129084388929e-06
334.50000000000784 2.8339804956003956e-06
334.60000000000787 2.890820553066841e-06
334.7000000000079 2.9485512669110734e-06
334.8000000000079 3.007184805586025e-06
334.90000000000794 3.0667331427434433e-06
335.00000000000796 3.1272080217455936e-06
335.100000000008 3.179693425840954e-06
335.200000000008 3.2328748614881067e-06
335.300000000008 3.2867591268322075e-06
335.40000000000805 3.341352597493915e-06
335.5000000000081 3.39666118863705e-06
335.6000000000081 3.44867584465491e-06
335.7000000000081 3.5012999049159026e-06
335.80000000000814 3.554535708736146e-06
335.90000000000816 3.608384967199923e-06
336.0000000000082 3.6628487219606776e-06
336.1000000000082 3.716155037389912e-06
336.20000000000823 3.770000472360646e-06
336.30000000000825 3.824382291821672e-06
336.4000000000083 3.879296911213236e-06
336.5000000000083 3.9347398513209234e-06
336.6000000000083 3.9907053617835004e-06
336.70000000000834 4.047217441667936e-06
336.80000000000837 4.104279063484093e-06
336.9000000000084 4.1618931959356266e-06
337.0000000000084 4.220062803289128e-06
337.10000000000844 4.2708953598451736e-06
337.20000000000846 4.322175348780332e-06
337.3000000000085 4.373905329854475e-06
337.4000000000085 4.426087861020346e-06
337.5000000000085 4.478725497875668e-06
337.60000000000855 4.5406001768508836e-06
337.7000000000086 4.603136335279485e-06
337.8000000000086 4.666339091808079e-06
337.9000000000086 4.730213596366683e-06
338.00000000000864 4.794765030587987e-06
338.10000000000866 4.856167436952302e-06
338.2000000000087 4.918179208258169e-06
338.3000000000087 4.9808047544757665e-06
338.40000000000873 5.044048513255453e-06
338.50000000000875 5.107914950353962e-06
338.6000000000088 5.166551195431679e-06
338.7000000000088 5.225702473868994e-06
338.8000000000088 5.285369566753142e-06
338.90000000000884 5.3455533308761345e-06
339.00000000000887 5.406254706177254e-06
339.1000000000089 5.469790612668221e-06
339.2000000000089 5.533876127282153e-06
339.30000000000894 5.598512610697885e-06
339.40000000000896 5.6637015358438115e-06
339.500000000009 5.729444496740806e-06
339.600000000009 5.791396953970292e-06
339.700000000009 5.853814020797747e-06
339.80000000000905 5.916696884188974e-06
339.9000000000091 5.980046908129608e-06
340.0000000000091 6.043865644074657e-06
340.1000000000091 6.087877061804044e-06
340.20000000000914 6.132120523654098e-06
340.30000000000916 6.176597077290599e-06
340.4000000000092 6.221307995421351e-06
340.5000000000092 6.266254783579946e-06
340.60000000000923 6.3161542349053355e-06
340.70000000000925 6.366353543160706e-06
340.8000000000093 6.41685533368861e-06
340.9000000000093 6.4676624896662606e-06
341.0000000000093 6.518778161136373e-06
341.10000000000935 6.5781825200921615e-06
341.20000000000937 6.6380010261954824e-06
341.3000000000094 6.698238334444041e-06
341.4000000000094 6.75889942027753e-06
341.50000000000944 6.819989591165666e-06
341.60000000000946 6.881514782339727e-06
341.7000000000095 6.943467845022935e-06
341.8000000000095 7.0058508369104665e-06
341.9000000000095 7.068665819794019e-06
342.00000000000955 7.131914859541107e-06
342.1000000000096 7.189212575026496e-06
342.2000000000096 7.246866870464701e-06
342.3000000000096 7.304879262654031e-06
342.40000000000964 7.363251270429033e-06
342.50000000000966 7.4219844145994095e-06
342.6000000000097 7.475625547687881e-06
342.7000000000097 7.529556169433841e-06
342.80000000000973 7.583777252714121e-06
342.90000000000975 7.638289770156885e-06
343.0000000000098 7.69309469423005e-06
343.1000000000098 7.732485648398493e-06
343.2000000000098 7.772029552244526e-06
343.30000000000985 7.81172672957991e-06
343.40000000000987 7.851577503115324e-06
343.5000000000099 7.89158219447525e-06
343.6000000000099 7.931762375360303e-06
343.70000000000994 7.972111512602596e-06
343.80000000000996 8.01262313654927e-06
343.90000000001 8.053291176645909e-06
344.00000000001 8.094109973744466e-06
344.10000000001 8.130034078404173e-06
344.20000000001005 8.166065550688739e-06
344.3000000000101 8.202199969618953e-06
344.4000000000101 8.238433386212764e-06
344.5000000000101 8.274762334984361e-06
344.60000000001014 8.3171915491089e-06
344.70000000001016 8.359754675478758e-06
344.8000000000102 8.402449604661342e-06
344.9000000000102 8.445274748101414e-06
345.00000000001023 8.488229052084405e-06
345.10000000001025 8.53903253535376e-06
345.2000000000103 8.590032439764371e-06
345.3000000000103 8.641229611072122e-06
345.4000000000103 8.692625490809122e-06
345.50000000001035 8.744222133575776e-06
345.60000000001037 8.792884150439356e-06
345.7000000000104 8.841722591250905e-06
345.8000000000104 8.890741328461433e-06
345.90000000001044 8.939944913154781e-06
346.00000000001046 8.98933859228902e-06
346.1000000000105 9.030617906549303e-06
346.2000000000105 9.072035699801238e-06
346.3000000000105 9.113599150644943e-06
346.40000000001055 9.155316176542167e-06
346.5000000000106 9.197195448795986e-06
346.6000000000106 9.239246027374077e-06
346.7000000000106 9.281443942136885e-06
346.80000000001064 9.32378973311264e-06
346.90000000001066 9.366283944161686e-06
347.0000000000107 9.408927122954091e-06
347.1000000000107 9.4674971438245e-06
347.20000000001073 9.526346311285065e-06
347.30000000001075 9.58547574725234e-06
347.4000000000108 9.644886580140536e-06
347.5000000000108 9.70457994497283e-06
347.6000000000108 9.764557385459772e-06
347.70000000001085 9.82481935398841e-06
347.80000000001087 9.885366699444355e-06
347.9000000000109 9.946200270146657e-06
348.0000000000109 1.00073209137997e-05
348.10000000001094 1.0045919719737389e-05
348.20000000001096 1.0084632926964535e-05
348.300000000011 1.0123460666331087e-05
348.400000000011 1.0162403067435823e-05
348.500000000011 1.0201460258443225e-05
348.60000000001105 1.0244252248883742e-05
348.7000000000111 1.0287209014539156e-05
348.8000000000111 1.0330317095016903e-05
348.9000000000111 1.037356383894039e-05
349.00000000001114 1.0416937423475558e-05
349.10000000001116 1.0462750915636139e-05
349.2000000000112 1.0508685557625524e-05
349.3000000000112 1.0554732158300822e-05
349.40000000001123 1.0600882429428517e-05
349.50000000001125 1.0647129007599035e-05
349.6000000000113 1.0693465476373465e-05
349.7000000000113 1.0739886999954756e-05
349.8000000000113 1.0786389312388918e-05
349.90000000001135 1.0832969176951633e-05
350.00000000001137 1.0879624409417736e-05
350.1000000000114 1.0917899566196507e-05
350.2000000000114 1.0956196251829091e-05
350.30000000001144 1.0994515590973334e-05
350.40000000001146 1.103285984830713e-05
350.5000000000115 1.107123244806707e-05
350.6000000000115 1.1113467583078412e-05
350.7000000000115 1.1155764688053837e-05
350.80000000001155 1.1198130612268451e-05
350.9000000000116 1.12405734409056e-05
351.0000000000116 1.1283102516881774e-05
351.1000000000116 1.1313759770829463e-05
351.20000000001164 1.1344463573653673e-05
351.30000000001166 1.1375227012957347e-05
351.4000000000117 1.1406064463577656e-05
351.5000000000117 1.143699160390317e-05
351.60000000001173 1.1471958697738875e-05
351.70000000001176 1.1507005006493728e-05
351.8000000000118 1.1542130485685188e-05
351.9000000000118 1.157733510076365e-05
352.0000000000118 1.1612618827131356e-05
352.10000000001185 1.1643602921582543e-05
352.20000000001187 1.167464236933035e-05
352.3000000000119 1.1705737118179907e-05
352.4000000000119 1.173688712681782e-05
352.50000000001194 1.1768092364793353e-05
352.60000000001196 1.1795342547778418e-05
352.700000000012 1.1822634208794398e-05
352.800000000012 1.1849967655087328e-05
352.900000000012 1.1877343184448582e-05
353.00000000001205 1.1904761085022194e-05
353.1000000000121 1.1946981689064835e-05
353.2000000000121 1.1989315804305873e-05
353.3000000000121 1.2031763858295185e-05
353.40000000001214 1.2074326269649397e-05
353.50000000001216 1.2117003447943504e-05
353.6000000000122 1.215567451599046e-05
353.7000000000122 1.2194427300177516e-05
353.80000000001223 1.2233267370513295e-05
353.90000000001226 1.2272199956669158e-05
354.0000000000123 1.231122994172527e-05
354.1000000000123 1.2342034109406575e-05
354.2000000000123 1.2372906984692496e-05
354.30000000001235 1.2403852257384663e-05
354.40000000001237 1.243487323708201e-05
354.5000000000124 1.2465972848018584e-05
354.6000000000124 1.249715362420958e-05
354.70000000001244 1.2528416991759039e-05
354.80000000001246 1.2559764473236699e-05
354.9000000000125 1.2591197170639618e-05
355.0000000000125 1.2622715760002336e-05
355.1000000000125 1.2653958581369233e-05
355.20000000001255 1.268528605536798e-05
355.3000000000126 1.2716697542925588e-05
355.4000000000126 1.2748191957351961e-05
355.5000000000126 1.2779767758726863e-05
355.60000000001264 1.2811422948409573e-05
355.70000000001266 1.2843156524536649e-05
355.8000000000127 1.2874965995916796e-05
355.9000000000127 1.2906848426352168e-05
356.00000000001273 1.2938800429197509e-05
356.10000000001276 1.2976216570053914e-05
356.2000000000128 1.3013717763984459e-05
356.3000000000128 1.3051299292008593e-05
356.4000000000128 1.3088955954371249e-05
356.50000000001285 1.3126682064245738e-05
356.60000000001287 1.3168843567289379e-05
356.7000000000129 1.3211107933975908e-05
356.8000000000129 1.3253475331954902e-05
356.90000000001294 1.329594592894552e-05
357.00000000001296 1.3338519892852986e-05
357.100000000013 1.336904290722115e-05
357.200000000013 1.3399614928638698e-05
357.30000000001303 1.3430236001678422e-05
357.40000000001305 1.346090617103364e-05
357.5000000000131 1.3491625481327373e-05
357.6000000000131 1.3522393977183788e-05
357.7000000000131 1.3553211703252167e-05
357.80000000001314 1.3584078704182964e-05
357.90000000001316 1.3614995024603714e-05
358.0000000000132 1.3645960709190998e-05
358.1000000000132 1.367541455210703e-05
358.20000000001323 1.3704912313429546e-05
358.30000000001326 1.3734454029672387e-05
358.4000000000133 1.3764039737350326e-05
358.5000000000133 1.3793669473051377e-05
358.6000000000133 1.3818795793840727e-05
358.70000000001335 1.3843940895028042e-05
358.80000000001337 1.3869110807904812e-05
358.9000000000134 1.389431115702272e-05
359.0000000000134 1.3919547156029188e-05
359.10000000001344 1.3954535723649702e-05
359.20000000001346 1.3989603126696512e-05
359.3000000000135 1.4024753415697324e-05
359.4000000000135 1.4059990224344444e-05
359.50000000001353 1.4095316763761654e-05
359.60000000001355 1.4130734653834673e-05
359.7000000000136 1.4166246651973703e-05
359.8000000000136 1.4201855051694914e-05
359.9000000000136 1.4237561676727436e-05
360.00000000001364 1.4273367874977509e-05
360.10000000001367 1.4297940021785393e-05
360.2000000000137 1.4322574272051483e-05
360.3000000000137 1.4347270367387045e-05
360.40000000001373 1.4372027551321832e-05
360.50000000001376 1.4396844565185229e-05
360.6000000000138 1.4426401094031185e-05
360.7000000000138 1.4456026936907698e-05
360.8000000000138 1.4485719145226397e-05
360.90000000001385 1.4515474259582822e-05
361.00000000001387 1.4545288304574855e-05
361.1000000000139 1.4582313635269094e-05
361.2000000000139 1.4619416631207756e-05
361.30000000001394 1.465659179532619e-05
361.40000000001396 1.469383308219811e-05
361.500000000014 1.473113389140597e-05
361.600000000014 1.4768487061440504e-05
361.70000000001403 1.4805911810596997e-05
361.80000000001405 1.4843407984172423e-05
361.9000000000141 1.4880975410022736e-05
362.0000000000141 1.4918613898257428e-05
362.1000000000141 1.494847142701184e-05
362.20000000001414 1.4978371488255006e-05
362.30000000001417 1.5008313790481113e-05
362.4000000000142 1.5038298024346415e-05
362.5000000000142 1.50683238625093e-05
362.60000000001423 1.5103236399138269e-05
362.70000000001426 1.5138207761690693e-05
362.8000000000143 1.5173238110822619e-05
362.9000000000143 1.5208327623428416e-05
363.0000000000143 1.524347649300503e-05
363.10000000001435 1.5280914193288568e-05
363.20000000001437 1.5318420858925385e-05
363.3000000000144 1.5355996753140815e-05
363.4000000000144 1.5393642156550133e-05
363.50000000001444 1.5431357367435423e-05
363.60000000001446 1.546421087569476e-05
363.7000000000145 1.549711571211672e-05
363.8000000000145 1.5530072139873938e-05
363.90000000001453 1.5563080408287576e-05
364.00000000001455 1.559614075248105e-05
364.1000000000146 1.562532461925476e-05
364.2000000000146 1.5654546784240782e-05
364.3000000000146 1.5683807414470612e-05
364.40000000001464 1.5713106662046424e-05
364.50000000001467 1.574244466410372e-05
364.6000000000147 1.5771822840358108e-05
364.7000000000147 1.580124083979737e-05
364.80000000001473 1.5830698324904415e-05
364.90000000001476 1.5860194971419283e-05
365.0000000000148 1.5889730468614805e-05
365.1000000000148 1.592734501243466e-05
365.2000000000148 1.5965027526811746e-05
365.30000000001485 1.6002777796867752e-05
365.40000000001487 1.604059562118373e-05
365.5000000000149 1.607848081206083e-05
365.6000000000149 1.612152234077044e-05
365.70000000001494 1.616465083564594e-05
365.80000000001496 1.6207866631392567e-05
365.900000000015 1.6251170048566022e-05
366.000000000015 1.6294561393583144e-05
366.10000000001503 1.6326694719804795e-05
366.20000000001505 1.635887263274054e-05
366.3000000000151 1.639109530870656e-05
366.4000000000151 1.642336290854171e-05
366.5000000000151 1.6455675577364668e-05
366.60000000001514 1.6482861272653964e-05
366.70000000001517 1.651008026274694e-05
366.8000000000152 1.653733246100636e-05
366.9000000000152 1.656461781353164e-05
367.00000000001523 1.659193629962904e-05
367.10000000001526 1.6636040158924852e-05
367.2000000000153 1.6680236878200106e-05
367.3000000000153 1.6724526654585063e-05
367.4000000000153 1.6768909719912627e-05
367.50000000001535 1.6813386341085408e-05
367.60000000001537 1.6857956820643307e-05
367.7000000000154 1.690261957583202e-05
367.8000000000154 1.694737439996128e-05
367.90000000001544 1.6992221082808947e-05
368.00000000001546 1.7037159410628228e-05
368.1000000000155 1.7065671973804197e-05
368.2000000000155 1.709421765308752e-05
368.30000000001553 1.7122796121105116e-05
368.40000000001555 1.715140704816991e-05
368.5000000000156 1.7180050102303513e-05
368.6000000000156 1.721412123507476e-05
368.7000000000156 1.7248269670665906e-05
368.80000000001564 1.7282480720758656e-05
368.90000000001567 1.7316740737924766e-05
369.0000000000157 1.735103712662236e-05
369.1000000000157 1.7376466048772705e-05
369.20000000001573 1.7401885563669112e-05
369.30000000001576 1.7427286336021938e-05
369.4000000000158 1.745266014393552e-05
369.5000000000158 1.7477999887429803e-05
369.6000000000158 1.7508716897786295e-05
369.70000000001585 1.7539399325631785e-05
369.80000000001587 1.757004283331306e-05
369.9000000000159 1.7600644196184248e-05
370.0000000000159 1.763120131248701e-05
370.10000000001594 1.7663064658026495e-05
370.20000000001596 1.7694887619758544e-05
370.300000000016 1.77266715137918e-05
370.400000000016 1.7758418819493137e-05
370.50000000001603 1.7790133189798838e-05
370.60000000001605 1.7816340662629043e-05
370.7000000000161 1.7842514290732315e-05
370.8000000000161 1.7868660862308893e-05
370.9000000000161 1.7894788403323687e-05
371.00000000001614 1.7920906186318642e-05
371.10000000001617 1.7968264807819225e-05
371.2000000000162 1.801570747751678e-05
371.3000000000162 1.806324738655347e-05
371.40000000001623 1.8110899076120635e-05
371.50000000001626 1.8158678454284687e-05
371.6000000000163 1.8201028434745292e-05
371.7000000000163 1.824345215506399e-05
371.8000000000163 1.8285950063085764e-05
371.90000000001635 1.8328522609996282e-05
372.00000000001637 1.8371170250607226e-05
372.1000000000164 1.841243865467914e-05
372.2000000000164 1.8453777812661428e-05
372.30000000001644 1.8495188180613224e-05
372.40000000001646 1.8536670218007954e-05
372.5000000000165 1.8578224387716203e-05
372.6000000000165 1.8614179362843264e-05
372.70000000001653 1.8650189913229002e-05
372.80000000001655 1.8686255973368434e-05
372.9000000000166 1.8722377514788688e-05
373.0000000000166 1.8758554546230793e-05
373.1000000000166 1.8797205503470957e-05
373.20000000001664 1.883591874120341e-05
373.30000000001667 1.887469439261338e-05
373.4000000000167 1.8913532629726904e-05
373.5000000000167 1.895243366390032e-05
373.60000000001673 1.898558442668899e-05
373.70000000001676 1.901874529858066e-05
373.8000000000168 1.9051933477463165e-05
373.9000000000168 1.9085164967448974e-05
374.0000000000168 1.9118454567805972e-05
374.10000000001685 1.914829749144096e-05
374.20000000001687 1.9178211979357843e-05
374.3000000000169 1.920820910014685e-05
374.4000000000169 1.9238298665572794e-05
374.50000000001694 1.926848922070223e-05
374.60000000001696 1.9292962692399696e-05
374.700000000017 1.9317542304005702e-05
374.800000000017 1.9342232782249245e-05
374.90000000001703 1.9367037621455806e-05
375.00000000001705 1.9391959075906486e-05
375.1000000000171 1.9431095793892222e-05
375.2000000000171 1.9470388482111627e-05
375.3000000000171 1.9509835885136792e-05
375.40000000001714 1.9549435466959047e-05
375.50000000001717 1.958918339803428e-05
375.6000000000172 1.962317299532624e-05
375.7000000000172 1.9657279110714743e-05
375.80000000001723 1.9691493732823253e-05
375.90000000001726 1.9725807434185825e-05
376.0000000000173 1.976020935912083e-05
376.1000000000173 1.980667929769783e-05
376.2000000000173 1.9853251520364646e-05
376.30000000001735 1.9899910888720212e-05
376.40000000001737 1.9946640746867658e-05
376.5000000000174 1.9993422904749018e-05
376.6000000000174 2.0034242789255217e-05
376.70000000001744 2.007513175979748e-05
376.80000000001746 2.0116089769636127e-05
376.9000000000175 2.0157116811798827e-05
377.0000000000175 2.0198212919490126e-05
377.10000000001753 2.0241545018463488e-05
377.20000000001755 2.028495267762355e-05
377.3000000000176 2.0328436063875424e-05
377.4000000000176 2.0371995386079488e-05
377.5000000000176 2.041563089545982e-05
377.60000000001764 2.0453248354359077e-05
377.70000000001767 2.049092148758719e-05
377.8000000000177 2.0528649941794764e-05
377.9000000000177 2.056643336050447e-05
378.00000000001774 2.0604271384362656e-05
378.10000000001776 2.0643732739863592e-05
378.2000000000178 2.0683251205670413e-05
378.3000000000178 2.0722826416028003e-05
378.4000000000178 2.076245800196915e-05
378.50000000001785 2.080214559140077e-05
378.60000000001787 2.0835706226592793e-05
378.7000000000179 2.086930711067144e-05
378.8000000000179 2.090294911856089e-05
378.90000000001794 2.0936633130568745e-05
379.00000000001796 2.0970360032469326e-05
379.100000000018 2.10037564745713e-05
379.200000000018 2.1037196795987033e-05
379.30000000001803 2.1070681897857112e-05
379.40000000001805 2.1104212686763654e-05
379.5000000000181 2.1137790074883258e-05
379.6000000000181 2.1177677730047705e-05
379.7000000000181 2.121762818799579e-05
379.80000000001814 2.1257641395142977e-05
379.90000000001817 2.1297717275357015e-05
380.0000000000182 2.1337855729819323e-05
380.1000000000182 2.1378113986145763e-05
380.20000000001824 2.1418437014727612e-05
380.30000000001826 2.145882465571892e-05
380.4000000000183 2.1499276725598096e-05
380.5000000000183 2.1539793017262512e-05
380.6000000000183 2.1586727056667722e-05
380.70000000001835 2.163374444379126e-05
380.8000000000184 2.1680845229763925e-05
380.9000000000184 2.172802942126209e-05
381.0000000000184 2.1775296980061474e-05
381.10000000001844 2.181099088842809e-05
381.20000000001846 2.184673258773423e-05
381.3000000000185 2.1882521839990986e-05
381.4000000000185 2.1918358361015283e-05
381.50000000001853 2.195424182009871e-05
381.60000000001855 2.1996620488375044e-05
381.7000000000186 2.2039066276946713e-05
381.8000000000186 2.2081578893320542e-05
381.9000000000186 2.212415808685472e-05
382.00000000001864 2.2166803649452606e-05
382.10000000001867 2.2203320515093437e-05
382.2000000000187 2.2239887009770404e-05
382.3000000000187 2.2276503029464364e-05
382.40000000001874 2.231316851442639e-05
382.50000000001876 2.2349883449440193e-05
382.6000000000188 2.239318036280376e-05
382.7000000000188 2.243654203494862e-05
382.8000000000188 2.2479968839362763e-05
382.90000000001885 2.2523461129156653e-05
383.0000000000189 2.2567019236887852e-05
383.1000000000189 2.2609053671156827e-05
383.2000000000189 2.2651151218276755e-05
383.30000000001894 2.2693312144198907e-05
383.40000000001896 2.273553669338593e-05
383.500000000019 2.2777825088533495e-05
383.600000000019 2.2820209425568936e-05
383.70000000001903 2.2862679946208562e-05
383.80000000001905 2.2905226665847413e-05
383.9000000000191 2.294784031512389e-05
384.0000000000191 2.299051234673622e-05
384.1000000000191 2.30323040434305e-05
384.20000000001914 2.307413678965306e-05
384.30000000001917 2.311600424694316e-05
384.4000000000192 2.315790082843036e-05
384.5000000000192 2.3199821705827495e-05
384.60000000001924 2.324849760714321e-05
384.70000000001926 2.329720821315857e-05
384.8000000000193 2.334595021221088e-05
384.9000000000193 2.339472102398001e-05
385.0000000000193 2.3443518807051565e-05
385.10000000001935 2.348143462756311e-05
385.2000000000194 2.3519343932689843e-05
385.3000000000194 2.355724716819614e-05
385.4000000000194 2.3595145548135803e-05
385.50000000001944 2.3633041060915077e-05
385.60000000001946 2.3677765943611484e-05
385.7000000000195 2.3722514901031898e-05
385.8000000000195 2.3767293082133024e-05
385.90000000001953 2.381210649502557e-05
386.00000000001955 2.3856962014865298e-05
386.1000000000196 2.3892739802757633e-05
386.2000000000196 2.3928552715403467e-05
386.3000000000196 2.3964410241053093e-05
386.40000000001965 2.4000322750823172e-05
386.50000000001967 2.403630150522752e-05
386.6000000000197 2.40723586604352e-05
386.7000000000197 2.4108460722205775e-05
386.80000000001974 2.4144607735757082e-05
386.90000000001976 2.41807997462683e-05
387.0000000000198 2.421703679895774e-05
387.1000000000198 2.4272570433578862e-05
387.2000000000198 2.4328208433368226e-05
387.30000000001985 2.4383950953122495e-05
387.4000000000199 2.4439798147697634e-05
387.5000000000199 2.4495750172194155e-05
387.6000000000199 2.4544786362000324e-05
387.70000000001994 2.4593903616690747e-05
387.80000000001996 2.464310204284335e-05
387.90000000002 2.4692381747217266e-05
388.00000000002 2.4741742836675752e-05
388.10000000002003 2.478071583840783e-05
388.20000000002005 2.481973976678201e-05
388.3000000000201 2.4858814675174358e-05
388.4000000000201 2.4897940616965806e-05
388.5000000000201 2.493711764573368e-05
388.60000000002015 2.4983435814760864e-05
388.70000000002017 2.5029801565153676e-05
388.8000000000202 2.507622616635729e-05
388.9000000000202 2.5122720132275905e-05
389.00000000002024 2.5169293213557766e-05
389.10000000002026 2.5207842952173173e-05
389.2000000000203 2.524646828465661e-05
389.3000000000203 2.528517656338383e-05
389.4000000000203 2.5323974339075003e-05
389.50000000002035 2.5362867354592227e-05
389.6000000000204 2.5401860538862505e-05
389.7000000000204 2.544095800003384e-05
389.8000000000204 2.5480163019341126e-05
389.90000000002044 2.5519478044769847e-05
390.00000000002046 2.555890468452496e-05
390.1000000000205 2.5610273955391853e-05
390.2000000000205 2.5661789015233534e-05
390.30000000002053 2.5713449054362308e-05
390.40000000002055 2.576525239364338e-05
390.5000000000206 2.581719647576014e-05
390.6000000000206 2.5861963952485977e-05
390.7000000000206 2.5906843146476786e-05
390.80000000002065 2.5951828741185963e-05
390.90000000002067 2.5996914513557716e-05
391.0000000000207 2.604209332653277e-05
391.1000000000207 2.6078050145395486e-05
391.20000000002074 2.6114058712556136e-05
391.30000000002076 2.6150109063890516e-05
391.4000000000208 2.618619030573869e-05
391.5000000000208 2.6222290608860748e-05
391.6000000000208 2.6258396123171382e-05
391.70000000002085 2.6294542782642792e-05
391.8000000000209 2.6330730984173183e-05
391.9000000000209 2.636696110012466e-05
392.0000000000209 2.640323347791115e-05
392.10000000002094 2.645156348874647e-05
392.20000000002096 2.6499966474321063e-05
392.300000000021 2.654844275359119e-05
392.400000000021 2.6596992620390286e-05
392.50000000002103 2.6645616343108593e-05
392.60000000002105 2.6686822164949987e-05
392.7000000000211 2.6728084762531835e-05
392.8000000000211 2.676940357083722e-05
392.9000000000211 2.6810778048159106e-05
393.00000000002115 2.6852207676377278e-05
393.10000000002117 2.6897261490560393e-05
393.2000000000212 2.6942379194991925e-05
393.3000000000212 2.6987560359347903e-05
393.40000000002124 2.7032804577243928e-05
393.50000000002126 2.7078111466695233e-05
393.6000000000213 2.713103714223e-05
393.7000000000213 2.7184020702985746e-05
393.8000000000213 2.7237074751358935e-05
393.90000000002135 2.729021104874214e-05
394.0000000000214 2.7343440506573095e-05
394.1000000000214 2.7382006252395245e-05
394.2000000000214 2.7420644646704217e-05
394.30000000002144 2.7459363876873673e-05
394.40000000002146 2.7498171229686466e-05
394.5000000000215 2.7537073084828205e-05
394.6000000000215 2.7576076041309488e-05
394.70000000002153 2.761518581210992e-05
394.80000000002156 2.765440611046752e-05
394.9000000000216 2.7693739772912755e-05
395.0000000000216 2.773318875327367e-05
395.1000000000216 2.776866398776337e-05
395.20000000002165 2.7804246224469213e-05
395.30000000002167 2.7839934687725126e-05
395.4000000000217 2.787572769490194e-05
395.5000000000217 2.7911622650701792e-05
395.60000000002174 2.7947652774274378e-05
395.70000000002176 2.79837974556189e-05
395.8000000000218 2.8020038224147117e-05
395.9000000000218 2.8056356457836247e-05
396.0000000000218 2.809273338249166e-05
396.10000000002185 2.814887406259066e-05
396.2000000000219 2.8205088300692545e-05
396.3000000000219 2.8261356868330977e-05
396.4000000000219 2.8317660328065563e-05
396.50000000002194 2.8373979032183975e-05
396.60000000002196 2.8422461738121306e-05
396.700000000022 2.8470979548028448e-05
396.800000000022 2.851951608615767e-05
396.90000000002203 2.8568056802465727e-05
397.00000000002206 2.861658898892838e-05
397.1000000000221 2.8660602977305514e-05
397.2000000000221 2.870457693975038e-05
397.3000000000221 2.8748503821907503e-05
397.40000000002215 2.8792378479693808e-05
397.50000000002217 2.8836197693641835e-05
397.6000000000222 2.887996018403752e-05
397.7000000000222 2.892366498455723e-05
397.80000000002224 2.896731424795183e-05
397.90000000002226 2.9010912078697784e-05
398.0000000000223 2.9054464547078573e-05
398.1000000000223 2.9094153450314148e-05
398.2000000000223 2.91338056225787e-05
398.30000000002235 2.9173433132151185e-05
398.4000000000224 2.9213050063543246e-05
398.5000000000224 2.9252672531147004e-05
398.6000000000224 2.930038597897535e-05
398.70000000002244 2.934810747024751e-05
398.80000000002246 2.9395843373228082e-05
398.9000000000225 2.9443601110702178e-05
399.0000000000225 2.9491389168350302e-05
399.10000000002253 2.9531960102535844e-05
399.20000000002256 2.957256612237817e-05
399.3000000000226 2.9613218932381805e-05
399.4000000000226 2.9653931320763854e-05
399.5000000000226 2.969471716705905e-05
399.60000000002265 2.973559144896847e-05
399.70000000002267 2.9776512816891664e-05
399.8000000000227 2.9817481314805055e-05
399.9000000000227 2.9858496986760608e-05
400.00000000002274 2.9899559876928835e-05
400.10000000002276 2.9936151788032734e-05
400.2000000000228 2.997278107243919e-05
400.3000000000228 3.000944776103308e-05
400.4000000000228 3.004615188480682e-05
400.50000000002285 3.0082893474772925e-05
400.6000000000229 3.0119672561919993e-05
400.7000000000229 3.0156489177256516e-05
400.8000000000229 3.019334335185507e-05
400.90000000002294 3.023023511680828e-05
401.00000000002296 3.0267164503186985e-05
401.100000000023 3.0313906338484846e-05
401.200000000023 3.0360705554518182e-05
401.30000000002303 3.0407562206565338e-05
401.40000000002306 3.0454476349856458e-05
401.5000000000231 3.0501448039704118e-05
401.6000000000231 3.0540158029366634e-05
401.7000000000231 3.057890910132018e-05
401.80000000002315 3.061770129097988e-05
401.90000000002317 3.065653463369572e-05
402.0000000000232 3.0695409164974746e-05
402.1000000000232 3.0733340048296133e-05
402.20000000002324 3.077131016621498e-05
402.30000000002326 3.080931955173716e-05
402.4000000000233 3.084736823789031e-05
402.5000000000233 3.08854562577686e-05
402.60000000002333 3.092358364444319e-05
402.70000000002335 3.096175043105187e-05
402.8000000000234 3.0999956650709434e-05
402.9000000000234 3.103820233659741e-05
403.0000000000234 3.10764875218744e-05
403.10000000002344 3.111553361129934e-05
403.20000000002346 3.11546209958817e-05
403.3000000000235 3.119374971142995e-05
403.4000000000235 3.1232919793867524e-05
403.50000000002353 3.127213127905232e-05
403.60000000002356 3.131138420286688e-05
403.7000000000236 3.135067860121828e-05
403.8000000000236 3.139001451012903e-05
403.9000000000236 3.142939196551038e-05
404.00000000002365 3.146881100343383e-05
404.10000000002367 3.150598759081247e-05
404.2000000000237 3.154320073935427e-05
404.3000000000237 3.158045047801279e-05
404.40000000002374 3.161773683585048e-05
404.50000000002376 3.165505984194957e-05
404.6000000000238 3.170098272974114e-05
404.7000000000238 3.174695790109813e-05
404.80000000002383 3.179298540212816e-05
404.90000000002385 3.183906527924388e-05
405.0000000000239 3.1885197578702345e-05
405.1000000000239 3.191787224420935e-05
405.2000000000239 3.1950574675322205e-05
405.30000000002394 3.198330489119136e-05
405.40000000002397 3.2016062910885594e-05
405.500000000024 3.204884875362197e-05
405.600000000024 3.208166243853595e-05
405.70000000002403 3.2114503984819404e-05
405.80000000002406 3.214737341158233e-05
405.9000000000241 3.218027073812954e-05
406.0000000000241 3.221319598354698e-05
406.1000000000241 3.22521194909163e-05
406.20000000002415 3.229108217048171e-05
406.30000000002417 3.2330084053974735e-05
406.4000000000242 3.2369125173285746e-05
406.5000000000242 3.240820556018593e-05
406.60000000002424 3.244732524655907e-05
406.70000000002426 3.248648426426249e-05
406.8000000000243 3.252568264526642e-05
406.9000000000243 3.256492042146807e-05
407.00000000002433 3.260419762478214e-05
407.10000000002435 3.263345833967162e-05
407.2000000000244 3.26627404504279e-05
407.3000000000244 3.269204396961428e-05
407.4000000000244 3.272136890961273e-05
407.50000000002444 3.275071528299772e-05
407.60000000002447 3.278008310230275e-05
407.7000000000245 3.280947237997328e-05
407.8000000000245 3.283888312860082e-05
407.90000000002453 3.286831536064206e-05
408.00000000002456 3.2897769088702155e-05
408.1000000000246 3.293677766928142e-05
408.2000000000246 3.297582505943727e-05
408.3000000000246 3.3014911290745257e-05
408.40000000002465 3.305403639475412e-05
408.50000000002467 3.3093200403127046e-05
408.6000000000247 3.3132403347359e-05
408.7000000000247 3.317164525920083e-05
408.80000000002474 3.321092617023507e-05
408.90000000002476 3.325024611220622e-05
409.0000000000248 3.3289605116735995e-05
409.1000000000248 3.332440141112673e-05
409.20000000002483 3.335922783515035e-05
409.30000000002485 3.339408440973277e-05
409.4000000000249 3.342897115600102e-05
409.5000000000249 3.3463888094856086e-05
409.6000000000249 3.3498835247447646e-05
409.70000000002494 3.3533812634746684e-05
409.80000000002497 3.356882027778286e-05
409.900000000025 3.360385819769236e-05
410.000000000025 3.3638926415480115e-05
410.10000000002503 3.367529015598009e-05
410.20000000002506 3.3711686401730576e-05
410.3000000000251 3.374811517595761e-05
410.4000000000251 3.3784576501995665e-05
410.5000000000251 3.382107040300265e-05
410.60000000002515 3.386658723614479e-05
410.70000000002517 3.391215132787972e-05
410.8000000000252 3.395776271588941e-05
410.9000000000252 3.400342143787803e-05
411.00000000002524 3.404912753152016e-05
411.10000000002526 3.4080883435186597e-05
411.2000000000253 3.41126637119918e-05
411.3000000000253 3.414446837700997e-05
411.40000000002533 3.417629744527425e-05
411.50000000002535 3.42081509318732e-05
411.6000000000254 3.424002885190264e-05
411.7000000000254 3.427193122041734e-05
411.8000000000254 3.4303858052479146e-05
411.90000000002544 3.433580936320549e-05
412.00000000002547 3.436778516772173e-05
412.1000000000255 3.4402609739482165e-05
412.2000000000255 3.443746335601896e-05
412.30000000002553 3.447234603665892e-05
412.40000000002556 3.450725780073859e-05
412.5000000000256 3.4542198667555696e-05
412.6000000000256 3.4577168656514845e-05
412.7000000000256 3.461216778688457e-05
412.80000000002565 3.4647196077991634e-05
412.90000000002567 3.468225354931858e-05
413.0000000000257 3.471734022011325e-05
413.1000000000257 3.474849410489817e-05
413.20000000002574 3.4779670866810414e-05
413.30000000002576 3.481087051921901e-05
413.4000000000258 3.484209307559665e-05
413.5000000000258 3.4873338549422054e-05
413.60000000002583 3.4904606954180136e-05
413.70000000002585 3.493589830331296e-05
413.8000000000259 3.496721261026857e-05
413.9000000000259 3.499854988855007e-05
414.0000000000259 3.502991015161841e-05
414.10000000002594 3.506433118775191e-05
414.20000000002597 3.50987801458798e-05
414.300000000026 3.513325704412173e-05
414.400000000026 3.516776190080316e-05
414.50000000002603 3.52022947340619e-05
414.60000000002606 3.5236855562143354e-05
414.7000000000261 3.5271444403252724e-05
414.8000000000261 3.530606127565362e-05
414.9000000000261 3.5340706197618873e-05
415.00000000002615 3.537537918737992e-05
415.10000000002617 3.540571066928163e-05
415.2000000000262 3.543606320188179e-05
415.3000000000262 3.546643679667575e-05
415.40000000002624 3.54968314652626e-05
415.50000000002626 3.55272472191472e-05
415.6000000000263 3.5557684069888624e-05
415.7000000000263 3.5588142028951546e-05
415.80000000002633 3.561862110795406e-05
415.90000000002635 3.564912131841986e-05
416.0000000000264 3.5679642671927355e-05
416.1000000000264 3.5711876518065314e-05
416.2000000000264 3.574413411786349e-05
416.30000000002644 3.5776415485225995e-05
416.40000000002647 3.580872063396336e-05
416.5000000000265 3.584104957804163e-05
416.6000000000265 3.5873402331333424e-05
416.70000000002653 3.590577890771734e-05
416.80000000002656 3.593817932117796e-05
416.9000000000266 3.597060358555624e-05
417.0000000000266 3.600305171484802e-05
417.1000000000266 3.603185489930329e-05
417.20000000002665 3.606067651832466e-05
417.30000000002667 3.608951658115385e-05
417.4000000000267 3.611837509698595e-05
417.5000000000267 3.614725207511975e-05
417.60000000002674 3.6176147524757086e-05
417.70000000002676 3.620506145510334e-05
417.8000000000268 3.6233993875367114e-05
417.9000000000268 3.62629447948609e-05
418.00000000002683 3.6291914222799754e-05
418.10000000002685 3.6319354507742026e-05
418.2000000000269 3.6346811173801246e-05
418.3000000000269 3.6374284228654435e-05
418.4000000000269 3.640177367972951e-05
418.50000000002694 3.64292795347086e-05
418.60000000002697 3.6456801801074995e-05
418.700000000027 3.6484340486364795e-05
418.800000000027 3.6511895598267887e-05
418.90000000002703 3.653946714422457e-05
419.00000000002706 3.656705513188063e-05
419.1000000000271 3.659916206857007e-05
419.2000000000271 3.663129214488931e-05
419.3000000000271 3.6663445374282936e-05
419.40000000002715 3.6695621770100325e-05
419.50000000002717 3.672782134584874e-05
419.6000000000272 3.676004411499093e-05
419.7000000000272 3.6792290090843514e-05
419.80000000002724 3.682455928698268e-05
419.90000000002726 3.685685171683852e-05
420.0000000000273 3.688916739389701e-05
420.1000000000273 3.691804724899571e-05
420.20000000002733 3.694694506275061e-05
420.30000000002735 3.697586084375584e-05
420.4000000000274 3.700479460065934e-05
420.5000000000274 3.7033746342061e-05
420.6000000000274 3.706271607656379e-05
420.70000000002744 3.709170381292657e-05
420.80000000002747 3.712070955965621e-05
420.9000000000275 3.714973332546666e-05
421.0000000000275 3.717877511897231e-05
421.10000000002753 3.720647709956427e-05
421.20000000002756 3.72341953423448e-05
421.3000000000276 3.726192985473868e-05
421.4000000000276 3.728968064396843e-05
421.5000000000276 3.731744771751475e-05
421.60000000002765 3.73452310827073e-05
421.70000000002767 3.7373030746826834e-05
421.8000000000277 3.740084671736139e-05
421.9000000000277 3.7428679001596514e-05
422.00000000002774 3.74565276069216e-05
422.10000000002776 3.7480822203241174e-05
422.2000000000278 3.7505128778456344e-05
422.3000000000278 3.7529447337010946e-05
422.40000000002783 3.7553777883298544e-05
422.50000000002785 3.757812042191947e-05
422.6000000000279 3.7602474957269644e-05
422.7000000000279 3.7626841493900455e-05
422.8000000000279 3.765122003621012e-05
422.90000000002794 3.7675610588700925e-05
423.00000000002797 3.7700013155875405e-05
423.100000000028 3.7721109545092093e-05
423.200000000028 3.774221522756983e-05
423.30000000002804 3.776333020629207e-05
423.40000000002806 3.778445448434621e-05
423.5000000000281 3.7805588064771495e-05
423.6000000000281 3.7836442563227075e-05
423.7000000000281 3.786731723137001e-05
423.80000000002815 3.789821207945202e-05
423.9000000000282 3.792912711767686e-05
424.0000000000282 3.796006235630293e-05
424.1000000000282 3.798812514330622e-05
424.20000000002824 3.801620420198809e-05
424.30000000002826 3.804429953961822e-05
424.4000000000283 3.8072411163416794e-05
424.5000000000283 3.8100539080502485e-05
424.60000000002833 3.8128683298151864e-05
424.70000000002835 3.8156843823591844e-05
424.8000000000284 3.818502066394778e-05
424.9000000000284 3.8213213826451033e-05
425.0000000000284 3.8241423318335655e-05
425.10000000002844 3.8270926780295293e-05
425.20000000002847 3.830044847696084e-05
425.3000000000285 3.8329988417230494e-05
425.4000000000285 3.8359546609953714e-05
425.50000000002854 3.838912306403523e-05
425.60000000002856 3.841871778833091e-05
425.7000000000286 3.844833079180426e-05
425.8000000000286 3.8477962083265374e-05
425.9000000000286 3.850761167168437e-05
426.00000000002865 3.853727956587635e-05
426.1000000000287 3.8561929168458204e-05
426.2000000000287 3.858659065763861e-05
426.3000000000287 3.861126403780289e-05
426.40000000002874 3.863594931312811e-05
426.50000000002876 3.866064648784462e-05
426.6000000000288 3.86853555662886e-05
426.7000000000288 3.8710076552692496e-05
426.80000000002883 3.873480945134227e-05
426.90000000002885 3.875955426647233e-05
427.0000000000289 3.8784311002372e-05
427.1000000000289 3.881368372839951e-05
427.2000000000289 3.8843073951997955e-05
427.30000000002894 3.887248168111432e-05
427.40000000002897 3.8901906923645496e-05
427.500000000029 3.8931349687540626e-05
427.600000000029 3.895091140094507e-05
427.70000000002904 3.897048070532037e-05
427.80000000002906 3.899005760274822e-05
427.9000000000291 3.900964209546887e-05
428.0000000000291 3.9029234185569864e-05
428.1000000000291 3.906572459232184e-05
428.20000000002915 3.910223743260479e-05
428.3000000000292 3.913877271620399e-05
428.4000000000292 3.9175330452960335e-05
428.5000000000292 3.9211910652608986e-05
428.60000000002924 3.923856944010467e-05
428.70000000002926 3.92652422333641e-05
428.8000000000293 3.929192903789298e-05
428.9000000000293 3.931862985935728e-05
429.00000000002933 3.934534470326498e-05
429.10000000002935 3.9369219753613054e-05
429.2000000000294 3.939310556354446e-05
429.3000000000294 3.941700213660797e-05
429.4000000000294 3.9440909476459294e-05
429.50000000002944 3.946482758664583e-05
429.60000000002947 3.947877447971038e-05
429.7000000000295 3.9492725095627476e-05
429.8000000000295 3.950667943509147e-05
429.90000000002954 3.952063749895621e-05
430.00000000002956 3.953459928786709e-05
430.1000000000296 3.956148192015986e-05
430.2000000000296 3.9588378729660224e-05
430.3000000000296 3.9615289722007133e-05
430.40000000002965 3.964221490294758e-05
430.5000000000297 3.9669154278283456e-05
430.6000000000297 3.9696107853658636e-05
430.7000000000297 3.9723075634825096e-05
430.80000000002974 3.975005762753652e-05
430.90000000002976 3.9777053837548286e-05
431.0000000000298 3.980406427056215e-05
431.1000000000298 3.982444965851846e-05
431.20000000002983 3.984484217115324e-05
431.30000000002985 3.986524181013615e-05
431.4000000000299 3.9885648577297346e-05
431.5000000000299 3.990606247436033e-05
431.6000000000299 3.992648350310243e-05
431.70000000002995 3.994691166524772e-05
431.80000000002997 3.996734696257397e-05
431.90000000003 3.9987789396805845e-05
432.00000000003 4.000823896977691e-05
432.10000000003004 4.0034809892369786e-05
432.20000000003006 4.006139429923737e-05
432.3000000000301 4.008799219544684e-05
432.4000000000301 4.0114603586066574e-05
432.5000000000301 4.014122847627039e-05
432.60000000003015 4.0157776977393044e-05
432.7000000000302 4.0174330669834645e-05
432.8000000000302 4.0190889554778e-05
432.9000000000302 4.02074536334063e-05
433.00000000003024 4.022402290695838e-05
433.10000000003026 4.0246329816592135e-05
433.2000000000303 4.026864555890698e-05
433.3000000000303 4.029097013627387e-05
433.40000000003033 4.031330355127926e-05
433.50000000003035 4.033564580640245e-05
433.6000000000304 4.035805323970618e-05
433.7000000000304 4.0380505816495374e-05
433.8000000000304 4.040298484652615e-05
433.90000000003045 4.0425472988057114e-05
434.00000000003047 4.044795425115576e-05
434.1000000000305 4.046459908464079e-05
434.2000000000305 4.0481205444300306e-05
434.30000000003054 4.049776144244838e-05
434.40000000003056 4.051425656495893e-05
434.5000000000306 4.0530681674476496e-05
434.6000000000306 4.0557187845438604e-05
434.7000000000306 4.058361587536808e-05
434.80000000003065 4.0609961811725225e-05
434.9000000000307 4.0636223007384906e-05
435.0000000000307 4.066239812484678e-05
435.1000000000307 4.0686212269785045e-05
435.20000000003074 4.070993915946148e-05
435.30000000003076 4.0733581425704604e-05
435.4000000000308 4.075714302605393e-05
435.5000000000308 4.078062924769439e-05
435.60000000003083 4.080405006200488e-05
435.70000000003085 4.082741223539799e-05
435.8000000000309 4.085072395507538e-05
435.9000000000309 4.0873994833161365e-05
436.0000000000309 4.089723591061588e-05
436.10000000003095 4.091600136299388e-05
436.20000000003097 4.0934759423378225e-05
436.300000000031 4.0953525441175215e-05
436.400000000031 4.0972316203823874e-05
436.50000000003104 4.0991149939782034e-05
436.60000000003106 4.101004463810368e-05
436.7000000000311 4.1028942867328634e-05
436.8000000000311 4.104784435578365e-05
436.9000000000311 4.1066748789856715e-05
437.00000000003115 4.108565581379188e-05
437.1000000000312 4.110828135630223e-05
437.2000000000312 4.113091197131553e-05
437.3000000000312 4.1153547176242044e-05
437.40000000003124 4.117618644571039e-05
437.50000000003126 4.119882921155857e-05
437.6000000000313 4.12214765554078e-05
437.7000000000313 4.12441319018591e-05
437.80000000003133 4.12667953771969e-05
437.90000000003135 4.1289467191464264e-05
438.0000000000314 4.13121476388571e-05
438.1000000000314 4.132377168311236e-05
438.2000000000314 4.1335398583880206e-05
438.30000000003145 4.134702888561418e-05
438.40000000003147 4.1358663217299865e-05
438.5000000000315 4.13703022923627e-05
438.6000000000315 4.139217033527845e-05
438.70000000003154 4.1414008649534465e-05
438.80000000003156 4.143583599758957e-05
438.9000000000316 4.1457669756582456e-05
439.0000000000316 4.1479525914382736e-05
439.1000000000316 4.1489230657239465e-05
439.20000000003165 4.149897912397253e-05
439.3000000000317 4.1508783062688175e-05
439.4000000000317 4.1518652805025915e-05
439.5000000000317 4.152859726449693e-05
439.60000000003174 4.154893128565846e-05
439.70000000003176 4.156936096897371e-05
439.8000000000318 4.158989173039515e-05
439.9000000000318 4.16105276077676e-05
440.00000000003183 4.163127125719519e-05
440.10000000003186 4.165222493443393e-05
440.2000000000319 4.1673287579683685e-05
440.3000000000319 4.1694457684024005e-05
440.4000000000319 4.1715732342971994e-05
440.50000000003195 4.173710725270611e-05
440.60000000003197 4.175857670631114e-05
440.700000000032 4.178013121921962e-05
440.800000000032 4.1801761566220306e-05
440.90000000003204 4.182345706429396e-05
441.00000000003206 4.184520556881904e-05
441.1000000000321 4.186424893500382e-05
441.2000000000321 4.188331424902309e-05
441.3000000000321 4.190238495734325e-05
441.40000000003215 4.192144303418407e-05
441.5000000000322 4.1940468978194287e-05
441.6000000000322 4.1959441809352337e-05
441.7000000000322 4.197842007952046e-05
441.80000000003224 4.1997403789850316e-05
441.90000000003226 4.201639294132869e-05
442.0000000000323 4.203538753505384e-05
442.1000000000323 4.2058732312154814e-05
442.20000000003233 4.208208641983611e-05
442.30000000003236 4.2105449860803e-05
442.4000000000324 4.2128822637761175e-05
442.5000000000324 4.215220475341348e-05
442.6000000000324 4.216521069053258e-05
442.70000000003245 4.217821956341848e-05
442.80000000003247 4.2191231372535493e-05
442.9000000000325 4.220424611840335e-05
443.0000000000325 4.2217263801543116e-05
443.10000000003254 4.22340851241764e-05
443.20000000003256 4.2250910101673776e-05
443.3000000000326 4.226773873442135e-05
443.4000000000326 4.228457102297085e-05
443.5000000000326 4.2301406967818854e-05
443.60000000003265 4.231824656940671e-05
443.7000000000327 4.233508982817586e-05
443.8000000000327 4.2351936744678064e-05
443.9000000000327 4.23687873192996e-05
444.00000000003274 4.238564155259113e-05
444.10000000003276 4.239889597895989e-05
444.2000000000328 4.241215338237226e-05
444.3000000000328 4.242541376332981e-05
444.40000000003283 4.243867712238944e-05
444.50000000003286 4.2451943460052925e-05
444.6000000000329 4.246521277676692e-05
444.7000000000329 4.247848507303346e-05
444.8000000000329 4.249176034941018e-05
444.90000000003295 4.250503860628866e-05
445.00000000003297 4.2518319844285146e-05
445.100000000033 4.254034577453524e-05
445.200000000033 4.256237966277791e-05
445.30000000003304 4.258442151108008e-05
445.40000000003306 4.260647132145372e-05
445.5000000000331 4.262852909596644e-05
445.6000000000331 4.265059483668637e-05
445.7000000000331 4.2672668545626344e-05
445.80000000003315 4.2694750224855046e-05
445.9000000000332 4.271683987638609e-05
446.0000000000332 4.273893750234682e-05
446.1000000000332 4.276833654779162e-05
446.20000000003324 4.279774491247749e-05
446.30000000003326 4.282716259795943e-05
446.4000000000333 4.285658960601496e-05
446.5000000000333 4.2886025938303476e-05
446.60000000003333 4.2894496292718435e-05
446.70000000003336 4.2902967689780314e-05
446.8000000000334 4.2911440129597986e-05
446.9000000000334 4.2919913612336046e-05
447.0000000000334 4.292838813821866e-05
447.10000000003345 4.294823652102547e-05
447.20000000003347 4.2968090877522995e-05
447.3000000000335 4.2987951208987614e-05
447.4000000000335 4.30078175165846e-05
447.50000000003354 4.302768980164289e-05
447.60000000003356 4.303705840522819e-05
447.7000000000336 4.304642841251172e-05
447.8000000000336 4.305579982361793e-05
447.90000000003363 4.30651726388387e-05
448.00000000003365 4.307454685835752e-05
448.1000000000337 4.309315310103692e-05
448.2000000000337 4.311176424187926e-05
448.3000000000337 4.313038028186897e-05
448.40000000003374 4.314900122182316e-05
448.50000000003376 4.316762706255908e-05
448.6000000000338 4.318631457429608e-05
448.7000000000338 4.320504354799011e-05
448.80000000003383 4.3223795139021306e-05
448.90000000003386 4.3242551870286466e-05
449.0000000000339 4.326129763484753e-05
449.1000000000339 4.328004580921102e-05
449.2000000000339 4.3298754921274064e-05
449.30000000003395 4.3317412993601136e-05
449.40000000003397 4.333600943128538e-05
449.500000000034 4.3354535025392945e-05
449.600000000034 4.337298551894441e-05
449.70000000003404 4.339135321503361e-05
449.80000000003406 4.3409631897597016e-05
449.9000000000341 4.342781683428003e-05
450.0000000000341 4.3445904780003714e-05
450.10000000003413 4.3458424400478176e-05
450.20000000003415 4.347084316288125e-05
450.3000000000342 4.3483162340870134e-05
450.4000000000342 4.34953847065929e-05
450.5000000000342 4.3507514532600814e-05
450.60000000003424 4.353013164013725e-05
450.70000000003427 4.35526739257142e-05
450.8000000000343 4.357515071783519e-05
450.9000000000343 4.359757282087356e-05
451.00000000003433 4.361995251886658e-05
451.10000000003436 4.363540105190117e-05
451.2000000000344 4.365083097965454e-05
451.3000000000344 4.366625904827318e-05
451.4000000000344 4.368170348725019e-05
451.50000000003445 4.36971840118317e-05
451.60000000003447 4.370212737077675e-05
451.7000000000345 4.370706887705272e-05
451.8000000000345 4.3712009259960946e-05
451.90000000003454 4.3716949293405696e-05
452.00000000003456 4.3721889795870716e-05
452.1000000000346 4.3742146743010215e-05
452.2000000000346 4.376241185026081e-05
452.30000000003463 4.3782686074521686e-05
452.40000000003465 4.3802970418830876e-05
452.5000000000347 4.382326593247145e-05
452.6000000000347 4.3843573711324325e-05
452.7000000000347 4.386388991653825e-05
452.80000000003474 4.3884214263889206e-05
452.90000000003477 4.39045464242865e-05
453.0000000000348 4.392488602338129e-05
453.1000000000348 4.393126500163302e-05
453.20000000003483 4.393764480900176e-05
453.30000000003486 4.394402493429641e-05
453.4000000000349 4.395040482158277e-05
453.5000000000349 4.395678386992769e-05
453.6000000000349 4.3973733760459233e-05
453.70000000003495 4.399064865768983e-05
453.80000000003497 4.400754836126754e-05
453.900000000035 4.402445123170783e-05
454.000000000035 4.4041374187413565e-05
454.10000000003504 4.405592405044251e-05
454.20000000003506 4.40705219378806e-05
454.3000000000351 4.4085180414973355e-05
454.4000000000351 4.4099910591005694e-05
454.50000000003513 4.41147221171671e-05
454.60000000003515 4.412962318390166e-05
454.7000000000352 4.41446205189374e-05
454.8000000000352 4.415971938422797e-05
454.9000000000352 4.4174923573550545e-05
455.00000000003524 4.419023541015255e-05
455.10000000003527 4.4198117192706974e-05
455.2000000000353 4.42061051708265e-05
455.3000000000353 4.421419718753504e-05
455.40000000003533 4.422238960750678e-05
455.50000000003536 4.4230677315296075e-05
455.6000000000354 4.424971372719293e-05
455.7000000000354 4.4268834825592265e-05
455.8000000000354 4.4288031097656446e-05
455.90000000003545 4.430729153376768e-05
456.00000000003547 4.432660362447936e-05
456.1000000000355 4.4334448528167216e-05
456.2000000000355 4.4342311133851644e-05
456.30000000003554 4.435017441162832e-05
456.40000000003556 4.4358019837781006e-05
456.5000000000356 4.436582739333345e-05
456.6000000000356 4.438425512360872e-05
456.70000000003563 4.440268736337785e-05
456.80000000003565 4.442112411329151e-05
456.9000000000357 4.443956537400049e-05
457.0000000000357 4.4458011146211965e-05
457.1000000000357 4.447589260089733e-05
457.20000000003574 4.4493778151162154e-05
457.30000000003577 4.4511667797544606e-05
457.4000000000358 4.452956154058311e-05
457.5000000000358 4.454745938092545e-05
457.60000000003583 4.45546639207714e-05
457.70000000003586 4.456186909920666e-05
457.8000000000359 4.4569074916251364e-05
457.9000000000359 4.45762813720957e-05
458.0000000000359 4.458348846681698e-05
458.10000000003595 4.459163907323839e-05
458.20000000003597 4.459979059159423e-05
458.300000000036 4.4607943021989424e-05
458.400000000036 4.4616096364585664e-05
458.50000000003604 4.4624250619491894e-05
458.60000000003606 4.464318423744179e-05
458.7000000000361 4.466216286009235e-05
458.8000000000361 4.4681165777370314e-05
458.90000000003613 4.4700173782587986e-05
459.00000000003615 4.471916917554068e-05
459.1000000000362 4.4735612703409924e-05
459.2000000000362 4.4752010910614596e-05
459.3000000000362 4.476835064650104e-05
459.40000000003624 4.478462028282872e-05
459.50000000003627 4.4800809716858116e-05
459.6000000000363 4.4806174672294496e-05
459.7000000000363 4.481143891400243e-05
459.80000000003633 4.481659823158929e-05
459.90000000003636 4.4821649865017055e-05
460.0000000000364 4.482659250568304e-05
460.1000000000364 4.484463914838796e-05
460.2000000000364 4.486258246237515e-05
460.30000000003645 4.4880425406713935e-05
460.40000000003647 4.489817240036465e-05
460.5000000000365 4.4915829325228655e-05
460.6000000000365 4.492266017467205e-05
460.70000000003654 4.492941626507047e-05
460.80000000003656 4.493610670465648e-05
460.9000000000366 4.4942742155081454e-05
461.0000000000366 4.4949334832048026e-05
461.10000000003663 4.496089500623486e-05
461.20000000003665 4.4972441235603456e-05
461.3000000000367 4.4983990406531614e-05
461.4000000000367 4.499556097249603e-05
461.5000000000367 4.5007172956356056e-05
461.60000000003674 4.5008091480333135e-05
461.70000000003677 4.500900758675304e-05
461.8000000000368 4.500992097940377e-05
461.9000000000368 4.501083131618237e-05
462.00000000003683 4.5011738209605904e-05
462.10000000003686 4.502573550011887e-05
462.2000000000369 4.503973011512797e-05
462.3000000000369 4.505372152598888e-05
462.4000000000369 4.506770915781075e-05
462.50000000003695 4.5081692389326237e-05
462.60000000003697 4.5095672406363744e-05
462.700000000037 4.510965295930039e-05
462.800000000037 4.512363418445666e-05
462.90000000003704 4.5137616309686836e-05
463.00000000003706 4.5151599654581295e-05
463.1000000000371 4.516057310408697e-05
463.2000000000371 4.516954833921179e-05
463.30000000003713 4.5178525955211655e-05
463.40000000003715 4.518750663964785e-05
463.5000000000372 4.5196491171974416e-05
463.6000000000372 4.521619324910267e-05
463.7000000000372 4.523585944672013e-05
463.80000000003724 4.525551029007419e-05
463.90000000003727 4.527516478228905e-05
464.0000000000373 4.529484040058775e-05
464.1000000000373 4.5300141334488414e-05
464.20000000003733 4.5305488509443645e-05
464.30000000003736 4.53108947476911e-05
464.4000000000374 4.531637131777048e-05
464.5000000000374 4.532192793350172e-05
464.6000000000374 4.5338365032358336e-05
464.70000000003745 4.535490224663736e-05
464.80000000003747 4.537154545286902e-05
464.9000000000375 4.538829901962458e-05
465.0000000000375 4.540516580462936e-05
465.10000000003754 4.5418451178067174e-05
465.20000000003756 4.543184870717662e-05
465.3000000000376 4.544535667339152e-05
465.4000000000376 4.545897183695963e-05
465.50000000003763 4.547268943460483e-05
465.60000000003765 4.548650317709943e-05
465.7000000000377 4.550040266204719e-05
465.8000000000377 4.551437777831304e-05
465.9000000000377 4.552841683465194e-05
466.00000000003774 4.554250655695346e-05
466.10000000003777 4.556032144205821e-05
466.2000000000378 4.557815811364742e-05
466.3000000000378 4.559599853463661e-05
466.40000000003783 4.56138230689533e-05
466.50000000003786 4.5631610478425086e-05
466.6000000000379 4.5638523103726255e-05
466.7000000000379 4.564543626396494e-05
466.8000000000379 4.565234995920881e-05
466.90000000003795 4.565926418958284e-05
467.00000000003797 4.5666178955158376e-05
467.100000000038 4.568250602767295e-05
467.200000000038 4.5698835891880644e-05
467.30000000003804 4.571516854806212e-05
467.40000000003806 4.5731503996326254e-05
467.5000000000381 4.574784223694957e-05
467.6000000000381 4.575335407381466e-05
467.70000000003813 4.575886609422493e-05
467.80000000003815 4.576437829822498e-05
467.9000000000382 4.576989068585956e-05
468.0000000000382 4.577540325717773e-05
468.1000000000382 4.5792178416724874e-05
468.20000000003824 4.580895667109063e-05
468.30000000003827 4.582573802051523e-05
468.4000000000383 4.5842522465296245e-05
468.5000000000383 4.5859310005669785e-05
468.60000000003834 4.586525779146929e-05
468.70000000003836 4.587120586111539e-05
468.8000000000384 4.5877154214714235e-05
468.9000000000384 4.588310285231463e-05
469.0000000000384 4.588905177402622e-05
469.10000000003845 4.590365952396377e-05
469.2000000000385 4.591826901201229e-05
469.3000000000385 4.593288023820029e-05
469.4000000000385 4.594749320261364e-05
469.50000000003854 4.596210790533412e-05
469.60000000003856 4.5965870539965206e-05
469.7000000000386 4.596963313610998e-05
469.8000000000386 4.59733956938923e-05
469.90000000003863 4.5977158213378925e-05
470.00000000003865 4.598092069469868e-05
470.1000000000387 4.599701578902464e-05
470.2000000000387 4.6013113426669846e-05
470.3000000000387 4.602921360764293e-05
470.40000000003874 4.604531633212494e-05
470.50000000003877 4.606142160018191e-05
470.6000000000388 4.6077529411937384e-05
470.7000000000388 4.609363976745729e-05
470.80000000003884 4.61097526668651e-05
470.90000000003886 4.612586811028415e-05
471.0000000000389 4.6141986097775935e-05
471.1000000000389 4.6146709640492414e-05
471.2000000000389 4.615143326007214e-05
471.30000000003895 4.615615695657035e-05
471.400000000039 4.616088073004224e-05
471.500000000039 4.616560458066232e-05
471.600000000039 4.618120491091029e-05
471.70000000003904 4.619680754411302e-05
471.80000000003906 4.6212412480309936e-05
471.9000000000391 4.622801971977071e-05
472.0000000000391 4.624362926253087e-05
472.10000000003913 4.624913403451979e-05
472.20000000003915 4.625463897636003e-05
472.3000000000392 4.626014408803703e-05
472.4000000000392 4.626564936970888e-05
472.5000000000392 4.627115482142301e-05
472.60000000003924 4.6287549069119163e-05
472.70000000003927 4.6303946078004126e-05
472.8000000000393 4.632034584816974e-05
472.9000000000393 4.6336748379822954e-05
473.00000000003934 4.635315367316543e-05
473.10000000003936 4.635610242689744e-05
473.2000000000394 4.635905098007965e-05
473.3000000000394 4.63619993328343e-05
473.4000000000394 4.636494748522599e-05
473.50000000003945 4.636789543726606e-05
473.6000000000395 4.6381741154615547e-05
473.7000000000395 4.639558805731449e-05
473.8000000000395 4.640943614532933e-05
473.90000000003954 4.642328541856874e-05
474.00000000003956 4.643713587693803e-05
474.1000000000396 4.644237142539062e-05
474.2000000000396 4.644760714919783e-05
474.30000000003963 4.6452843048358806e-05
474.40000000003965 4.6458079123045716e-05
474.5000000000397 4.6463315373257815e-05
474.6000000000397 4.6468551799052045e-05
474.7000000000397 4.647378840060067e-05
474.80000000003974 4.647902517796072e-05
474.90000000003977 4.648426213118938e-05
475.0000000000398 4.6489499260348126e-05
475.1000000000398 4.650609251381035e-05
475.20000000003984 4.652268854867531e-05
475.30000000003986 4.653928736508512e-05
475.4000000000399 4.655588896306655e-05
475.5000000000399 4.6572493342815006e-05
475.6000000000399 4.657817947757678e-05
475.70000000003995 4.65838657278963e-05
475.80000000004 4.658955209379341e-05
475.90000000004 4.6595238575288035e-05
476.00000000004 4.660092517240312e-05
476.10000000004004 4.661412577335538e-05
476.20000000004006 4.662732718998863e-05
476.3000000000401 4.6640529422302616e-05
476.4000000000401 4.6653732470181475e-05
476.50000000004013 4.666693633356273e-05
476.60000000004015 4.666921145462689e-05
476.7000000000402 4.6671486325484536e-05
476.8000000000402 4.667376094632892e-05
476.9000000000402 4.6676035317122184e-05
477.00000000004025 4.667830943805888e-05
477.10000000004027 4.668350073018063e-05
477.2000000000403 4.6688692164586935e-05
477.3000000000403 4.669388374127173e-05
477.40000000004034 4.6699075460344524e-05
477.50000000004036 4.67042673218615e-05
477.6000000000404 4.672039830939833e-05
477.7000000000404 4.673653187135912e-05
477.8000000000404 4.6752668008050455e-05
477.90000000004045 4.676880671954781e-05
478.0000000000405 4.6784948006094956e-05
478.1000000000405 4.6788419819159274e-05
478.2000000000405 4.679189151279791e-05
478.30000000004054 4.679536308695543e-05
478.40000000004056 4.6798834541807806e-05
478.5000000000406 4.680230587741536e-05
478.6000000000406 4.6805777093838486e-05
478.70000000004063 4.6809248191137535e-05
478.80000000004065 4.681271916948867e-05
478.9000000000407 4.681619002883659e-05
479.0000000000407 4.681966076935729e-05
479.1000000000407 4.682244244501201e-05
479.20000000004075 4.682522390375841e-05
479.30000000004077 4.682800514566384e-05
479.4000000000408 4.683078617085353e-05
479.5000000000408 4.683356697939499e-05
479.60000000004084 4.683634757129776e-05
479.70000000004086 4.683912794680296e-05
479.8000000000409 4.684190810586232e-05
479.9000000000409 4.6844688048659145e-05
480.0000000000409 4.684746777515003e-05
480.10000000004095 4.686206041303265e-05
480.200000000041 4.687665461655455e-05
480.300000000041 4.689125038571209e-05
480.400000000041 4.690584772044381e-05
480.50000000004104 4.692044662079941e-05
480.60000000004106 4.692408351580917e-05
480.7000000000411 4.692772027694094e-05
480.8000000000411 4.693135690424858e-05
480.90000000004113 4.6934993397843885e-05
481.00000000004115 4.693862975772672e-05
481.1000000000412 4.695169524836021e-05
481.2000000000412 4.696476146277791e-05
481.3000000000412 4.697782840097475e-05
481.40000000004125 4.699089606288781e-05
481.50000000004127 4.70039644483916e-05
481.6000000000413 4.7006063647590884e-05
481.7000000000413 4.700816259054292e-05
481.80000000004134 4.701026127738671e-05
481.90000000004136 4.701235970820324e-05
482.0000000000414 4.7014457883020996e-05
482.1000000000414 4.70297736514211e-05
482.2000000000414 4.704509138288338e-05
482.30000000004145 4.7060411077439416e-05
482.4000000000415 4.707573273506273e-05
482.5000000000415 4.7091056355780265e-05
482.6000000000415 4.709540398997391e-05
482.70000000004154 4.709975156042298e-05
482.80000000004156 4.7104099067226964e-05
482.9000000000416 4.7108446510427316e-05
483.0000000000416 4.711279389007017e-05
483.10000000004163 4.7128086213660634e-05
483.20000000004165 4.714338051838446e-05
483.3000000000417 4.715867680424663e-05
483.4000000000417 4.7173975071367924e-05
483.5000000000417 4.7189275319753295e-05
483.60000000004175 4.720463967044849e-05
483.70000000004177 4.722004599087099e-05
483.8000000000418 4.723547365055038e-05
483.9000000000418 4.7250903523696416e-05
484.00000000004184 4.726631799170939e-05
484.10000000004186 4.726829119687319e-05
484.2000000000419 4.727021604417549e-05
484.3000000000419 4.7272079503658496e-05
484.4000000000419 4.727387007580998e-05
484.50000000004195 4.727557779186311e-05
484.600000000042 4.7288188910514366e-05
484.700000000042 4.730070253564771e-05
484.800000000042 4.7313113221044206e-05
484.90000000004204 4.7325417049097336e-05
485.00000000004206 4.733761163319297e-05
485.1000000000421 4.733898597057655e-05
485.2000000000421 4.734025037162774e-05
485.30000000004213 4.7341407127417526e-05
485.40000000004216 4.734246006429902e-05
485.5000000000422 4.734341454433178e-05
485.6000000000422 4.7355278869490945e-05
485.7000000000422 4.736706293794416e-05
485.80000000004225 4.737877537447832e-05
485.90000000004227 4.739042644531725e-05
486.0000000000423 4.7402028060130165e-05
486.1000000000423 4.7413064511196184e-05
486.20000000004234 4.742408008500687e-05
486.30000000004236 4.743509163375964e-05
486.4000000000424 4.744611766043008e-05
486.5000000000424 4.7457178320775385e-05
486.6000000000424 4.745729330662423e-05
486.70000000004245 4.745739928932654e-05
486.8000000000425 4.745749723016193e-05
486.9000000000425 4.7457588090405166e-05
487.0000000000425 4.7457672831564555e-05
487.10000000004254 4.747373313677766e-05
487.20000000004256 4.7489791880447295e-05
487.3000000000426 4.750585002101771e-05
487.4000000000426 4.7521908518276026e-05
487.50000000004263 4.753796833352088e-05
487.60000000004266 4.754302901035267e-05
487.7000000000427 4.754809310559404e-05
487.8000000000427 4.7553160283186704e-05
487.9000000000427 4.755823030339898e-05
488.00000000004275 4.7563303022648456e-05
488.10000000004277 4.7563979588604276e-05
488.2000000000428 4.756465855065325e-05
488.3000000000428 4.756534005376657e-05
488.40000000004284 4.756602433914722e-05
488.50000000004286 4.756671174470687e-05
488.6000000000429 4.7567336167637605e-05
488.7000000000429 4.7567916489480567e-05
488.8000000000429 4.7568473868714216e-05
488.90000000004295 4.756902782673435e-05
489.000000000043 4.756959624785861e-05
489.100000000043 4.7581227496487405e-05
489.200000000043 4.759290436714368e-05
489.30000000004304 4.7604639872393766e-05
489.40000000004306 4.7616445397554924e-05
489.5000000000431 4.762833069868035e-05
489.6000000000431 4.76292913477375e-05
489.70000000004313 4.763035131699897e-05
489.80000000004316 4.7631516987698194e-05
489.9000000000432 4.7632793197444264e-05
490.0000000000432 4.763418324022478e-05
490.1000000000432 4.764716375952023e-05
490.20000000004325 4.766026099178993e-05
490.30000000004327 4.767347368132235e-05
490.4000000000433 4.768679902471541e-05
490.5000000000433 4.770023266906188e-05
490.60000000004334 4.7702751907408676e-05
490.70000000004336 4.770535945131347e-05
490.8000000000434 4.7708044629847416e-05
490.9000000000434 4.7710795125951336e-05
491.0000000000434 4.771359697585395e-05
491.10000000004345 4.7726179970600546e-05
491.2000000000435 4.773878217565444e-05
491.3000000000435 4.775138468313977e-05
491.4000000000435 4.7763966919407765e-05
491.50000000004354 4.7776506643014696e-05
491.60000000004356 4.777795849869425e-05
491.7000000000436 4.7779410082856254e-05
491.8000000000436 4.778086139553701e-05
491.90000000004363 4.778231243688911e-05
492.00000000004366 4.778376320695412e-05
492.1000000000437 4.779716143653817e-05
492.2000000000437 4.781056055108645e-05
492.3000000000437 4.782396055055859e-05
492.40000000004375 4.783736143485609e-05
492.50000000004377 4.785076320393371e-05
492.6000000000438 4.785313978868672e-05
492.7000000000438 4.78555161629798e-05
492.80000000004384 4.785789232689223e-05
492.90000000004386 4.78602682805614e-05
493.0000000000439 4.786264402400861e-05
493.1000000000439 4.786568143401042e-05
493.20000000004393 4.7868718654223726e-05
493.30000000004395 4.787175568465558e-05
493.400000000044 4.7874792525487615e-05
493.500000000044 4.7877829176673614e-05
493.600000000044 4.7891898095893084e-05
493.70000000004404 4.7905968224871145e-05
493.80000000004407 4.792003956350896e-05
493.9000000000441 4.793411211176595e-05
494.0000000000441 4.794818586965434e-05
494.10000000004413 4.795010437947554e-05
494.20000000004416 4.795202262661979e-05
494.3000000000442 4.795394061111461e-05
494.4000000000442 4.7955858333103755e-05
494.5000000000442 4.795777579267286e-05
494.60000000004425 4.79596929898494e-05
494.70000000004427 4.796160992483545e-05
494.8000000000443 4.796352659760029e-05
494.9000000000443 4.7965443008287795e-05
495.00000000004434 4.796735915704673e-05
495.10000000004436 4.798000257678413e-05
495.2000000000444 4.799264641002094e-05
495.3000000000444 4.8005290656699845e-05
495.40000000004443 4.8017935316589e-05
495.50000000004445 4.803058038968437e-05
495.6000000000445 4.8032183994330504e-05
495.7000000000445 4.8033787274729504e-05
495.8000000000445 4.8035390230966e-05
495.90000000004454 4.8036992863008327e-05
496.00000000004457 4.8038595171115865e-05
496.1000000000446 4.804014101664564e-05
496.2000000000446 4.80416865922468e-05
496.30000000004463 4.80432318979541e-05
496.40000000004466 4.8044776933977016e-05
496.5000000000447 4.804632170029194e-05
496.6000000000447 4.804786619705015e-05
496.7000000000447 4.804941042428633e-05
496.80000000004475 4.805095438221003e-05
496.90000000004477 4.805249807079773e-05
497.0000000000448 4.80540414902646e-05
497.1000000000448 4.806820687336472e-05
497.20000000004484 4.808237354120664e-05
497.30000000004486 4.809654149366221e-05
497.4000000000449 4.811071073083637e-05
497.5000000000449 4.812488125259596e-05
497.60000000004493 4.812800185304009e-05
497.70000000004495 4.8131122305047624e-05
497.800000000045 4.8134242608570884e-05
497.900000000045 4.8137362763737035e-05
498.000000000045 4.814048277067332e-05
498.10000000004504 4.814378917051842e-05
498.20000000004507 4.8147095415438935e-05
498.3000000000451 4.81504015055563e-05
498.4000000000451 4.815370744087556e-05
498.50000000004513 4.815701322145998e-05
498.60000000004516 4.816031884737275e-05
498.7000000000452 4.816362431873563e-05
498.8000000000452 4.8166929635553575e-05
498.9000000000452 4.817023479789003e-05
499.00000000004525 4.817353980587113e-05
499.10000000004527 4.818676082963822e-05
499.2000000000453 4.8199982603342995e-05
499.3000000000453 4.8213205126863995e-05
499.40000000004534 4.822642840013814e-05
499.50000000004536 4.8239652422980546e-05
499.6000000000454 4.8241812559589093e-05
499.7000000000454 4.824397245482186e-05
499.80000000004543 4.824613210887812e-05
499.90000000004545 4.8248291521782344e-05
500.0000000000455 4.825045069366989e-05
500.1000000000455 4.8240394807645255e-05
500.2000000000455 4.823033818427971e-05
500.30000000004554 4.8220280823903556e-05
500.40000000004557 4.821022272673045e-05
500.5000000000456 4.820016389309577e-05
500.6000000000456 4.8201172330700465e-05
500.70000000004563 4.8202180495395665e-05
500.80000000004566 4.820318838728487e-05
500.9000000000457 4.820419600647149e-05
501.0000000000457 4.820520335311767e-05
501.1000000000457 4.820697162053707e-05
501.20000000004575 4.820873965327924e-05
501.30000000004577 4.821050745143512e-05
501.4000000000458 4.821227501515391e-05
501.5000000000458 4.821404234435149e-05
501.60000000004584 4.821580943929385e-05
501.70000000004586 4.821757630001355e-05
501.8000000000459 4.8219342926543214e-05
501.9000000000459 4.8221109319032076e-05
502.00000000004593 4.822287547757106e-05
502.10000000004595 4.8224328841675384e-05
502.200000000046 4.822578194710326e-05
502.300000000046 4.822723479395082e-05
502.400000000046 4.8228687382372525e-05
502.50000000004604 4.823013971240106e-05
502.60000000004607 4.822051679182655e-05
502.7000000000461 4.8210892946364414e-05
502.8000000000461 4.820126817621258e-05
502.90000000004613 4.819164248168558e-05
503.00000000004616 4.818201586310432e-05
503.1000000000462 4.818590612228544e-05
503.2000000000462 4.8189796266396734e-05
503.3000000000462 4.81936862954335e-05
503.40000000004625 4.819757620950771e-05
503.50000000004627 4.8201466008668043e-05
503.6000000000463 4.81943394439912e-05
503.7000000000463 4.818725302026164e-05
503.80000000004634 4.8180184965198834e-05
503.90000000004636 4.817311513037739e-05
504.0000000000464 4.8166024990315575e-05
504.1000000000464 4.8176091384501685e-05
504.20000000004643 4.8186106466880135e-05
504.30000000004645 4.819605650450625e-05
504.4000000000465 4.820592936557236e-05
504.5000000000465 4.8215714521133394e-05
504.6000000000465 4.8225403045948965e-05
504.70000000004654 4.8234987622417935e-05
504.80000000004657 4.824446254099464e-05
504.9000000000466 4.825382370207396e-05
505.0000000000466 4.8263068617372216e-05
505.10000000004663 4.8264555752796665e-05
505.20000000004666 4.826592734793807e-05
505.3000000000467 4.826718581245612e-05
505.4000000000467 4.826833517121613e-05
505.5000000000467 4.826938106455822e-05
505.60000000004675 4.827033074955998e-05
505.70000000004677 4.827119309770237e-05
505.8000000000468 4.8271978596468195e-05
505.9000000000468 4.827269934939421e-05
506.00000000004684 4.8273369076120465e-05
506.10000000004686 4.828636913663872e-05
506.2000000000469 4.8299351341392326e-05
506.3000000000469 4.831233425911863e-05
506.40000000004693 4.832533809587493e-05
506.50000000004695 4.833838469739939e-05
506.600000000047 4.835149954084034e-05
506.700000000047 4.836461628660392e-05
506.800000000047 4.837773427367322e-05
506.90000000004704 4.8390852889261646e-05
507.00000000004707 4.8403971568816905e-05
507.1000000000471 4.840343346694176e-05
507.2000000000471 4.840289356217199e-05
507.30000000004713 4.84023514373495e-05
507.40000000004716 4.840180672448026e-05
507.5000000000472 4.8401259104739285e-05
507.6000000000472 4.8411792687218126e-05
507.7000000000472 4.8422320055463514e-05
507.80000000004725 4.8432842359352586e-05
507.90000000004727 4.844336070095994e-05
508.0000000000473 4.845387613397119e-05
508.1000000000473 4.845448554813418e-05
508.20000000004734 4.845509421062472e-05
508.30000000004736 4.845570303042477e-05
508.4000000000474 4.845631286761438e-05
508.5000000000474 4.8456924533370324e-05
508.60000000004743 4.846856362557459e-05
508.70000000004745 4.848016521625313e-05
508.8000000000475 4.8491751180783815e-05
508.9000000000475 4.8503341793639364e-05
509.0000000000475 4.851495572633376e-05
509.10000000004754 4.852529527560401e-05
509.20000000004757 4.853569014233205e-05
509.3000000000476 4.85461541717367e-05
509.4000000000476 4.855669959673339e-05
509.50000000004763 4.856733703656561e-05
509.60000000004766 4.856698714156572e-05
509.7000000000477 4.8566742999892476e-05
509.8000000000477 4.8566609488228356e-05
509.9000000000477 4.856658980946913e-05
510.00000000004775 4.856668549268075e-05
510.10000000004777 4.8579064545104935e-05
510.2000000000478 4.8591557637195036e-05
510.3000000000478 4.860416135885819e-05
510.40000000004784 4.86168706205308e-05
510.50000000004786 4.862967865101261e-05
510.6000000000479 4.863148657641615e-05
510.7000000000479 4.863337934598379e-05
510.80000000004793 4.8635346711557025e-05
510.90000000004795 4.863737684527645e-05
511.000000000048 4.863945633915722e-05
511.100000000048 4.865374121314056e-05
511.200000000048 4.86680454301995e-05
511.30000000004804 4.8682350839179525e-05
511.40000000004807 4.869663768750394e-05
511.5000000000481 4.871088461881958e-05
511.6000000000481 4.8713972093959994e-05
511.70000000004814 4.871705943906799e-05
511.80000000004816 4.87201466542799e-05
511.9000000000482 4.8723233739673674e-05
512.0000000000482 4.872632069526765e-05
512.1000000000482 4.87271246144787e-05
512.2000000000482 4.872792831185991e-05
512.3000000000483 4.8728731787580326e-05
512.4000000000483 4.872953504175053e-05
512.5000000000483 4.8730338074428034e-05
512.6000000000483 4.87422413734239e-05
512.7000000000484 4.875414481676258e-05
512.8000000000484 4.876604840447223e-05
512.9000000000484 4.8777952136405645e-05
513.0000000000484 4.8789856012586325e-05
513.1000000000485 4.8792070636043946e-05
513.2000000000485 4.8794285055403016e-05
513.3000000000485 4.8796499270808526e-05
513.4000000000485 4.8798713282288515e-05
513.5000000000485 4.88009270898711e-05
513.6000000000486 4.880314069375965e-05
513.7000000000486 4.8805354093923925e-05
513.8000000000486 4.8807567290508916e-05
513.9000000000486 4.880978028348426e-05
514.0000000000487 4.881199307305911e-05
514.1000000000487 4.8825562602897945e-05
514.2000000000487 4.883913310162435e-05
514.3000000000487 4.885270456911568e-05
514.4000000000487 4.8866277005424515e-05
514.5000000000488 4.887985041053964e-05
514.6000000000488 4.8882315167285496e-05
514.7000000000488 4.888477977241489e-05
514.8000000000488 4.8887244226133466e-05
514.9000000000489 4.8889708528412894e-05
515.0000000000489 4.889217267940051e-05
515.1000000000489 4.88948919154517e-05
515.2000000000489 4.8897611057633613e-05
515.300000000049 4.8900330105919693e-05
515.400000000049 4.890304906045882e-05
515.500000000049 4.8905767921282986e-05
515.600000000049 4.890848668848262e-05
515.700000000049 4.8911205362148165e-05
515.8000000000491 4.8913923942311674e-05
515.9000000000491 4.891664242912216e-05
516.0000000000491 4.8919360822616e-05
516.1000000000491 4.893109529346484e-05
516.2000000000492 4.894282983003691e-05
516.3000000000492 4.895456443224927e-05
516.4000000000492 4.896629910013606e-05
516.5000000000492 4.897803383355035e-05
516.6000000000492 4.8978649756280915e-05
516.7000000000493 4.897926546500779e-05
516.8000000000493 4.89798809597279e-05
516.9000000000493 4.898049624055511e-05
517.0000000000493 4.898111130766246e-05
517.1000000000494 4.898286783263817e-05
517.2000000000494 4.898462417457572e-05
517.3000000000494 4.89863803335152e-05
517.4000000000494 4.8988136309613776e-05
517.5000000000495 4.898989210291156e-05
517.6000000000495 4.899164771344866e-05
517.7000000000495 4.899340314144084e-05
517.8000000000495 4.8995158386811155e-05
517.9000000000495 4.899691344977536e-05
518.0000000000496 4.899866833031576e-05
518.1000000000496 4.900175671329744e-05
518.2000000000496 4.900484498716011e-05
518.3000000000496 4.900793315210272e-05
518.4000000000497 4.9011021208090116e-05
518.5000000000497 4.9014109155262745e-05
518.6000000000497 4.9017196993702575e-05
518.7000000000497 4.902028472337448e-05
518.8000000000497 4.902337234441901e-05
518.9000000000498 4.902645985691816e-05
519.0000000000498 4.9029547260900646e-05
519.1000000000498 4.9043143461577075e-05
519.2000000000498 4.9056740676186385e-05
519.3000000000499 4.9070338904874165e-05
519.4000000000499 4.908393814761033e-05
519.5000000000499 4.909753840441776e-05
519.6000000000499 4.910000588707134e-05
519.70000000005 4.910247326480084e-05
519.80000000005 4.910494053764216e-05
519.90000000005 4.910740770574833e-05
520.00000000005 4.910987476915552e-05
520.10000000005 4.9112782946700935e-05
520.2000000000501 4.9115691050756223e-05
520.3000000000501 4.91185990813532e-05
520.4000000000501 4.9121507038582425e-05
520.5000000000501 4.91244149224758e-05
520.6000000000502 4.912732273318237e-05
520.7000000000502 4.913023047079278e-05
520.8000000000502 4.913313813528037e-05
520.9000000000502 4.9136045726794305e-05
521.0000000000502 4.913895324536554e-05
521.1000000000503 4.913971331679797e-05
521.2000000000503 4.914047318140755e-05
521.3000000000503 4.9141232839248075e-05
521.4000000000503 4.914199229043187e-05
521.5000000000504 4.914275153512996e-05
521.6000000000504 4.9143510573337475e-05
521.7000000000504 4.914426940516677e-05
521.8000000000504 4.9145028030730316e-05
521.9000000000505 4.9145786450140415e-05
522.0000000000505 4.914654466345188e-05
522.1000000000505 4.9149297260065345e-05
522.2000000000505 4.9152049761200965e-05
522.3000000000505 4.9154802166949894e-05
522.4000000000506 4.9157554477344576e-05
522.5000000000506 4.916030669241758e-05
522.6000000000506 4.916305881231865e-05
522.7000000000506 4.9165810837138976e-05
522.8000000000507 4.916856276685248e-05
522.9000000000507 4.9171314601609006e-05
523.0000000000507 4.917406634149942e-05
523.1000000000507 4.917605836301819e-05
523.2000000000507 4.917805024361874e-05
523.3000000000508 4.918004198340052e-05
523.4000000000508 4.9182033582345656e-05
523.5000000000508 4.918402504061238e-05
523.6000000000508 4.9186016358300185e-05
523.7000000000509 4.918800753544995e-05
523.8000000000509 4.9189998572161225e-05
523.9000000000509 4.9191989468474925e-05
524.0000000000509 4.919398022449095e-05
524.100000000051 4.919669679754904e-05
524.200000000051 4.91994132976841e-05
524.300000000051 4.920212972504917e-05
524.400000000051 4.920484607968006e-05
524.500000000051 4.920756236161246e-05
524.6000000000511 4.9210278570940876e-05
524.7000000000511 4.921299470775971e-05
524.8000000000511 4.921571077210478e-05
524.9000000000511 4.921842676412928e-05
525.0000000000512 4.922114268386213e-05
525.1000000000512 4.921031792080412e-05
525.2000000000512 4.919949281319835e-05
525.3000000000512 4.9188667361409594e-05
525.4000000000513 4.917784156550921e-05
525.5000000000513 4.9167015425808965e-05
525.6000000000513 4.9167350656671484e-05
525.7000000000513 4.916768569624606e-05
525.8000000000513 4.916802054470992e-05
525.9000000000514 4.9168355202122856e-05
526.0000000000514 4.916868966854554e-05
526.1000000000514 4.9170777013550885e-05
526.2000000000514 4.9172864231644164e-05
526.3000000000515 4.9174951322748855e-05
526.4000000000515 4.917703828714047e-05
526.5000000000515 4.917912512474246e-05
526.6000000000515 4.91812118356544e-05
526.7000000000515 4.918329842009312e-05
526.8000000000516 4.918538487798216e-05
526.9000000000516 4.918747120942107e-05
527.0000000000516 4.918955741456954e-05
527.1000000000516 4.9194450618517805e-05
527.2000000000517 4.9199344006394694e-05
527.3000000000517 4.9204237578286456e-05
527.4000000000517 4.9209131334103216e-05
527.5000000000517 4.921402527410741e-05
527.6000000000518 4.921891939820918e-05
527.7000000000518 4.922381370655363e-05
527.8000000000518 4.922870819916844e-05
527.9000000000518 4.9233602876139975e-05
528.0000000000518 4.92384977374942e-05
528.1000000000519 4.9239992343113864e-05
528.2000000000519 4.9241486800021346e-05
528.3000000000519 4.9242981108381746e-05
528.4000000000519 4.924447526818387e-05
528.500000000052 4.9245969279651544e-05
528.600000000052 4.9247463142714885e-05
528.700000000052 4.9248956857538983e-05
528.800000000052 4.9250450424230206e-05
528.900000000052 4.9251943842836156e-05
529.0000000000521 4.9253437113405595e-05
529.1000000000521 4.925706289708e-05
529.2000000000521 4.9260688697341884e-05
529.3000000000521 4.9264314514221946e-05
529.4000000000522 4.9267940347868455e-05
529.5000000000522 4.927156619825338e-05
529.6000000000522 4.9275192065466265e-05
529.7000000000522 4.927881794959669e-05
529.8000000000523 4.928244385073423e-05
529.9000000000523 4.928606976890968e-05
530.0000000000523 4.928969570421245e-05
530.1000000000523 4.929271331569933e-05
530.2000000000523 4.92957308860558e-05
530.3000000000524 4.9298748415375526e-05
530.4000000000524 4.930176590369352e-05
530.5000000000524 4.930478335104469e-05
530.6000000000524 4.930780075758167e-05
530.7000000000525 4.931081812333944e-05
530.8000000000525 4.9313835448353016e-05
530.9000000000525 4.93168527327751e-05
531.0000000000525 4.93198699765808e-05
531.1000000000525 4.932090770470303e-05
531.2000000000526 4.932194526837221e-05
531.3000000000526 4.9322982667699626e-05
531.4000000000526 4.9324019902737774e-05
531.5000000000526 4.932505697353912e-05
531.6000000000527 4.9326093880273837e-05
531.7000000000527 4.932713062293555e-05
531.8000000000527 4.932816720169444e-05
531.9000000000527 4.9329203616603e-05
532.0000000000528 4.933023986771375e-05
532.1000000000528 4.933129555048751e-05
532.2000000000528 4.9332351062348796e-05
532.3000000000528 4.9333406403349284e-05
532.4000000000528 4.933446157359965e-05
532.5000000000529 4.933551657321052e-05
532.6000000000529 4.933657140217484e-05
532.7000000000529 4.933762606066208e-05
532.8000000000529 4.933868054872407e-05
532.900000000053 4.933973486647146e-05
533.000000000053 4.93407890139626e-05
533.100000000053 4.935421054821675e-05
533.200000000053 4.936763299473962e-05
533.300000000053 4.9381056353504654e-05
533.4000000000531 4.939448062454412e-05
533.5000000000531 4.9407905807884405e-05
533.6000000000531 4.941012779297504e-05
533.7000000000531 4.941234968266645e-05
533.8000000000532 4.941457147711851e-05
533.9000000000532 4.941679317631445e-05
534.0000000000532 4.941901478047417e-05
534.1000000000532 4.942345866704261e-05
534.2000000000533 4.942790269859004e-05
534.3000000000533 4.9432346875268225e-05
534.4000000000533 4.943679119705246e-05
534.5000000000533 4.944123566410057e-05
534.6000000000533 4.945689244883994e-05
534.7000000000534 4.947255139471272e-05
534.8000000000534 4.948821250184758e-05
534.9000000000534 4.95038757703731e-05
535.0000000000534 4.951954120058771e-05
535.1000000000535 4.952209280320606e-05
535.2000000000535 4.9524644309358e-05
535.3000000000535 4.952719571902136e-05
535.4000000000535 4.9529747032350915e-05
535.5000000000535 4.953229824933063e-05
535.6000000000536 4.954606904145595e-05
535.7000000000536 4.95598408930659e-05
535.8000000000536 4.9573613804068e-05
535.9000000000536 4.9587387774546656e-05
536.0000000000537 4.960116280446297e-05
536.1000000000537 4.9605055427085e-05
536.2000000000537 4.960894811380161e-05
536.3000000000537 4.961284086470534e-05
536.4000000000538 4.961673367988855e-05
536.5000000000538 4.962062655932587e-05
536.6000000000538 4.962451950310985e-05
536.7000000000538 4.9628412511391893e-05
536.8000000000538 4.9632305584146666e-05
536.9000000000539 4.9636198721407796e-05
537.0000000000539 4.964009192338584e-05
537.1000000000539 4.964407392065432e-05
537.2000000000539 4.964805600884324e-05
537.300000000054 4.9652038187929833e-05
537.400000000054 4.96560204581272e-05
537.500000000054 4.966000281935965e-05
537.600000000054 4.967522146752307e-05
537.700000000054 4.969044200901615e-05
537.8000000000541 4.9705664443871714e-05
537.9000000000541 4.9720888772299604e-05
538.0000000000541 4.973611499432629e-05
538.1000000000541 4.973943926020663e-05
538.2000000000542 4.9742763506013715e-05
538.3000000000542 4.974608773183905e-05
538.4000000000542 4.9749411937714985e-05
538.5000000000542 4.975273612379208e-05
538.6000000000543 4.9756129938114795e-05
538.7000000000543 4.975956851896075e-05
538.8000000000543 4.976302871345473e-05
538.9000000000543 4.9766489078344885e-05
539.0000000000543 4.9769929880439404e-05
539.1000000000544 4.977269982926532e-05
539.2000000000544 4.977541583631573e-05
539.3000000000544 4.977806330508106e-05
539.4000000000544 4.9780629352287706e-05
539.5000000000545 4.9783102808543316e-05
539.6000000000545 4.978547217031659e-05
539.7000000000545 4.978773042939757e-05
539.8000000000545 4.9789872242759865e-05
539.9000000000545 4.9791893933279056e-05
540.0000000000546 4.979379349006162e-05
540.1000000000546 4.979690229372672e-05
540.2000000000546 4.979989003392894e-05
540.3000000000546 4.980275969114898e-05
540.4000000000547 4.980551591404374e-05
540.5000000000547 4.9808165019913426e-05
540.6000000000547 4.97994583352164e-05
540.7000000000547 4.979066106268495e-05
540.8000000000548 4.978178458129619e-05
540.9000000000548 4.977284192840341e-05
541.0000000000548 4.9763847798341205e-05
541.1000000000548 4.976492217612368e-05
541.2000000000548 4.976598037862772e-05
541.3000000000549 4.9767042064062174e-05
541.4000000000549 4.976812855889415e-05
541.5000000000549 4.9769262858347824e-05
541.6000000000549 4.977046962771134e-05
541.700000000055 4.9771678913664e-05
541.800000000055 4.977289038827181e-05
541.900000000055 4.977410367320753e-05
542.000000000055 4.977531833944886e-05
542.100000000055 4.97797037686114e-05
542.2000000000551 4.978408985503082e-05
542.3000000000551 4.978847601810626e-05
542.4000000000551 4.979286162652281e-05
542.5000000000551 4.979724599829259e-05
542.6000000000552 4.981289778786161e-05
542.7000000000552 4.982855296017971e-05
542.8000000000552 4.98442108342102e-05
542.9000000000552 4.9859870778404994e-05
543.0000000000553 4.987553221095494e-05
543.1000000000553 4.987566868191289e-05
543.2000000000553 4.987580334341223e-05
543.3000000000553 4.987593576532412e-05
543.4000000000553 4.987606556800704e-05
543.5000000000554 4.987619242236858e-05
543.6000000000554 4.987624620539086e-05
543.7000000000554 4.987625163292432e-05
543.8000000000554 4.987623175136633e-05
543.9000000000555 4.9876207938253606e-05
544.0000000000555 4.987619990241602e-05
544.1000000000555 4.987668824105594e-05
544.2000000000555 4.987722674874376e-05
544.3000000000555 4.98778301296424e-05
544.4000000000556 4.987851141925486e-05
544.5000000000556 4.987928198470713e-05
544.6000000000556 4.9880151524551434e-05
544.7000000000556 4.9881128066692836e-05
544.8000000000557 4.988221797167428e-05
544.9000000000557 4.9883425931079384e-05
545.0000000000557 4.988475496723936e-05
545.1000000000557 4.98872821043193e-05
545.2000000000558 4.9889931438923254e-05
545.3000000000558 4.989270099249216e-05
545.4000000000558 4.989558711575053e-05
545.5000000000558 4.989858448851016e-05
545.6000000000558 4.990168611872778e-05
545.7000000000559 4.990488050304951e-05
545.8000000000559 4.990815646852006e-05
545.9000000000559 4.991150111783812e-05
546.0000000000559 4.991489982848435e-05
546.100000000056 4.991968984133576e-05
546.200000000056 4.992449969938009e-05
546.300000000056 4.9929309600697444e-05
546.400000000056 4.993409801293982e-05
546.500000000056 4.9938841673075015e-05
546.6000000000561 4.9943515586317326e-05
546.7000000000561 4.994818968944358e-05
546.8000000000561 4.995286398243429e-05
546.9000000000561 4.995753846544761e-05
547.0000000000562 4.996221313846929e-05
547.1000000000562 4.99762607058737e-05
547.2000000000562 4.9990309457170474e-05
547.3000000000562 5.00043593924032e-05
547.4000000000563 5.00184105116747e-05
547.5000000000563 5.003246281490373e-05
547.6000000000563 5.0035221669715425e-05
547.7000000000563 5.003798046308685e-05
547.8000000000563 5.00407391950561e-05
547.9000000000564 5.004349786566135e-05
548.0000000000564 5.004625647505966e-05
548.1000000000564 5.004955105741905e-05
548.2000000000564 5.0052845615418984e-05
548.3000000000565 5.005614014897537e-05
548.4000000000565 5.005943465824141e-05
548.5000000000565 5.0062729143251605e-05
548.6000000000565 5.006602360404053e-05
548.7000000000565 5.006931804070212e-05
548.8000000000566 5.007261245327094e-05
548.9000000000566 5.007590684184092e-05
549.0000000000566 5.0079201206387597e-05
549.1000000000566 5.008283522932321e-05
549.2000000000567 5.008646928043152e-05
549.3000000000567 5.0090103359748416e-05
549.4000000000567 5.0093737467309824e-05
549.5000000000567 5.0097371603276706e-05
549.6000000000568 5.0112315249663245e-05
549.7000000000568 5.012726056527298e-05
549.8000000000568 5.0142207550147894e-05
549.9000000000568 5.015715620438908e-05
550.0000000000568 5.017210652797329e-05
550.1000000000569 5.0176690583707815e-05
550.2000000000569 5.018127477934155e-05
550.3000000000569 5.018585911490593e-05
550.4000000000569 5.0190443590491805e-05
550.500000000057 5.0195028206071176e-05
550.600000000057 5.0199612961794364e-05
550.700000000057 5.020419785769279e-05
550.800000000057 5.020878289379805e-05
550.900000000057 5.0213368070141635e-05
551.0000000000571 5.021795338681448e-05
551.1000000000571 5.022243746156168e-05
551.2000000000571 5.022692169573954e-05
551.3000000000571 5.023140608944678e-05
551.4000000000572 5.0235890642782286e-05
551.5000000000572 5.024037535572605e-05
551.6000000000572 5.0244860228376875e-05
551.7000000000572 5.024934526083368e-05
551.8000000000573 5.0253830453135954e-05
551.9000000000573 5.0258315805382596e-05
552.0000000000573 5.026280131755189e-05
552.1000000000573 5.026398311299942e-05
552.2000000000573 5.026516470684061e-05
552.3000000000574 5.026634609918697e-05
552.4000000000574 5.026752729015017e-05
552.5000000000574 5.0268708279723006e-05
552.6000000000574 5.0269889068017025e-05
552.7000000000575 5.027106965508445e-05
552.8000000000575 5.027225004103696e-05
552.9000000000575 5.027343022586724e-05
553.0000000000575 5.027461020980854e-05
553.1000000000575 5.028038430065593e-05
553.2000000000576 5.0286158729356074e-05
553.3000000000576 5.029193349594589e-05
553.4000000000576 5.0297708600521755e-05
553.5000000000576 5.030348404318015e-05
553.6000000000577 5.0309259823898517e-05
553.7000000000577 5.03150359427734e-05
553.8000000000577 5.0320812399901304e-05
553.9000000000577 5.0326589195259746e-05
554.0000000000578 5.033236632888512e-05
554.1000000000578 5.0336852715166795e-05
554.2000000000578 5.0341339216715e-05
554.3000000000578 5.034582583362291e-05
554.4000000000578 5.0350312565924136e-05
554.5000000000579 5.0354799413777965e-05
554.6000000000579 5.037064134584357e-05
554.7000000000579 5.038648541694464e-05
554.8000000000579 5.040233162729594e-05
554.900000000058 5.041817997699322e-05
555.000000000058 5.043403046606553e-05
555.100000000058 5.043764318432672e-05
555.200000000058 5.0441255916223306e-05
555.300000000058 5.044486866190852e-05
555.4000000000581 5.044848142147598e-05
555.5000000000581 5.04520941948407e-05
555.6000000000581 5.0455706982155914e-05
555.7000000000581 5.045931978351535e-05
555.8000000000582 5.0462932598834006e-05
555.9000000000582 5.0466545428324834e-05
556.0000000000582 5.047015827189611e-05
556.1000000000582 5.0462271045466635e-05
556.2000000000583 5.045438224890517e-05
556.3000000000583 5.04464918823244e-05
556.4000000000583 5.043859994577744e-05
556.5000000000583 5.043070643938359e-05
556.6000000000583 5.043418321946358e-05
556.7000000000584 5.043765999766994e-05
556.8000000000584 5.04411367740373e-05
556.9000000000584 5.044461354854078e-05
557.0000000000584 5.044809032133504e-05
557.1000000000585 5.045283850518441e-05
557.2000000000585 5.045758684916255e-05
557.3000000000585 5.0462335353304675e-05
557.4000000000585 5.04670840177058e-05
557.5000000000585 5.04718328424012e-05
557.6000000000586 5.047658182742628e-05
557.7000000000586 5.048133097281636e-05
557.8000000000586 5.0486080278726176e-05
557.9000000000586 5.0490829745071865e-05
558.0000000000587 5.049557937200755e-05
558.1000000000587 5.0499311321393394e-05
558.2000000000587 5.050304326565403e-05
558.3000000000587 5.0506775205000446e-05
558.4000000000588 5.051050713928553e-05
558.5000000000588 5.0514239068720344e-05
558.6000000000588 5.051797099333677e-05
558.7000000000588 5.05217029131072e-05
558.8000000000588 5.052543482812326e-05
558.9000000000589 5.052916673841703e-05
559.0000000000589 5.0532898644079896e-05
559.1000000000589 5.053604280055793e-05
559.2000000000589 5.053918692035072e-05
559.300000000059 5.0542331003494916e-05
559.400000000059 5.054547505014682e-05
559.500000000059 5.0548619060216986e-05
559.600000000059 5.054036466564641e-05
559.700000000059 5.053210881692182e-05
559.8000000000591 5.0523851514063664e-05
559.9000000000591 5.051559275721218e-05
560.0000000000591 5.050733254639773e-05
560.1000000000591 5.0515536819409935e-05
560.2000000000592 5.0523742008473643e-05
560.3000000000592 5.0531948113803804e-05
560.4000000000592 5.054015513549591e-05
560.5000000000592 5.0548363073585585e-05
560.6000000000593 5.055657192828799e-05
560.7000000000593 5.056478169963879e-05
560.8000000000593 5.057299238779345e-05
560.9000000000593 5.058120399284749e-05
561.0000000000593 5.058941651489267e-05
561.1000000000594 5.059089892572592e-05
561.2000000000594 5.0592381094090495e-05
561.3000000000594 5.0593863019916214e-05
561.4000000000594 5.059534470337233e-05
561.5000000000595 5.0596826144441805e-05
561.6000000000595 5.058688560353718e-05
561.7000000000595 5.05769441517412e-05
561.8000000000595 5.056700178946704e-05
561.9000000000595 5.055705851676873e-05
562.0000000000596 5.0547114334008246e-05
562.1000000000596 5.055156556102542e-05
562.2000000000596 5.055601688951305e-05
562.3000000000596 5.056046831968267e-05
562.4000000000597 5.056491985144652e-05
562.5000000000597 5.056937148495637e-05
562.6000000000597 5.057382322024423e-05
562.7000000000597 5.0578275057342194e-05
562.8000000000598 5.058272699628226e-05
562.9000000000598 5.058717903709654e-05
563.0000000000598 5.059163117987748e-05
563.1000000000598 5.059691729826425e-05
563.2000000000598 5.0602203664686814e-05
563.3000000000599 5.060749027912217e-05
563.4000000000599 5.0612777141667136e-05
563.5000000000599 5.06180642523587e-05
563.6000000000599 5.0623351611233815e-05
563.70000000006 5.062863921838944e-05
563.80000000006 5.0633927073862585e-05
563.90000000006 5.063921517769028e-05
564.00000000006 5.064450352990144e-05
564.10000000006 5.0636161712920704e-05
564.2000000000601 5.0627818411938664e-05
564.3000000000601 5.061947362700709e-05
564.4000000000601 5.061112735829799e-05
564.5000000000601 5.060277960587018e-05
564.6000000000602 5.060587966383396e-05
564.7000000000602 5.060897964107145e-05
564.8000000000602 5.061207953755836e-05
564.9000000000602 5.0615179353330326e-05
565.0000000000603 5.061827908848531e-05
565.1000000000603 5.062512015309487e-05
565.2000000000603 5.063196182515184e-05
565.3000000000603 5.063880410466808e-05
565.4000000000603 5.064564699171543e-05
565.5000000000604 5.065249048642576e-05
565.6000000000604 5.065933458893114e-05
565.7000000000604 5.066617929924341e-05
565.8000000000604 5.067302461749461e-05
565.9000000000605 5.067987054375675e-05
566.0000000000605 5.0686717078100175e-05
566.1000000000605 5.069066622594297e-05
566.2000000000605 5.069461534787842e-05
566.3000000000605 5.069856444381578e-05
566.4000000000606 5.070251351384472e-05
566.5000000000606 5.070646255799473e-05
566.6000000000606 5.071041157641556e-05
566.7000000000606 5.071436056901655e-05
566.8000000000607 5.07183095358874e-05
566.9000000000607 5.0722258477117795e-05
567.0000000000607 5.072620739267823e-05
567.1000000000607 5.073164888934772e-05
567.2000000000608 5.073709065336786e-05
567.3000000000608 5.0742532684774935e-05
567.4000000000608 5.074797498366532e-05
567.5000000000608 5.075341755007537e-05
567.6000000000608 5.075886038398126e-05
567.7000000000609 5.0764303485539634e-05
567.8000000000609 5.076974685472669e-05
567.9000000000609 5.077519049163906e-05
568.0000000000609 5.078063439630502e-05
568.100000000061 5.077281936125576e-05
568.200000000061 5.076500265534681e-05
568.300000000061 5.0757184278580604e-05
568.400000000061 5.0749364231019916e-05
568.500000000061 5.074154251272739e-05
568.6000000000611 5.0733719123765964e-05
568.7000000000611 5.07258940641382e-05
568.8000000000611 5.071806733396714e-05
568.9000000000611 5.071023893325556e-05
569.0000000000612 5.070240886207509e-05
569.1000000000612 5.070881397122196e-05
569.2000000000612 5.071521952543075e-05
569.3000000000612 5.072162552475003e-05
569.4000000000613 5.0728031969228384e-05
569.5000000000613 5.073443885891434e-05
569.6000000000613 5.074084619397705e-05
569.7000000000613 5.074725397434459e-05
569.8000000000613 5.0753662200125965e-05
569.9000000000614 5.0760070871430105e-05
570.0000000000614 5.076647998825069e-05
570.1000000000614 5.0781543489413996e-05
570.2000000000614 5.0796608577401214e-05
570.3000000000615 5.0811675252146006e-05
570.4000000000615 5.082674351376287e-05
570.5000000000615 5.0841813362298916e-05
570.6000000000615 5.0845368293012785e-05
570.7000000000616 5.084892320027734e-05
570.8000000000616 5.0852478084187324e-05
570.9000000000616 5.085603294477739e-05
571.0000000000616 5.085958778208335e-05
571.1000000000616 5.086530800984137e-05
571.2000000000617 5.087102851799481e-05
571.3000000000617 5.087674930639696e-05
571.4000000000617 5.0882470375202986e-05
571.5000000000617 5.088819172450756e-05
571.6000000000618 5.0893913354224414e-05
571.7000000000618 5.0899635264508744e-05
571.8000000000618 5.090535745533469e-05
571.9000000000618 5.091107992679707e-05
572.0000000000618 5.091680267886947e-05
572.1000000000619 5.092158640862337e-05
572.2000000000619 5.0926370247768594e-05
572.3000000000619 5.093115419639564e-05
572.4000000000619 5.093593825447431e-05
572.500000000062 5.094072242209526e-05
572.600000000062 5.094550669928865e-05
572.700000000062 5.09502910860848e-05
572.800000000062 5.0955075582574354e-05
572.900000000062 5.0959860188727225e-05
573.0000000000621 5.096464490464224e-05
573.1000000000621 5.0982527774315496e-05
573.2000000000621 5.100041396258233e-05
573.3000000000621 5.101830346995012e-05
573.4000000000622 5.103619629662396e-05
573.5000000000622 5.1054092443043606e-05
573.6000000000622 5.1060439773933336e-05
573.7000000000622 5.1066787552970316e-05
573.8000000000623 5.107313578020275e-05
573.9000000000623 5.1079484455799814e-05
574.0000000000623 5.1085833579690174e-05
574.1000000000623 5.109462652932976e-05
574.2000000000623 5.1103420541409424e-05
574.3000000000624 5.111221561598601e-05
574.4000000000624 5.1121011753237544e-05
574.5000000000624 5.112980895322091e-05
574.6000000000624 5.113860721617476e-05
574.7000000000625 5.114740654209546e-05
574.8000000000625 5.115620693122185e-05
574.9000000000625 5.1165008383671506e-05
575.0000000000625 5.1173810899506376e-05
575.1000000000626 5.1190449989808595e-05
575.2000000000626 5.120709152639913e-05
575.3000000000626 5.122373550957073e-05
575.4000000000626 5.124038193937349e-05
575.5000000000626 5.125703081591109e-05
575.6000000000627 5.126209748463932e-05
575.7000000000627 5.126716431035542e-05
575.8000000000627 5.1272231293151684e-05
575.9000000000627 5.127729843299915e-05
576.0000000000628 5.1282365729998e-05
576.1000000000628 5.1299848274632955e-05
576.2000000000628 5.1317333812344544e-05
576.3000000000628 5.133482234349289e-05
576.4000000000628 5.135231386825607e-05
576.5000000000629 5.136980838704773e-05
576.6000000000629 5.137570867458928e-05
576.7000000000629 5.138160929268326e-05
576.8000000000629 5.1387510241433124e-05
576.900000000063 5.139341152088158e-05
577.000000000063 5.139931313101819e-05
577.100000000063 5.141694454803286e-05
577.200000000063 5.1434579035673775e-05
577.300000000063 5.145221659419105e-05
577.4000000000631 5.146985722389551e-05
577.5000000000631 5.148750092502998e-05
577.6000000000631 5.14935369793372e-05
577.7000000000631 5.14995733834965e-05
577.8000000000632 5.150561013754964e-05
577.9000000000632 5.1511647241599206e-05
578.0000000000632 5.151768469569181e-05
578.1000000000632 5.153140079119576e-05
578.2000000000633 5.154511752929949e-05
578.3000000000633 5.1558834909746485e-05
578.4000000000633 5.157255293240182e-05
578.5000000000633 5.1586271597183915e-05
578.6000000000633 5.1588371901166236e-05
578.7000000000634 5.159047190101413e-05
578.8000000000634 5.159257159670528e-05
578.9000000000634 5.1594670988278206e-05
579.0000000000634 5.159677007589632e-05
579.1000000000635 5.160386201907617e-05
579.2000000000635 5.161095154988568e-05
579.3000000000635 5.161803866831014e-05
579.4000000000635 5.1625123374334845e-05
579.5000000000636 5.1632205667755494e-05
579.6000000000636 5.16276707746605e-05
579.7000000000636 5.162313550961379e-05
579.8000000000636 5.1618599872820606e-05
579.9000000000636 5.1614063864485976e-05
580.0000000000637 5.1609527484881824e-05
580.1000000000637 5.1614509812886864e-05
580.2000000000637 5.161949228169204e-05
580.3000000000637 5.1624474891329405e-05
580.4000000000638 5.162945764183104e-05
580.5000000000638 5.1634440533236464e-05
580.6000000000638 5.165104098369536e-05
580.7000000000638 5.166764381733064e-05
580.8000000000638 5.1684249034179165e-05
580.9000000000639 5.170085663446003e-05
581.0000000000639 5.1717466618264955e-05
581.1000000000639 5.1724893473583484e-05
581.2000000000639 5.1732320977567623e-05
581.300000000064 5.1739749130217786e-05
581.400000000064 5.1747177931595196e-05
581.500000000064 5.1754607381890334e-05
581.600000000064 5.177366939964537e-05
581.700000000064 5.1792735405984015e-05
581.8000000000641 5.181180540149674e-05
581.9000000000641 5.1830879386652225e-05
582.0000000000641 5.184995736197102e-05
582.1000000000641 5.185486123266674e-05
582.2000000000642 5.185976515796556e-05
582.3000000000642 5.186466913777183e-05
582.4000000000642 5.1869573172233675e-05
582.5000000000642 5.187447726138484e-05
582.6000000000643 5.18910266086773e-05
582.7000000000643 5.190757821237479e-05
582.8000000000643 5.19241320724489e-05
582.9000000000643 5.1940688189114806e-05
583.0000000000643 5.195724656233724e-05
583.1000000000644 5.196312534653187e-05
583.2000000000644 5.196900444551288e-05
583.3000000000644 5.1974883859381965e-05
583.4000000000644 5.198076358824115e-05
583.5000000000645 5.198664363200934e-05
583.6000000000645 5.1992451171345014e-05
583.7000000000645 5.199821219147358e-05
583.8000000000645 5.20039508957309e-05
583.9000000000646 5.2009689703783516e-05
584.0000000000646 5.2015449251082084e-05
584.1000000000646 5.2018177111406164e-05
584.2000000000646 5.202096110471278e-05
584.3000000000646 5.202381649489473e-05
584.4000000000647 5.2026756754389655e-05
584.5000000000647 5.202979356425747e-05
584.6000000000647 5.204460553400406e-05
584.7000000000647 5.2059534879644785e-05
584.8000000000648 5.2074587274403366e-05
584.9000000000648 5.208976665458096e-05
585.0000000000648 5.2105075216572835e-05
585.1000000000648 5.210833267254438e-05
585.2000000000648 5.211171657852173e-05
585.3000000000649 5.211522381071176e-05
585.4000000000649 5.211884950027231e-05
585.5000000000649 5.212258703241301e-05
585.6000000000649 5.2126428047346126e-05
585.700000000065 5.213036243650698e-05
585.800000000065 5.2134378343513466e-05
585.900000000065 5.213846216347081e-05
586.000000000065 5.214259854263421e-05
586.100000000065 5.214542456444666e-05
586.2000000000651 5.214826706084326e-05
586.3000000000651 5.215110542694012e-05
586.4000000000651 5.215391730836615e-05
586.5000000000651 5.215667860094006e-05
586.6000000000652 5.215936344932961e-05
586.7000000000652 5.216204517845322e-05
586.8000000000652 5.216472413213666e-05
586.9000000000652 5.2167400707213054e-05
587.0000000000653 5.217007535328508e-05
587.1000000000653 5.216526401007617e-05
587.2000000000653 5.216044945049862e-05
587.3000000000653 5.2155632283017974e-05
587.4000000000653 5.215081316859992e-05
587.5000000000654 5.2145992820859185e-05
587.6000000000654 5.212947639262952e-05
587.7000000000654 5.211295289079474e-05
587.8000000000654 5.20964230295406e-05
587.9000000000655 5.207988746931683e-05
588.0000000000655 5.206334681679257e-05
588.1000000000655 5.2035656795874095e-05
588.2000000000655 5.200795912022333e-05
588.3000000000656 5.1980254233970844e-05
588.4000000000656 5.19525425277826e-05
588.5000000000656 5.192482433870314e-05
588.6000000000656 5.190895493095862e-05
588.7000000000656 5.189317620828731e-05
588.8000000000657 5.187743996274266e-05
588.9000000000657 5.186170157149621e-05
589.0000000000657 5.184591999092095e-05
589.1000000000657 5.185467193071572e-05
589.2000000000658 5.186331633707767e-05
589.3000000000658 5.1871822675141164e-05
589.4000000000658 5.188016391712478e-05
589.5000000000658 5.1888316545293004e-05
589.6000000000658 5.188453045162849e-05
589.7000000000659 5.1880514392752234e-05
589.8000000000659 5.187625627241301e-05
589.9000000000659 5.187174747277983e-05
590.0000000000659 5.1866982852688675e-05
590.100000000066 5.189695676502848e-05
590.200000000066 5.1926683533257485e-05
590.300000000066 5.19561679371205e-05
590.400000000066 5.198541824957796e-05
590.500000000066 5.201444624722867e-05
590.6000000000661 5.2043267218037285e-05
590.7000000000661 5.207190293511903e-05
590.8000000000661 5.2100376618279145e-05
590.9000000000661 5.212871508292999e-05
591.0000000000662 5.215694874925823e-05
591.1000000000662 5.2152422724379005e-05
591.2000000000662 5.2147856691259904e-05
591.3000000000662 5.214329193373778e-05
591.4000000000663 5.213877326630228e-05
591.5000000000663 5.2134349032843297e-05
591.6000000000663 5.211831421243839e-05
591.7000000000663 5.210227604406525e-05
591.8000000000663 5.2086234180825545e-05
591.9000000000664 5.2070188223618604e-05
592.0000000000664 5.2054137720989574e-05
592.1000000000664 5.205967484258528e-05
592.2000000000664 5.206521271062793e-05
592.3000000000665 5.207075071799291e-05
592.4000000000665 5.207628820428715e-05
592.5000000000665 5.2081824456334324e-05
592.6000000000665 5.2122674316454135e-05
592.7000000000666 5.216353320701907e-05
592.8000000000666 5.220440041675723e-05
592.9000000000666 5.224527528503788e-05
593.0000000000666 5.228615720218642e-05
593.1000000000666 5.230211047605144e-05
593.2000000000667 5.231806387570119e-05
593.3000000000667 5.233401694803611e-05
593.4000000000667 5.234996929264851e-05
593.5000000000667 5.236592056151284e-05
593.6000000000668 5.234637846054216e-05
593.7000000000668 5.232673501884776e-05
593.8000000000668 5.230703887065402e-05
593.9000000000668 5.2287335026007705e-05
594.0000000000668 5.2267664876596846e-05
594.1000000000669 5.2226915817785226e-05
594.2000000000669 5.2186264754984075e-05
594.3000000000669 5.214574209425863e-05
594.4000000000669 5.210537460636343e-05
594.500000000067 5.2065185440639e-05
594.600000000067 5.209596281397375e-05
594.700000000067 5.212697553072628e-05
594.800000000067 5.21582362274338e-05
594.900000000067 5.218975407774152e-05
595.0000000000671 5.22215347820991e-05
595.1000000000671 5.2262648196355066e-05
595.2000000000671 5.230402500607856e-05
595.3000000000671 5.2345660558425634e-05
595.4000000000672 5.238754667843249e-05
595.5000000000672 5.242967165510247e-05
595.6000000000672 5.244840014269342e-05
595.7000000000672 5.2467324006562185e-05
595.8000000000673 5.2486419726054055e-05
595.9000000000673 5.250566017930465e-05
596.0000000000673 5.252501463651895e-05
596.1000000000673 5.2536585043714835e-05
596.2000000000673 5.254819498609476e-05
596.3000000000674 5.255980287049026e-05
596.4000000000674 5.257136349591468e-05
596.5000000000674 5.258282805023867e-05
596.6000000000674 5.258231190181489e-05
596.7000000000675 5.258178969250478e-05
596.8000000000675 5.258126176829533e-05
596.9000000000675 5.2580728528516676e-05
597.0000000000675 5.2580190425905386e-05
597.1000000000676 5.2589263752422356e-05
597.2000000000676 5.259833756676584e-05
597.3000000000676 5.2607412482616436e-05
597.4000000000676 5.2616489167273466e-05
597.5000000000676 5.2625568341768964e-05
597.6000000000677 5.2646503265039855e-05
597.7000000000677 5.266744198398705e-05
597.8000000000677 5.268838521927873e-05
597.9000000000677 5.270933363938393e-05
598.0000000000678 5.2730287860210886e-05
598.1000000000678 5.273636266398432e-05
598.2000000000678 5.2742439426039194e-05
598.3000000000678 5.274851860184801e-05
598.4000000000678 5.2754600593588666e-05
598.5000000000679 5.276068574999214e-05
598.6000000000679 5.27669221149492e-05
598.7000000000679 5.2773257202769246e-05
598.8000000000679 5.277964209347335e-05
598.900000000068 5.2786031432722465e-05
599.000000000068 5.2792383434092025e-05
599.100000000068 5.281021782817635e-05
599.200000000068 5.282794456720282e-05
599.300000000068 5.2845532487253814e-05
599.4000000000681 5.286295397675052e-05
599.5000000000681 5.288018498286796e-05
599.6000000000681 5.2885318499603616e-05
599.7000000000681 5.289022052558365e-05
599.8000000000682 5.2894878609393714e-05
599.9000000000682 5.289928383830921e-05
600.0000000000682 5.2903430839753276e-05
600.1000000000682 5.291882396896299e-05
600.2000000000683 5.2933960170732246e-05
600.3000000000683 5.294884453731627e-05
600.4000000000683 5.2963485714339294e-05
600.5000000000683 5.297789590551012e-05
600.6000000000683 5.2980198575752986e-05
600.7000000000684 5.2982307427423574e-05
600.8000000000684 5.298424637009817e-05
600.9000000000684 5.298604291947169e-05
601.0000000000684 5.298772819743219e-05
601.1000000000685 5.299108005146028e-05
601.2000000000685 5.299439384993069e-05
601.3000000000685 5.2997711536356494e-05
601.4000000000685 5.300107866855148e-05
601.5000000000686 5.3004544420155546e-05
601.6000000000686 5.30081615835745e-05
601.7000000000686 5.3011781459683196e-05
601.8000000000686 5.3015403699542186e-05
601.9000000000686 5.30190279002217e-05
602.0000000000687 5.302265360522718e-05
602.1000000000687 5.3041974232910235e-05
602.2000000000687 5.306129929395276e-05
602.3000000000687 5.308062817028326e-05
602.4000000000688 5.3099960189002284e-05
602.5000000000688 5.3119294622211106e-05
602.6000000000688 5.3126721053724316e-05
602.7000000000688 5.31341493800247e-05
602.8000000000688 5.314157887404739e-05
602.9000000000689 5.314900886217697e-05
603.0000000000689 5.315643872428762e-05
603.1000000000689 5.316424882798942e-05
603.2000000000689 5.3172057813836053e-05
603.300000000069 5.317986522243023e-05
603.400000000069 5.318767064795012e-05
603.500000000069 5.3195473738199644e-05
603.600000000069 5.32151286599548e-05
603.700000000069 5.323473622104171e-05
603.8000000000691 5.325432097223198e-05
603.9000000000691 5.327390571809799e-05
604.0000000000691 5.329351151371448e-05
604.1000000000691 5.329958466997178e-05
604.2000000000692 5.330571190575723e-05
604.3000000000692 5.331190895414381e-05
604.4000000000692 5.331818977139943e-05
604.5000000000692 5.33245665357408e-05
604.6000000000693 5.334299389054874e-05
604.7000000000693 5.336153916458298e-05
604.8000000000693 5.3380209277427284e-05
604.9000000000693 5.339900937098775e-05
605.0000000000693 5.3417942806557936e-05
605.1000000000694 5.3423861687115134e-05
605.2000000000694 5.34299117018007e-05
605.3000000000694 5.343609075502463e-05
605.4000000000694 5.3442394961335367e-05
605.5000000000695 5.344881864454954e-05
605.6000000000695 5.3467313028337126e-05
605.7000000000695 5.34859100861922e-05
605.8000000000695 5.3504597924769445e-05
605.9000000000696 5.35233627882038e-05
606.0000000000696 5.354218905423346e-05
606.1000000000696 5.355256696821443e-05
606.2000000000696 5.356296744537043e-05
606.3000000000696 5.3573369244695336e-05
606.4000000000697 5.358374926034447e-05
606.5000000000697 5.3594082519699755e-05
606.6000000000697 5.361632080575464e-05
606.7000000000697 5.3638565129186805e-05
606.8000000000698 5.366081549098803e-05
606.9000000000698 5.368307189233796e-05
607.0000000000698 5.3705334334469216e-05
607.1000000000698 5.3713388187579566e-05
607.2000000000698 5.372144278061376e-05
607.3000000000699 5.372949811364462e-05
607.4000000000699 5.373755418668243e-05
607.5000000000699 5.374561099993376e-05
607.6000000000699 5.376566714001501e-05
607.70000000007 5.378572761781546e-05
607.80000000007 5.380579243386131e-05
607.90000000007 5.382586158880422e-05
608.00000000007 5.384593508309862e-05
608.10000000007 5.3852794377707737e-05
608.2000000000701 5.385965411891239e-05
608.3000000000701 5.386651430688633e-05
608.4000000000701 5.387337494155251e-05
608.5000000000701 5.3880236023093016e-05
608.6000000000702 5.389911251187115e-05
608.7000000000702 5.3917992507481365e-05
608.8000000000702 5.393687601035354e-05
608.9000000000702 5.39557630207294e-05
609.0000000000703 5.397465353896823e-05
609.1000000000703 5.39823407374245e-05
609.2000000000703 5.399002852765971e-05
609.3000000000703 5.399771690954627e-05
609.4000000000703 5.400540588327064e-05
609.5000000000704 5.401309544883927e-05
609.6000000000704 5.403281696168426e-05
609.7000000000704 5.405254249222309e-05
609.8000000000704 5.4072272040868856e-05
609.9000000000705 5.409200560809743e-05
610.0000000000705 5.411174319438479e-05
610.1000000000705 5.4131466299921894e-05
610.2000000000705 5.415119348428983e-05
610.3000000000706 5.4170924747957224e-05
610.4000000000706 5.4190660091518346e-05
610.5000000000706 5.421039951537052e-05
610.6000000000706 5.4218094554672585e-05
610.7000000000706 5.422579025503148e-05
610.8000000000707 5.423348661658196e-05
610.9000000000707 5.424118363926994e-05
611.0000000000707 5.4248881323238645e-05
611.1000000000707 5.426850088176016e-05
611.2000000000708 5.42881244081085e-05
611.3000000000708 5.43077519028941e-05
611.4000000000708 5.432738336653834e-05
611.5000000000708 5.434701879945416e-05
611.6000000000708 5.435459280979369e-05
611.7000000000709 5.436216742752221e-05
611.8000000000709 5.4369742652826904e-05
611.9000000000709 5.437731848576907e-05
612.0000000000709 5.4384894926288945e-05
612.100000000071 5.439948940370646e-05
612.200000000071 5.44140846908202e-05
612.300000000071 5.442868078742441e-05
612.400000000071 5.4443277693439485e-05
612.500000000071 5.445787540865123e-05
612.6000000000711 5.446039845653416e-05
612.7000000000711 5.446292119459283e-05
612.8000000000711 5.446544362280927e-05
612.9000000000711 5.4467965741228603e-05
613.0000000000712 5.447048754997036e-05
613.1000000000712 5.448898981690955e-05
613.2000000000712 5.4507495194371794e-05
613.3000000000712 5.452600368252012e-05
613.4000000000713 5.454451528164379e-05
613.5000000000713 5.4563029991779614e-05
613.6000000000713 5.458154781327993e-05
613.7000000000713 5.460006874630781e-05
613.8000000000713 5.4618592791026225e-05
613.9000000000714 5.463711994766136e-05
614.0000000000714 5.465565021643064e-05
614.1000000000714 5.466219605399697e-05
614.2000000000714 5.4668742258990104e-05
614.3000000000715 5.467528883132824e-05
614.4000000000715 5.468183577111896e-05
614.5000000000715 5.468838307841536e-05
614.6000000000715 5.470703140164216e-05
614.7000000000716 5.472568298984073e-05
614.8000000000716 5.4744337843190804e-05
614.9000000000716 5.476299596206172e-05
615.0000000000716 5.478165734668689e-05
615.1000000000716 5.478700830198404e-05
615.2000000000717 5.4792359368532904e-05
615.3000000000717 5.4797710546300946e-05
615.4000000000717 5.480306183544513e-05
615.5000000000717 5.480841323594173e-05
615.6000000000718 5.4825878286967816e-05
615.7000000000718 5.48433458147479e-05
615.8000000000718 5.486081581934063e-05
615.9000000000718 5.487828830086768e-05
616.0000000000719 5.489576325950586e-05
616.1000000000719 5.490158699433798e-05
616.2000000000719 5.490741086383173e-05
616.3000000000719 5.491323486808206e-05
616.4000000000719 5.491905900705736e-05
616.500000000072 5.492488328073465e-05
616.600000000072 5.494283367330509e-05
616.700000000072 5.496078677213116e-05
616.800000000072 5.497874257747734e-05
616.900000000072 5.4996701089418216e-05
617.0000000000721 5.501466230801938e-05
617.1000000000721 5.502017063033537e-05
617.2000000000721 5.50256791041068e-05
617.3000000000721 5.503118772943197e-05
617.4000000000722 5.5036696506219256e-05
617.5000000000722 5.5042205434639134e-05
617.6000000000722 5.505985293011568e-05
617.7000000000722 5.507750300691976e-05
617.8000000000723 5.5095155665076654e-05
617.9000000000723 5.51128109047382e-05
618.0000000000723 5.513046872611053e-05
618.1000000000723 5.513547715933567e-05
618.2000000000724 5.514048556129594e-05
618.3000000000724 5.514549393195647e-05
618.4000000000724 5.5150502271345784e-05
618.5000000000724 5.515551057942899e-05
618.6000000000724 5.516051885636152e-05
618.7000000000725 5.516552710204504e-05
618.8000000000725 5.517053531657168e-05
618.9000000000725 5.517554349996994e-05
619.0000000000725 5.518055165221436e-05
619.1000000000726 5.519833703025064e-05
619.2000000000726 5.52161250617994e-05
619.3000000000726 5.523391574702711e-05
619.4000000000726 5.5251709086036704e-05
619.5000000000726 5.526950507898579e-05
619.6000000000727 5.527514197860099e-05
619.7000000000727 5.5280779051907206e-05
619.8000000000727 5.528641629887702e-05
619.9000000000727 5.5292053719609875e-05
620.0000000000728 5.529769131408541e-05
620.1000000000728 5.531306766006657e-05
620.2000000000728 5.532844519555473e-05
620.3000000000728 5.53438239203945e-05
620.4000000000729 5.535920383443045e-05
620.5000000000729 5.5374584937625384e-05
620.6000000000729 5.537779628561567e-05
620.7000000000729 5.538100741099357e-05
620.8000000000729 5.538421831386192e-05
620.900000000073 5.5387428994196696e-05
621.000000000073 5.539063945204067e-05
621.100000000073 5.539848694289138e-05
621.200000000073 5.540633502238257e-05
621.300000000073 5.5414183690633845e-05
621.4000000000731 5.5422032947637774e-05
621.5000000000731 5.542988279358652e-05
621.6000000000731 5.544991734553939e-05
621.7000000000731 5.5469955937479125e-05
621.8000000000732 5.5489998569801774e-05
621.9000000000732 5.5510045242966975e-05
622.0000000000732 5.553009595729807e-05
622.1000000000732 5.553760694782773e-05
622.2000000000733 5.554511853782284e-05
622.3000000000733 5.5552630727289e-05
622.4000000000733 5.556014351629548e-05
622.5000000000733 5.556765690504797e-05
622.6000000000734 5.558737180908227e-05
622.7000000000734 5.560709061237208e-05
622.8000000000734 5.5626813315396536e-05
622.9000000000734 5.564653991857109e-05
623.0000000000734 5.5666270422363876e-05
623.1000000000735 5.5670736242427966e-05
623.2000000000735 5.5675201932188125e-05
623.3000000000735 5.567966749167537e-05
623.4000000000735 5.568413292085699e-05
623.5000000000736 5.568859821976391e-05
623.6000000000736 5.569298538596911e-05
623.7000000000736 5.569732226115456e-05
623.8000000000736 5.570163477429177e-05
623.9000000000736 5.570594694102265e-05
624.0000000000737 5.5710280862432656e-05
624.1000000000737 5.57286424907535e-05
624.2000000000737 5.574706747061509e-05
624.3000000000737 5.576557221393947e-05
624.4000000000738 5.5784171230274954e-05
624.5000000000738 5.580287712362194e-05
624.6000000000738 5.5809477372370956e-05
624.7000000000738 5.581620251045337e-05
624.8000000000739 5.5823058557599956e-05
624.9000000000739 5.583004966758932e-05
625.0000000000739 5.583717812732614e-05
625.1000000000739 5.5843646549923294e-05
625.2000000000739 5.585025110091932e-05
625.300000000074 5.585698845404391e-05
625.400000000074 5.586385341168166e-05
625.500000000074 5.587083890380927e-05
625.600000000074 5.5890176499921464e-05
625.700000000074 5.590961802290268e-05
625.8000000000741 5.592915083563504e-05
625.9000000000741 5.594876041106519e-05
626.0000000000741 5.596843032875662e-05
626.1000000000741 5.597588879334559e-05
626.2000000000742 5.598336570453666e-05
626.3000000000742 5.5990838944522364e-05
626.4000000000742 5.5998284510184124e-05
626.5000000000742 5.60056765119933e-05
626.6000000000743 5.600073050022051e-05
626.7000000000743 5.5995778676987834e-05
626.8000000000743 5.599082141233378e-05
626.9000000000743 5.598585913284882e-05
627.0000000000744 5.5980892321766074e-05
627.1000000000744 5.5877581263230006e-05
627.2000000000744 5.577424215803629e-05
627.3000000000744 5.5670875656421356e-05
627.4000000000744 5.556748246017243e-05
627.5000000000745 5.546406332192353e-05
627.6000000000745 5.529925496536843e-05
627.7000000000745 5.513440223163409e-05
627.8000000000745 5.4969505882311724e-05
627.9000000000746 5.480456661411364e-05
628.0000000000746 5.463958506045842e-05
628.1000000000746 5.471104942142786e-05
628.2000000000746 5.4782539469456226e-05
628.3000000000746 5.4854055688989655e-05
628.4000000000747 5.492559851117624e-05
628.5000000000747 5.4997168313663864e-05
628.6000000000747 5.510579612284909e-05
628.7000000000747 5.5214565091011314e-05
628.8000000000748 5.532342451958584e-05
628.9000000000748 5.543232707580813e-05
629.0000000000748 5.5541228828832804e-05
629.1000000000748 5.5545326709763306e-05
629.2000000000749 5.554930817967604e-05
629.3000000000749 5.5553140569634764e-05
629.4000000000749 5.555679497880831e-05
629.5000000000749 5.5560246275942914e-05
629.6000000000749 5.557577723060647e-05
629.700000000075 5.559106597748244e-05
629.800000000075 5.560609929372017e-05
629.900000000075 5.562086766743759e-05
630.000000000075 5.563536530312291e-05
630.100000000075 5.568816591181277e-05
630.2000000000751 5.57407006398523e-05
630.3000000000751 5.579297431705584e-05
630.4000000000751 5.584499553442553e-05
630.5000000000751 5.5896776661444814e-05
630.6000000000752 5.593602128877548e-05
630.7000000000752 5.5975064226589466e-05
630.8000000000752 5.601393034768523e-05
630.9000000000752 5.605264840620692e-05
631.0000000000753 5.609125104992849e-05
631.1000000000753 5.611997511950808e-05
631.2000000000753 5.614866249486637e-05
631.3000000000753 5.6177357581721965e-05
631.4000000000754 5.620610869855696e-05
631.5000000000754 5.623496808631107e-05
631.6000000000754 5.62639919206149e-05
631.7000000000754 5.62930225142956e-05
631.8000000000754 5.632205950046533e-05
631.9000000000755 5.6351102454514283e-05
632.0000000000755 5.638015089357641e-05
632.1000000000755 5.640971677488549e-05
632.2000000000755 5.6439287621670546e-05
632.3000000000756 5.646886277626261e-05
632.4000000000756 5.649844152230159e-05
632.5000000000756 5.652802308463802e-05
632.6000000000756 5.654527897931175e-05
632.7000000000756 5.656253853196423e-05
632.8000000000757 5.6579800969258436e-05
632.9000000000757 5.659706557426224e-05
633.0000000000757 5.661433168647407e-05
633.1000000000757 5.663177757670764e-05
633.2000000000758 5.664922383314665e-05
633.3000000000758 5.666666996530393e-05
633.4000000000758 5.668411553941219e-05
633.5000000000758 5.670156017883639e-05
633.6000000000759 5.671892413718042e-05
633.7000000000759 5.6736235453747306e-05
633.8000000000759 5.675352030246507e-05
633.9000000000759 5.677080298963484e-05
634.0000000000759 5.678810595151621e-05
634.100000000076 5.679090847868623e-05
634.200000000076 5.6793768134506796e-05
634.300000000076 5.679670166949996e-05
634.400000000076 5.679972393677173e-05
634.500000000076 5.680284789175668e-05
634.6000000000761 5.681843374050367e-05
634.7000000000761 5.683414295077157e-05
634.8000000000761 5.684998286549065e-05
634.9000000000761 5.6865958932474054e-05
635.0000000000762 5.6882074701702e-05
635.1000000000762 5.688504958398247e-05
635.2000000000762 5.688816369052356e-05
635.3000000000762 5.68914147657134e-05
635.4000000000763 5.689479864917477e-05
635.5000000000763 5.689830927487315e-05
635.6000000000763 5.691429522622318e-05
635.7000000000763 5.693038845319171e-05
635.8000000000764 5.6946576276425735e-05
635.9000000000764 5.69628440374596e-05
636.0000000000764 5.697917509569833e-05
636.1000000000764 5.6985333438994335e-05
636.2000000000764 5.699151438051004e-05
636.3000000000765 5.6997695315739837e-05
636.4000000000765 5.700385166373816e-05
636.5000000000765 5.7009956866560896e-05
636.6000000000765 5.7028350280056605e-05
636.7000000000766 5.7046746464824146e-05
636.8000000000766 5.7065145420946325e-05
636.9000000000766 5.708354714857049e-05
637.0000000000766 5.7101951647769276e-05
637.1000000000766 5.7107164997553815e-05
637.2000000000767 5.711237844385681e-05
637.3000000000767 5.711759198671825e-05
637.4000000000767 5.712280562624265e-05
637.5000000000767 5.712801936235055e-05
637.6000000000768 5.714561309392593e-05
637.7000000000768 5.716320918178853e-05
637.8000000000768 5.7180807625986424e-05
637.9000000000768 5.719840842663197e-05
638.0000000000769 5.721601158369955e-05
638.1000000000769 5.7221769986495225e-05
638.2000000000769 5.7227528575566996e-05
638.3000000000769 5.723328735089049e-05
638.400000000077 5.723904631257034e-05
638.500000000077 5.724480546052714e-05
638.600000000077 5.7262956692003445e-05
638.700000000077 5.728111060317847e-05
638.800000000077 5.7299267194222695e-05
638.9000000000771 5.731742646517737e-05
639.0000000000771 5.733558841633415e-05
639.1000000000771 5.734345214793382e-05
639.2000000000771 5.735131644224478e-05
639.3000000000771 5.735918129919477e-05
639.4000000000772 5.736704671884085e-05
639.5000000000772 5.737491270130468e-05
639.6000000000772 5.738277924657873e-05
639.7000000000772 5.7390646354655424e-05
639.8000000000773 5.739851402572119e-05
639.9000000000773 5.740638225963916e-05
640.0000000000773 5.741425105660642e-05
640.1000000000773 5.743576399553227e-05
640.2000000000774 5.745728183831715e-05
640.3000000000774 5.747880458570792e-05
640.4000000000774 5.750033223845142e-05
640.5000000000774 5.752186479728506e-05
640.6000000000774 5.753097656606323e-05
640.7000000000775 5.754008930598363e-05
640.8000000000775 5.754920301715559e-05
640.9000000000775 5.755831769962368e-05
641.0000000000775 5.756743335356664e-05
641.1000000000776 5.758247719669203e-05
641.2000000000776 5.759752188082795e-05
641.3000000000776 5.761256740584784e-05
641.4000000000776 5.762761377162507e-05
641.5000000000776 5.764266097795858e-05
641.6000000000777 5.764527207288411e-05
641.7000000000777 5.7647882881462334e-05
641.8000000000777 5.765049340387327e-05
641.9000000000777 5.765310364003775e-05
642.0000000000778 5.765571359000695e-05
642.1000000000778 5.7659253192915674e-05
642.2000000000778 5.766279252526166e-05
642.3000000000778 5.7666331587088224e-05
642.4000000000779 5.766987037837394e-05
642.5000000000779 5.767340889923675e-05
642.6000000000779 5.768939093547344e-05
642.7000000000779 5.770537422793615e-05
642.800000000078 5.7721358776436435e-05
642.900000000078 5.7737344580915484e-05
643.000000000078 5.7753331641109974e-05
643.100000000078 5.775658960491718e-05
643.200000000078 5.7759847362900056e-05
643.3000000000781 5.7763104915103354e-05
643.4000000000781 5.7766362261571884e-05
643.5000000000781 5.7769619402285595e-05
643.6000000000781 5.7772876337354186e-05
643.7000000000781 5.7776133066757534e-05
643.8000000000782 5.77793895904757e-05
643.9000000000782 5.7782645908618396e-05
644.0000000000782 5.7785902021237695e-05
644.1000000000782 5.779841370404799e-05
644.2000000000783 5.7810924894723895e-05
644.3000000000783 5.78234355930297e-05
644.4000000000783 5.783594579859986e-05
644.5000000000783 5.784845551125378e-05
644.6000000000784 5.7848510799522647e-05
644.7000000000784 5.784856557077275e-05
644.8000000000784 5.7848619825030276e-05
644.9000000000784 5.784867356251596e-05
645.0000000000784 5.784872678313034e-05
645.1000000000785 5.785404920432544e-05
645.2000000000785 5.785937173131097e-05
645.3000000000785 5.786469436412653e-05
645.4000000000785 5.787001710274673e-05
645.5000000000786 5.78753399472663e-05
645.6000000000786 5.786820204454585e-05
645.7000000000786 5.7861061955714045e-05
645.8000000000786 5.785391968086494e-05
645.9000000000786 5.784677521989798e-05
646.0000000000787 5.783962857278094e-05
646.1000000000787 5.7836848461716026e-05
646.2000000000787 5.7834065257026835e-05
646.3000000000787 5.783127895818234e-05
646.4000000000788 5.782848956452165e-05
646.5000000000788 5.782569707543883e-05
646.6000000000788 5.781042352285492e-05
646.7000000000788 5.7795142695279764e-05
646.8000000000789 5.777985459141035e-05
646.9000000000789 5.776455920987881e-05
647.0000000000789 5.774925654945587e-05
647.1000000000789 5.774506693409901e-05
647.200000000079 5.774087448608279e-05
647.300000000079 5.773667920506159e-05
647.400000000079 5.773248109049457e-05
647.500000000079 5.772828014203611e-05
647.600000000079 5.7724076359275434e-05
647.7000000000791 5.771986974173674e-05
647.8000000000791 5.7715660289074494e-05
647.9000000000791 5.7711448000812795e-05
648.0000000000791 5.7707232876567546e-05
648.1000000000791 5.773652600904261e-05
648.2000000000792 5.7765822703188635e-05
648.3000000000792 5.779512295892701e-05
648.4000000000792 5.782442677604864e-05
648.5000000000792 5.785373415439976e-05
648.6000000000793 5.787061153572678e-05
648.7000000000793 5.788753972151409e-05
648.8000000000793 5.790449337397146e-05
648.9000000000793 5.792144900650782e-05
649.0000000000794 5.793838498590236e-05
649.1000000000794 5.794171717182103e-05
649.2000000000794 5.794499009326433e-05
649.3000000000794 5.794818774782071e-05
649.4000000000794 5.7951296011328304e-05
649.5000000000795 5.795430263842815e-05
649.6000000000795 5.7994755300118104e-05
649.7000000000795 5.803509414865149e-05
649.8000000000795 5.8075310747669345e-05
649.9000000000796 5.811539864324898e-05
650.0000000000796 5.815535337108971e-05
650.1000000000796 5.8188351675486826e-05
650.2000000000796 5.822121873167575e-05
650.3000000000796 5.825395613540904e-05
650.4000000000797 5.8286567497885995e-05
650.5000000000797 5.831905845132649e-05
650.6000000000797 5.8313844752174504e-05
650.7000000000797 5.830851715951378e-05
650.8000000000798 5.830308838973396e-05
650.9000000000798 5.829757310785028e-05
651.0000000000798 5.829198792606342e-05
651.1000000000798 5.825781717823221e-05
651.2000000000799 5.822361366491477e-05
651.3000000000799 5.818939984374717e-05
651.4000000000799 5.81552000685949e-05
651.5000000000799 5.8121040583307326e-05
651.60000000008 5.811203023576756e-05
651.70000000008 5.8103015596767106e-05
651.80000000008 5.809399764068979e-05
651.90000000008 5.808497740008328e-05
652.00000000008 5.8075955966190514e-05
652.1000000000801 5.813103148387128e-05
652.2000000000801 5.818611831099831e-05
652.3000000000801 5.8241217726713564e-05
652.4000000000801 5.829633107423077e-05
652.5000000000801 5.8351459760970036e-05
652.6000000000802 5.838150573123459e-05
652.7000000000802 5.841155913699092e-05
652.8000000000802 5.8441619597552306e-05
652.9000000000802 5.8471686672105424e-05
653.0000000000803 5.850175985940579e-05
653.1000000000803 5.8508041277912135e-05
653.2000000000803 5.851432356520023e-05
653.3000000000803 5.85206060384721e-05
653.4000000000804 5.85268879551031e-05
653.5000000000804 5.853316851281316e-05
653.6000000000804 5.8551929334679276e-05
653.7000000000804 5.857064178094494e-05
653.8000000000804 5.858933229517725e-05
653.9000000000805 5.860802539276316e-05
654.0000000000805 5.8626743657810134e-05
654.1000000000805 5.861617396022629e-05
654.2000000000805 5.860566472287358e-05
654.3000000000806 5.8595232598973885e-05
654.4000000000806 5.858489226826413e-05
654.5000000000806 5.8574656438718824e-05
654.6000000000806 5.8577106042612576e-05
654.7000000000806 5.857968076292641e-05
654.8000000000807 5.8582387488464996e-05
654.9000000000807 5.858523114760732e-05
655.0000000000807 5.858821470778835e-05
655.1000000000807 5.859266595107816e-05
655.2000000000808 5.859725731223212e-05
655.3000000000808 5.8601985881794554e-05
655.4000000000808 5.86068467864584e-05
655.5000000000808 5.8611833188369045e-05
655.6000000000809 5.8629515025718833e-05
655.7000000000809 5.864730501991001e-05
655.8000000000809 5.8665190492588346e-05
655.9000000000809 5.868315678429284e-05
656.000000000081 5.870118725105056e-05
656.100000000081 5.872131614389069e-05
656.200000000081 5.874147129259406e-05
656.300000000081 5.8761630081733535e-05
656.400000000081 5.878176789542373e-05
656.5000000000811 5.880185811410572e-05
656.6000000000811 5.882187211160868e-05
656.7000000000811 5.884188984131319e-05
656.8000000000811 5.8861911303576896e-05
656.9000000000811 5.8881936498757395e-05
657.0000000000812 5.890196542739758e-05
657.1000000000812 5.890798647868877e-05
657.2000000000812 5.891400776997415e-05
657.3000000000812 5.892002930143354e-05
657.4000000000813 5.892605107298447e-05
657.5000000000813 5.893207308468598e-05
657.6000000000813 5.8950702415806803e-05
657.7000000000813 5.896933456366375e-05
657.8000000000814 5.8987969528331665e-05
657.9000000000814 5.900660731008229e-05
658.0000000000814 5.902524790905367e-05
658.1000000000814 5.904089385362387e-05
658.2000000000814 5.905654087126539e-05
658.3000000000815 5.907218896182302e-05
658.4000000000815 5.9087838125272586e-05
658.5000000000815 5.910348836139319e-05
658.6000000000815 5.911913967009499e-05
658.7000000000816 5.913479205135398e-05
658.8000000000816 5.9150445504949156e-05
658.9000000000816 5.91661000308564e-05
659.0000000000816 5.918175566369655e-05
659.1000000000816 0.00010180726758529824
659.2000000000817 0.00014444504473848008
659.3000000000817 0.00018709508880491435
659.4000000000817 0.00022975740146659145
659.5000000000817 0.00027243198440580243
659.6000000000818 0.00031518602882234107
659.7000000000818 0.0003579705554648098
659.8000000000818 0.00040078557386816264
659.9000000000818 0.00044363109356855676
660.0000000000819 0.0004865071240758672
660.1000000000819 0.0004954497149266859
660.2000000000819 0.0005043938538088045
660.3000000000819 0.0005133395407546902
660.400000000082 0.000522286775796295
660.500000000082 0.0005312355589651017
660.600000000082 0.0005403009458604835
660.700000000082 0.0005493716943137236
660.800000000082 0.0005584478053461252
660.9000000000821 0.0005675292799790443
661.0000000000821 0.0005766161192276365
661.1000000000821 0.0005796436366105171
661.2000000000821 0.0005826717230113186
661.3000000000822 0.000585700378463458
661.4000000000822 0.0005887296030003634
661.5000000000822 0.0005917593966555747
661.6000000000822 0.0005949163104742208
661.7000000000822 0.0005980750832357188
661.8000000000823 0.0006012357153362117
661.9000000000823 0.0006043982071732042
662.0000000000823 0.0006075625591457636
662.1000000000823 0.0006141979417429319
662.2000000000824 0.0006208351074040533
662.3000000000824 0.0006274740563478613
662.4000000000824 0.0006341147887944975
662.5000000000824 0.0006407573049627495
662.6000000000824 0.0006474016050721247
662.7000000000825 0.0006540476893414415
662.8000000000825 0.0006606955579902537
662.9000000000825 0.0006673452112381488
663.0000000000825 0.0006739966493038101
663.1000000000826 0.0006795122502418375
663.2000000000826 0.0006850301793126803
663.3000000000826 0.0006905504364519214
663.4000000000826 0.0006960730215958386
663.5000000000827 0.0007015979346797628
663.6000000000827 0.000706976065501791
663.7000000000827 0.0007123548976420891
663.8000000000827 0.0007177341111039102
663.9000000000827 0.0007231134008246546
664.0000000000828 0.0007284924776060764
664.1000000000828 0.0007381611403832739
664.2000000000828 0.0007478319733097907
664.3000000000828 0.0007575047231525449
664.4000000000829 0.000767179151786683
664.5000000000829 0.0007768550378621884
664.6000000000829 0.0007866990731605467
664.7000000000829 0.0007965482240672742
664.800000000083 0.0008064023609275816
664.900000000083 0.0008162613765422153
665.000000000083 0.0008261251877234454
665.100000000083 0.0008392980887993622
665.200000000083 0.0008524690534244217
665.3000000000831 0.0008656380549699834
665.4000000000831 0.0008788050985669173
665.5000000000831 0.0008919702231735861
665.6000000000831 0.0009051336155765517
665.7000000000832 0.000918295352944791
665.8000000000832 0.000931455553000498
665.9000000000832 0.0009446143762960184
666.0000000000832 0.0009577720284931084
666.1000000000832 0.0009849913673062726
666.2000000000833 0.0010122258898823805
666.3000000000833 0.0010394759574147234
666.4000000000833 0.0010667420078881993
666.5000000000833 0.0010940245608536305
666.6000000000834 0.0011210866576467828
666.7000000000834 0.001148152833864726
666.8000000000834 0.0011752230650842017
666.9000000000834 0.0012022973238454127
667.0000000000834 0.0012293755795085488
667.1000000000835 0.0012516243659085084
667.2000000000835 0.0012738750858569093
667.3000000000835 0.001296127700782352
667.4000000000835 0.0013183821688225001
667.5000000000836 0.00134063844471916
667.6000000000836 0.0013631852289099446
667.7000000000836 0.0013857433886734747
667.8000000000836 0.0014083129513069745
667.9000000000837 0.0014308939491135247
668.0000000000837 0.0014534864196827204
668.1000000000837 0.0015208337207152074
668.2000000000837 0.00158818802076224
668.3000000000837 0.0016555493821456416
668.4000000000838 0.001722917879718762
668.5000000000838 0.0017902936015604927
668.6000000000838 0.0018576741219579031
668.7000000000838 0.001925059888810002
668.8000000000839 0.0019924516237987476
668.9000000000839 0.0020598500976864408
669.0000000000839 0.0021272561187299847
669.1000000000839 0.0022238784091076847
669.200000000084 0.0023205442497754177
669.300000000084 0.002417254608658732
669.400000000084 0.0025140104729293113
669.500000000084 0.0026108128323895775
669.600000000084 0.0027070903393511528
669.7000000000841 0.002803375709659993
669.8000000000841 0.0028996699008586252
669.9000000000841 0.0029959738153385604
670.0000000000841 0.0030922882842910316
670.1000000000842 0.0032731756015198293
670.2000000000842 0.003454115723486159
670.3000000000842 0.003635109771207246
670.4000000000842 0.0038161587020821494
670.5000000000842 0.003997263279517392
670.6000000000843 0.004179307430267296
670.7000000000843 0.0043614846756144495
670.8000000000843 0.0045437950503795
670.9000000000843 0.004726238273365132
671.0000000000844 0.00490881371657956
671.1000000000844 0.005220142592668125
671.2000000000844 0.005531492148856654
671.3000000000844 0.005842860485958067
671.4000000000844 0.00615424501845317
671.5000000000845 0.006465642422179422
671.6000000000845 0.006777048582129423
671.7000000000845 0.007088471869589383
671.8000000000845 0.007399912280617305
671.9000000000846 0.0077113698112653865
672.0000000000846 0.008022844457723262
672.1000000000846 0.008505860091417303
672.2000000000846 0.008989198318886947
672.3000000000847 0.009472859229372188
672.4000000000847 0.009956842912115888
672.5000000000847 0.010441149456382191
672.6000000000847 0.010923474420993728
672.7000000000847 0.011405918862624423
672.8000000000848 0.011888482794977973
672.9000000000848 0.01237116623171032
673.0000000000848 0.012853969186633857
673.1000000000848 0.013473705489666324
673.2000000000849 0.014093498511461952
673.3000000000849 0.014713348247052725
673.4000000000849 0.015333254691441865
673.5000000000849 0.015953217839649578
673.600000000085 0.016573237686680033
673.700000000085 0.017193314227555767
673.800000000085 0.017813447457301464
673.900000000085 0.01843363737094399
674.000000000085 0.019053883963572903
674.1000000000851 0.019770057618531654
674.2000000000851 0.020486622596349015
674.3000000000851 0.021203578953310286
674.4000000000851 0.021920926745677898
674.5000000000852 0.022638666029708297
674.6000000000852 0.023351875497035306
674.7000000000852 0.02406517591510734
674.8000000000852 0.02477856728270943
674.9000000000852 0.025492049598601046
675.0000000000853 0.026205622861586897
675.1000000000853 0.02693972712703343
675.2000000000853 0.027673949060186765
675.3000000000853 0.028408288664107276
675.4000000000854 0.029142745941857374
675.5000000000854 0.029877320896469016
675.6000000000854 0.030612013531040184
675.7000000000854 0.03134682384860554
675.8000000000854 0.032081751852198734
675.9000000000855 0.032816797544924274
676.0000000000855 0.0335519609298727
676.1000000000855 0.03439375396979958
676.2000000000855 0.03523605252173272
676.3000000000856 0.036078856691784573
676.4000000000856 0.03692216658607783
676.5000000000856 0.03776598231073865
676.6000000000856 0.038602177197769094
676.7000000000857 0.03943852598053459
676.8000000000857 0.040275028668036526
676.9000000000857 0.041111685269237745
677.0000000000857 0.041948495792976756
677.1000000000857 0.04274409712441275
677.2000000000858 0.043539752998565315
677.3000000000858 0.044335463406857144
677.4000000000858 0.04513122834071401
677.5000000000858 0.04592704779152286
677.6000000000859 0.04673275815521764
677.7000000000859 0.04753885814650188
677.8000000000859 0.04834534779122533
677.9000000000859 0.049152227115072146
678.000000000086 0.049959496144037295
678.100000000086 0.05082803501196696
678.200000000086 0.051696749257087726
678.300000000086 0.05256563889258674
678.400000000086 0.05343470393142443
678.5000000000861 0.054303944386849747
678.6000000000861 0.05517336027194145
678.7000000000861 0.056042951599777714
678.8000000000861 0.0569127183835604
678.9000000000862 0.05778266063630886
679.0000000000862 0.05865277837149404
679.1000000000862 0.05982898499089734
679.2000000000862 0.061005291168779806
679.3000000000862 0.06218169689484968
679.4000000000863 0.06335820215888364
679.5000000000863 0.06453480695073302
679.6000000000863 0.06571151125997145
679.7000000000863 0.06688831507652682
679.8000000000864 0.06806521839004402
679.9000000000864 0.06924222119038907
680.0000000000864 0.07041932346736429
680.1000000000864 0.07169053686661586
680.2000000000864 0.07296243911027604
680.3000000000865 0.07423503030137851
680.4000000000865 0.07550831054287986
680.5000000000865 0.07678227993780662
680.6000000000865 0.07804054351711508
680.7000000000866 0.07929896770635958
680.8000000000866 0.0805575525071145
680.9000000000866 0.08181629792138856
681.0000000000866 0.08307520395117343
681.1000000000867 0.08461097703449123
681.2000000000867 0.08614706348271921
681.3000000000867 0.08768346331782902
681.4000000000867 0.08922017656208273
681.5000000000867 0.09075720323726523
681.6000000000868 0.0922945433656498
681.7000000000868 0.0938321969690161
681.8000000000868 0.09537016406964893
681.9000000000868 0.09690844468953408
682.0000000000869 0.09844703885086772
682.1000000000869 0.10010655019151136
682.2000000000869 0.10176630677367102
682.3000000000869 0.10342630860581252
682.400000000087 0.10508655569662959
682.500000000087 0.10674704805449861
682.600000000087 0.10843056043293549
682.700000000087 0.1101150159874349
682.800000000087 0.11180041488142012
682.9000000000871 0.11348675727784567
683.0000000000871 0.11517404334002193
683.1000000000871 0.11698418793100239
683.2000000000871 0.11879441509421981
683.3000000000872 0.12060472480607982
683.4000000000872 0.12241511704312139
683.5000000000872 0.12422559178189177
683.6000000000872 0.12603632052475722
683.7000000000872 0.12784724850159812
683.8000000000873 0.12965832176899872
683.9000000000873 0.1314694875125527
684.0000000000873 0.13328069435038287
684.1000000000873 0.13513165294148813
684.2000000000874 0.13698272360746516
684.3000000000874 0.13883386095240044
684.4000000000874 0.1406850221848283
684.5000000000874 0.14253616742803754
684.6000000000874 0.1443872659804361
684.7000000000875 0.1462382828016378
684.8000000000875 0.1480891867373932
684.9000000000875 0.1499399508402994
685.0000000000875 0.1517905526889247
685.1000000000876 0.15378531787567573
685.2000000000876 0.1557797716396174
685.3000000000876 0.15777390601241184
685.4000000000876 0.15976771887686816
685.5000000000877 0.16176121431081858
685.6000000000877 0.1635825590098683
685.7000000000877 0.16539942296104404
685.8000000000877 0.1672118360264436
685.9000000000877 0.16901983536124054
686.0000000000878 0.17082346569588588
686.1000000000878 0.17139466699962044
686.2000000000878 0.17192261313712384
686.3000000000878 0.1724073584654362
686.4000000000879 0.17284896377899958
686.5000000000879 0.17324749619430552
686.6000000000879 0.17095855255296613
686.7000000000879 0.16856168838405533
686.800000000088 0.16605686294457772
686.900000000088 0.16344403571386382
687.000000000088 0.16072316639897352
687.100000000088 0.16035904040951118
687.200000000088 0.1599437998046892
687.3000000000881 0.15947744414777268
687.4000000000881 0.15895997316173724
687.5000000000881 0.1583913867381553
687.6000000000881 0.16283293799523538
687.7000000000882 0.16733312572384654
687.8000000000882 0.17189194694501714
687.9000000000882 0.17650939836077564
688.0000000000882 0.18118547632443396
688.1000000000882 0.1853917239247418
688.2000000000883 0.1896457058349796
688.3000000000883 0.19394742106432383
688.4000000000883 0.19829686818933998
688.5000000000883 0.2026940453220283
688.6000000000884 0.2039972743814317
688.7000000000884 0.20528728461986953
688.8000000000884 0.20656416886545637
688.9000000000884 0.20782801563818304
689.0000000000884 0.20907890888676106
689.1000000000885 0.21122458187023446
689.2000000000885 0.2133706507173929
689.3000000000885 0.2155171886580528
689.4000000000885 0.2176642644844854
689.5000000000886 0.21981194220389563
689.6000000000886 0.22297282458126289
689.7000000000886 0.22615400253089435
689.8000000000886 0.22935552524823968
689.9000000000887 0.2325774355847156
690.0000000000887 0.2358197695098721
690.1000000000887 0.23897683535829015
690.2000000000887 0.24215154851229034
690.3000000000887 0.24534391753437343
690.4000000000888 0.24855394185115762
690.5000000000888 0.25178161118596326
690.6000000000888 0.25514399722377656
690.7000000000888 0.25852611924941155
690.8000000000889 0.2619279400607493
690.9000000000889 0.2653494107842339
691.0000000000889 0.2687904702531783
691.1000000000889 0.27225415821510596
691.200000000089 0.27573407010435763
691.300000000089 0.27923010633066137
691.400000000089 0.2827421524399157
691.500000000089 0.2862700784614902
691.600000000089 0.28974944948283093
691.7000000000891 0.29324373820951094
691.8000000000891 0.2967529483272566
691.9000000000891 0.3002770835223999
692.0000000000891 0.3038161474815148
692.1000000000892 0.30732680251538463
692.2000000000892 0.3108509224961683
692.3000000000892 0.31438850801504986
692.4000000000892 0.31793955966300685
692.5000000000892 0.3215040780314143
692.6000000000893 0.32494136599899764
692.7000000000893 0.32838968869411395
692.8000000000893 0.33184904659548464
692.9000000000893 0.3353194401827766
693.0000000000894 0.3388008699338838
693.1000000000894 0.3421525227264229
693.2000000000894 0.3455086645443427
693.3000000000894 0.3488692962766939
693.4000000000894 0.35223441881256906
693.5000000000895 0.3556040330408999
693.6000000000895 0.35874768095551895
693.7000000000895 0.36189178280964057
693.8000000000895 0.3650363386177905
693.9000000000896 0.36818134839409605
694.0000000000896 0.3713268121533748
694.1000000000896 0.3743250187809107
694.2000000000896 0.377324979153351
694.3000000000897 0.38032669362078436
694.4000000000897 0.3833301625329031
694.5000000000897 0.3863353862400687
694.6000000000897 0.38959215702887795
694.7000000000897 0.39285443632106587
694.8000000000898 0.39612222543885023
694.9000000000898 0.39939552570279774
695.0000000000898 0.40267433843494016
695.1000000000898 0.4060240689372736
695.2000000000899 0.40937630305055506
695.3000000000899 0.4127310404882855
695.4000000000899 0.4160882809625835
695.5000000000899 0.4194480241853596
695.60000000009 0.4226306181729
695.70000000009 0.42581300879461026
695.80000000009 0.42899519602286756
695.90000000009 0.4321771798286515
696.00000000009 0.4353589601851538
696.1000000000901 0.43887683865859894
696.2000000000901 0.44240264382104044
696.3000000000901 0.4459363771260048
696.4000000000901 0.44947804002606845
696.5000000000902 0.453027633973907
696.6000000000902 0.4566814660872438
696.7000000000902 0.4603444908969571
696.8000000000902 0.4640167100973333
696.9000000000902 0.46769812538317834
697.0000000000903 0.47138873844755563
697.1000000000903 0.47482939681248815
697.2000000000903 0.4782717520158401
697.3000000000903 0.4817158042372542
697.4000000000904 0.48516155365533753
697.5000000000904 0.48860900044850136
697.6000000000904 0.49185209029684396
697.7000000000904 0.4950940746007152
697.8000000000904 0.49833495316732807
697.9000000000905 0.5015747258028238
698.0000000000905 0.5048133923136849
698.1000000000905 0.5072226169512946
698.2000000000905 0.5096289013975435
698.3000000000906 0.5120322447582972
698.4000000000906 0.514432646141555
698.5000000000906 0.5168301046533625
698.6000000000906 0.5190060905214876
698.7000000000907 0.5211768412594983
698.8000000000907 0.5233423553549766
698.9000000000907 0.5255026312942214
699.0000000000907 0.5276576675651282
699.1000000000907 0.5298308858538482
699.2000000000908 0.5320038297726797
699.3000000000908 0.5341764993150946
699.4000000000908 0.5363488944751698
699.5000000000908 0.5385210152460304
699.6000000000909 0.5409214843944166
699.7000000000909 0.5433235155638828
699.8000000000909 0.545727108400324
699.9000000000909 0.5481322625484429
700.000000000091 0.5505389776531023
700.100000000091 0.5524668392479017
700.200000000091 0.5543950309799537
700.300000000091 0.5563235528722349
700.400000000091 0.5582524049459041
700.5000000000911 0.5601815872239506
700.6000000000911 0.5621110997287635
700.7000000000911 0.564040942481504
700.8000000000911 0.5659711155045625
700.9000000000912 0.567901618820336
701.0000000000912 0.5698324524501046
701.1000000000912 0.5712133721102507
701.2000000000912 0.5725945316317163
701.3000000000912 0.5739759310288087
701.4000000000913 0.575357570316463
701.5000000000913 0.5767394495090982
701.6000000000913 0.5782435351972454
701.7000000000913 0.5797484440935169
701.8000000000914 0.5812541763646392
701.9000000000914 0.5827607321767168
702.0000000000914 0.5842681116965432
702.1000000000914 0.585120427687776
702.2000000000914 0.5859727397982175
702.3000000000915 0.5868250480192001
702.4000000000915 0.587677352345265
702.5000000000915 0.5885296527692585
702.6000000000915 0.5896303716011057
702.7000000000916 0.5907318049922606
702.8000000000916 0.5918339529314985
702.9000000000916 0.5929368154069419
703.0000000000916 0.5940403924059137
703.1000000000917 0.5949908905142958
703.2000000000917 0.5959421644613947
703.3000000000917 0.5968942142895218
703.4000000000917 0.597847040042276
703.5000000000917 0.5988006417608395
703.6000000000918 0.5992530274261119
703.7000000000918 0.5997054311909007
703.8000000000918 0.600157853052357
703.9000000000918 0.600610293008939
704.0000000000919 0.6010627510563498
704.1000000000919 0.6013572496118831
704.2000000000919 0.6016517833179049
704.3000000000919 0.6019463521750973
704.400000000092 0.602240956184142
704.500000000092 0.6025355953470303
704.600000000092 0.6028302696651
704.700000000092 0.6031249791377243
704.800000000092 0.6034197237675519
704.9000000000921 0.6037145035546109
705.0000000000921 0.6040093185006631
705.1000000000921 0.6040504060616523
705.2000000000921 0.6040914895792757
705.3000000000922 0.6041325690533242
705.4000000000922 0.6041736444835863
705.5000000000922 0.6042147158712836
705.6000000000922 0.6043823289290129
705.7000000000922 0.6045499551430259
705.8000000000923 0.604717594511132
705.9000000000923 0.6048852470304843
706.0000000000923 0.6050529126996091
706.1000000000923 0.6052844699433354
706.2000000000924 0.6055160759969586
706.3000000000924 0.605747730863661
706.4000000000924 0.6059794345472823
706.5000000000924 0.6062111870496905
706.6000000000925 0.6064429883747248
706.7000000000925 0.6066748385249101
706.8000000000925 0.6069067375040863
706.9000000000925 0.6071386853134614
707.0000000000925 0.6073706819574186
707.1000000000926 0.6074793220180109
707.2000000000926 0.6075879713640799
707.3000000000926 0.6076966299976022
707.4000000000926 0.6078052979185815
707.5000000000927 0.6079139751263624
707.6000000000927 0.6080226616222641
707.7000000000927 0.608131357406949
707.8000000000927 0.6082400624797618
707.9000000000927 0.6083487768420234
708.0000000000928 0.6084575004937758
708.1000000000928 0.6086078852980076
708.2000000000928 0.6087582782810577
708.3000000000928 0.6089086794430155
708.4000000000929 0.6090590887833108
708.5000000000929 0.6092095063000537
708.6000000000929 0.609359931993334
708.7000000000929 0.6095103658619214
708.800000000093 0.6096608079059047
708.900000000093 0.6098112581233944
709.000000000093 0.6099617165136261
709.100000000093 0.6099036730729314
709.200000000093 0.609845616903145
709.3000000000931 0.6097875480035772
709.4000000000931 0.6097294663748575
709.5000000000931 0.6096713720149786
709.6000000000931 0.6096132649252284
709.7000000000932 0.609555145104918
709.8000000000932 0.6094970125526982
709.9000000000932 0.6094388672698577
710.0000000000932 0.6093807092545509
710.1000000000932 0.6094968066472051
710.2000000000933 0.609612898779013
710.3000000000933 0.6097289856493049
710.4000000000933 0.6098450672593898
710.5000000000933 0.6099611436072799
710.6000000000934 0.610077214693626
710.7000000000934 0.6101932805177598
710.8000000000934 0.610309341079673
710.9000000000934 0.610425396378698
711.0000000000935 0.6105414464155366
711.1000000000935 0.6107096633771812
711.2000000000935 0.6108778985629065
711.3000000000935 0.6110461519738664
711.4000000000935 0.6112144236105552
711.5000000000936 0.6113827134741269
711.6000000000936 0.6115510215657354
711.7000000000936 0.6117193478858756
711.8000000000936 0.6118876924363614
711.9000000000937 0.6120560552176872
712.0000000000937 0.6122244362294279
712.1000000000937 0.6121170903773742
712.2000000000937 0.6120097356172871
712.3000000000937 0.6119023719489267
712.4000000000938 0.6117949993733743
712.5000000000938 0.6116876178918306
712.6000000000938 0.6117075339621807
712.7000000000938 0.6117274494176218
712.8000000000939 0.6117473642574167
712.9000000000939 0.6117672784814888
713.0000000000939 0.6117871920912287
713.1000000000939 0.6119637515841038
713.200000000094 0.6121403339824019
713.300000000094 0.612316939289022
713.400000000094 0.6124935675042195
713.500000000094 0.6126702186302334
713.600000000094 0.6128477271520438
713.7000000000941 0.6130257956791426
713.8000000000941 0.6132041470408149
713.9000000000941 0.6133825243185573
714.0000000000941 0.613560690871166
714.1000000000942 0.6134532948477
714.2000000000942 0.6133452437089555
714.3000000000942 0.6132363629788519
714.4000000000942 0.613126498872343
714.5000000000942 0.6130155182753794
714.6000000000943 0.6129033087538918
714.7000000000943 0.612789778480122
714.8000000000943 0.6126748562467336
714.9000000000943 0.6125584914504363
715.0000000000944 0.6124406540736327
715.1000000000944 0.6120854384588975
715.2000000000944 0.6117288690851884
715.3000000000944 0.6113709792255189
715.4000000000945 0.6110118225815107
715.5000000000945 0.6106514732239781
715.6000000000945 0.610162589734605
715.7000000000945 0.6096728206938442
715.8000000000945 0.6091823015059225
715.9000000000946 0.6086911875713256
716.0000000000946 0.6081996542035703
716.1000000000946 0.6072227601305058
716.2000000000946 0.6062449894108349
716.3000000000947 0.6052665766935185
716.4000000000947 0.6042877754008374
716.5000000000947 0.6033088575597967
716.6000000000947 0.6009281603320036
716.7000000000947 0.5985460321496802
716.8000000000948 0.5961624731416196
716.9000000000948 0.5937774834346031
717.0000000000948 0.5913910631573284
717.1000000000948 0.588975069444073
717.2000000000949 0.5865590062486411
717.3000000000949 0.5841428736039359
717.4000000000949 0.5817266715388376
717.5000000000949 0.5793104000874423
717.600000000095 0.5782976944814898
717.700000000095 0.5772849588699067
717.800000000095 0.5762721932552017
717.900000000095 0.575259397639187
718.000000000095 0.5742465720221563
718.1000000000951 0.5723634604243625
718.2000000000951 0.5704809568564085
718.3000000000951 0.5685990612619881
718.4000000000951 0.566717773586158
718.5000000000952 0.5648370937759324
718.6000000000952 0.5635944277930753
718.7000000000952 0.5623521543540997
718.8000000000952 0.5611102734325522
718.9000000000952 0.5598687849979913
719.0000000000953 0.5586276890238262
719.1000000000953 0.5586871520426749
719.2000000000953 0.5587465647902478
719.3000000000953 0.5588059272652827
719.4000000000954 0.5588652394664766
719.5000000000954 0.5589245013907304
719.6000000000954 0.5592382942559575
719.7000000000954 0.5595519599498904
719.8000000000955 0.5598655061038597
719.9000000000955 0.5601789397982906
720.0000000000955 0.5604922675631828
720.1000000000955 0.5616239133420975
720.2000000000955 0.5627549418760527
720.3000000000956 0.5638853581689027
720.4000000000956 0.5650151666863231
720.5000000000956 0.5661443713597354
720.6000000000956 0.5691787548297783
720.7000000000957 0.5722116163078587
720.8000000000957 0.5752429431610508
720.9000000000957 0.5782727230513451
721.0000000000957 0.5813009439518781
721.1000000000957 0.5840986712822416
721.2000000000958 0.5868938274159655
721.3000000000958 0.589686401534067
721.4000000000958 0.5924763832108697
721.5000000000958 0.5952637624214775
721.6000000000959 0.5960229384129081
721.7000000000959 0.5967812040618667
721.8000000000959 0.5975385592028569
721.9000000000959 0.5982950036742922
722.000000000096 0.5990505373115476
722.100000000096 0.5986970114743412
722.200000000096 0.598343510452561
722.300000000096 0.5979900343554762
722.400000000096 0.5976365832918065
722.5000000000961 0.5972831573673719
722.6000000000961 0.5951621981691394
722.7000000000961 0.5930418957279131
722.8000000000961 0.5909222602437774
722.9000000000962 0.5888033023732252
723.0000000000962 0.5866850332161466
723.1000000000962 0.5834661403916512
723.2000000000962 0.5802492598880171
723.3000000000962 0.5770344037984817
723.4000000000963 0.5738215845227846
723.5000000000963 0.5706108147512122
723.6000000000963 0.5700456811817981
723.7000000000963 0.5694803317710354
723.8000000000964 0.5689150219712583
723.9000000000964 0.5683499865780314
724.0000000000964 0.5677854398281255
724.1000000000964 0.5679595392841905
724.2000000000965 0.5681341788934836
724.3000000000965 0.5683095147742836
724.4000000000965 0.5684856835809551
724.5000000000965 0.5686628024739545
724.6000000000965 0.5690922794330873
724.7000000000966 0.5695228510621254
724.8000000000966 0.5699545871396612
724.9000000000966 0.5703875385025227
725.0000000000966 0.5708217369719307
725.1000000000967 0.571258818350891
725.2000000000967 0.5716971535582832
725.3000000000967 0.5721367169377356
725.4000000000967 0.5725774635214067
725.5000000000967 0.5730193289596331
725.6000000000968 0.5739642756020306
725.7000000000968 0.5749100521421737
725.8000000000968 0.5758565380234905
725.9000000000968 0.5768035924975464
726.0000000000969 0.5777510544626996
726.1000000000969 0.577756632511162
726.2000000000969 0.5777624304654791
726.3000000000969 0.5777682252438869
726.400000000097 0.5777737743574123
726.500000000097 0.5777788159098928
726.600000000097 0.5776575999614909
726.700000000097 0.5775363809062384
726.800000000097 0.5774151587457531
726.9000000000971 0.5772939334803532
727.0000000000971 0.5771727051105975
727.1000000000971 0.5759607696564568
727.2000000000971 0.5747491614948467
727.3000000000972 0.5735378806083721
727.4000000000972 0.5723269269783394
727.5000000000972 0.5711163005902735
727.6000000000972 0.5709089156338331
727.7000000000972 0.5707015697847766
727.8000000000973 0.5704942630408548
727.9000000000973 0.570286995401118
728.0000000000973 0.5700797668680534
728.1000000000973 0.5720694532923247
728.2000000000974 0.574059031095682
728.3000000000974 0.5760485002416235
728.4000000000974 0.5780378606936383
728.5000000000974 0.5800271124084779
728.6000000000975 0.5797605591928704
728.7000000000975 0.5794935084239325
728.8000000000975 0.5792262233548098
728.9000000000975 0.5789589473157707
729.0000000000975 0.5786919037606144
729.1000000000976 0.5790959780128195
729.2000000000976 0.57950069910799
729.3000000000976 0.5799062338279933
729.4000000000976 0.5803127299331834
729.5000000000977 0.5807203160995955
729.6000000000977 0.5816302912120859
729.7000000000977 0.5825416151150307
729.8000000000977 0.5834543622374962
729.9000000000977 0.5843685878201158
730.0000000000978 0.585284327765031
730.1000000000978 0.5848796474691831
730.2000000000978 0.5844764030663205
730.3000000000978 0.5840745622240252
730.4000000000979 0.5836740731023236
730.5000000000979 0.5832748644195042
730.6000000000979 0.5832527093540245
730.7000000000979 0.5832315914701537
730.800000000098 0.583211391357872
730.900000000098 0.5831919694587047
731.000000000098 0.583173166072695
731.100000000098 0.5836281055735045
731.200000000098 0.5840833934044667
731.3000000000981 0.5845388095128975
731.4000000000981 0.5849941129330244
731.5000000000981 0.585449041712094
731.6000000000981 0.586404883457862
731.7000000000982 0.587361032882648
731.8000000000982 0.5883174762750819
731.9000000000982 0.5892742004333293
732.0000000000982 0.5902311926670955
732.1000000000982 0.5916669119466303
732.2000000000983 0.5931028994357295
732.3000000000983 0.5945391439976829
732.4000000000983 0.5959756349964567
732.5000000000983 0.597412362297331
732.6000000000984 0.5980961799157543
732.7000000000984 0.5987800575239957
732.8000000000984 0.599463994920917
732.9000000000984 0.6001479919061171
733.0000000000985 0.6008320482781093
733.1000000000985 0.6009750999166605
733.2000000000985 0.601118101383767
733.3000000000985 0.6012610526368574
733.4000000000985 0.601403953637413
733.5000000000986 0.601546804346117
733.6000000000986 0.6020676599708069
733.7000000000986 0.6025892078170467
733.8000000000986 0.603111186051893
733.9000000000987 0.6036333528161032
734.0000000000987 0.6041554863142699
734.1000000000987 0.6042477453579749
734.2000000000987 0.6043393803518122
734.3000000000987 0.6044302318361873
734.4000000000988 0.6045201611645051
734.5000000000988 0.6046090505220677
734.6000000000988 0.6044451604933465
734.7000000000988 0.604280021180007
734.8000000000989 0.6041135587054487
734.9000000000989 0.6039457189393523
735.0000000000989 0.603776467467329
735.1000000000989 0.6041930062331902
735.200000000099 0.6046082403185551
735.300000000099 0.6050221901664404
735.400000000099 0.6054348959897758
735.500000000099 0.6058464178363032
735.600000000099 0.6060045440091228
735.7000000000991 0.6061614649111196
735.8000000000991 0.6063173119354097
735.9000000000991 0.6064722369685175
736.0000000000991 0.6066264124114708
736.1000000000992 0.6067762861793398
736.2000000000992 0.6069258005882825
736.3000000000992 0.6070751897447595
736.4000000000992 0.6072247083633154
736.5000000000992 0.6073746317931527
736.6000000000993 0.607778708377645
736.7000000000993 0.6081828898571042
736.8000000000993 0.6085871762242713
736.9000000000993 0.6089915674712304
737.0000000000994 0.6093960635915142
737.1000000000994 0.609935208406662
737.2000000000994 0.6104745594608343
737.3000000000994 0.6110141167701796
737.4000000000995 0.611553880350187
737.5000000000995 0.6120938502162188
737.6000000000995 0.6125068711279161
737.7000000000995 0.6129200324308519
737.8000000000995 0.6133333341346986
737.9000000000996 0.6137467762497862
738.0000000000996 0.6141603587862933
738.1000000000996 0.6144224837186575
738.2000000000996 0.6146845915145132
738.3000000000997 0.6149466821740129
738.4000000000997 0.6152087556966481
738.5000000000997 0.615470812082038
738.6000000000997 0.6158604643568953
738.7000000000997 0.61625020810521
738.8000000000998 0.6166400433149919
738.9000000000998 0.6170299699755714
739.0000000000998 0.6174199880766148
739.1000000000998 0.6174818354475506
739.2000000000999 0.6175436851723707
739.3000000000999 0.6176055372509004
739.4000000000999 0.6176673916829659
739.5000000000999 0.6177292484698462
739.6000000001 0.6179190146730805
739.7000000001 0.6181088088458092
739.8000000001 0.6182986309898122
739.9000000001 0.6184884811068704
740.0000000001 0.618678359199273
740.1000000001001 0.6187151199962911
740.2000000001001 0.6187518440509963
740.3000000001001 0.6187885313641882
740.4000000001001 0.6188251819373304
740.5000000001002 0.6188617957712234
740.6000000001002 0.6188983728679929
740.7000000001002 0.6189349132277774
740.8000000001002 0.6189714168533658
740.9000000001002 0.6190078837448962
741.0000000001003 0.6190443139046647
741.1000000001003 0.6192508772352856
741.2000000001003 0.6194574436048953
741.3000000001003 0.6196640130139396
741.4000000001004 0.619870585460877
741.5000000001004 0.62007716094562
741.6000000001004 0.6204117650071843
741.7000000001004 0.6207464573810484
741.8000000001005 0.6210812380693667
741.9000000001005 0.6214161070736288
742.0000000001005 0.6217510643928728
742.1000000001005 0.6216278761047274
742.2000000001005 0.6215046925999225
742.3000000001006 0.6213815138801783
742.4000000001006 0.6212583399458862
742.5000000001006 0.6211351707974376
742.6000000001006 0.6210120064358875
742.7000000001007 0.6208888468622897
742.8000000001007 0.6207656920770347
742.9000000001007 0.6206425420805133
743.0000000001007 0.620519396874518
743.1000000001007 0.6204727921744158
743.2000000001008 0.6204261218958687
743.3000000001008 0.6203793860425235
743.4000000001008 0.620332584620014
743.5000000001008 0.6202857176325203
743.6000000001009 0.6201110588120812
743.7000000001009 0.6199364063841311
743.8000000001009 0.619761760349208
743.9000000001009 0.6195871207085109
744.000000000101 0.6194124874634488
744.100000000101 0.6194465777240379
744.200000000101 0.619480667725139
744.300000000101 0.6195147574679164
744.400000000101 0.61954884695089
744.5000000001011 0.6195829361752239
744.6000000001011 0.6196170251414213
744.7000000001011 0.6196511138486631
744.8000000001011 0.6196852022974525
744.9000000001012 0.6197192904876325
745.0000000001012 0.619753378420321
745.1000000001012 0.6197417832788853
745.2000000001012 0.619730187147022
745.3000000001012 0.6197185900247912
745.4000000001013 0.6197069919129147
745.5000000001013 0.6196953928121135
745.6000000001013 0.6196837927217868
745.7000000001013 0.6196721916433168
745.8000000001014 0.6196605895767642
745.9000000001014 0.6196489865215269
746.0000000001014 0.6196373824791687
746.1000000001014 0.6198037017811242
746.2000000001015 0.6199700094606805
746.3000000001015 0.620136305518233
746.4000000001015 0.6203025899535167
746.5000000001015 0.6204688627675901
746.6000000001015 0.6206351239588646
746.7000000001016 0.6208013735290615
746.8000000001016 0.6209676114772552
746.9000000001016 0.6211338378038442
747.0000000001016 0.6213000525091232
747.1000000001017 0.6213629589476223
747.2000000001017 0.6214258314298068
747.3000000001017 0.6214886699511438
747.4000000001017 0.621551474507762
747.5000000001017 0.6216142450949984
747.6000000001018 0.621549090949458
747.7000000001018 0.621483929642681
747.8000000001018 0.6214187611747422
747.9000000001018 0.6213535855457143
748.0000000001019 0.6212884027557305
748.1000000001019 0.6212809592564595
748.2000000001019 0.621273514699709
748.3000000001019 0.621266069086857
748.400000000102 0.6212586224172937
748.500000000102 0.6212511746910718
748.600000000102 0.6212437259095681
748.700000000102 0.621236276072836
748.800000000102 0.62122882518159
748.9000000001021 0.6212213732352205
749.0000000001021 0.6212139202344626
749.1000000001021 0.6212262387006746
749.2000000001021 0.6212385563896795
749.3000000001022 0.6212508733020986
749.4000000001022 0.6212631894378905
749.5000000001022 0.6212755047970142
749.6000000001022 0.6212878193807524
749.7000000001022 0.62130013318774
749.8000000001023 0.6213124462199221
749.9000000001023 0.6213247584765953
750.0000000001023 0.6213370699582971
750.1000000001023 0.6212677798354628
750.2000000001024 0.6211984898668851
750.3000000001024 0.6211292000522066
750.4000000001024 0.6210599103917319
750.5000000001024 0.6209906208872199
750.6000000001025 0.6210490931290157
750.7000000001025 0.6211075370129696
750.8000000001025 0.6211659525399524
750.9000000001025 0.6212243397101744
751.0000000001025 0.6212826985251265
751.1000000001026 0.6213016588075357
751.2000000001026 0.6213206176817527
751.3000000001026 0.6213395751477104
751.4000000001026 0.621358531206005
751.5000000001027 0.6213774858572321
751.6000000001027 0.6213964391006642
751.7000000001027 0.6214153909375584
751.8000000001027 0.6214343413671872
751.9000000001028 0.6214532903908082
752.0000000001028 0.6214722380077626
752.1000000001028 0.6215580385221599
752.2000000001028 0.6216438359434957
752.3000000001028 0.6217296302714399
752.4000000001029 0.621815421505662
752.5000000001029 0.6219012096464932
752.6000000001029 0.621986994693604
752.7000000001029 0.6220727766473255
752.800000000103 0.6221585555079906
752.900000000103 0.6222443312746077
753.000000000103 0.6223301039474977
753.100000000103 0.622405069235457
753.200000000103 0.6224800094276838
753.3000000001031 0.622554924522185
753.4000000001031 0.6226298145176297
753.5000000001031 0.6227046794125553
753.6000000001031 0.6226508163185686
753.7000000001032 0.6225964047284382
753.8000000001032 0.6225417268176796
753.9000000001032 0.6224870437740452
754.0000000001032 0.6224325958069475
754.1000000001033 0.6224672857375604
754.2000000001033 0.6225026298379468
754.3000000001033 0.6225388057971536
754.4000000001033 0.6225759704520728
754.5000000001033 0.6226142597881907
754.6000000001034 0.6226537889593969
754.7000000001034 0.622694652217423
754.8000000001034 0.6227369229466954
754.9000000001034 0.6227806536581783
755.0000000001035 0.6228258759827432
755.1000000001035 0.6228073490649252
755.2000000001035 0.6227903131560987
755.3000000001035 0.6227747367513108
755.4000000001035 0.6227605674583365
755.5000000001036 0.6227477320009628
755.6000000001036 0.6227361361958433
755.7000000001036 0.6227256650171236
755.8000000001036 0.6227161825603882
755.9000000001037 0.6227075320446515
756.0000000001037 0.6226995358122772
756.1000000001037 0.6227127637068096
756.2000000001037 0.6227262287614477
756.3000000001038 0.6227396906991532
756.4000000001038 0.6227528883379749
756.5000000001038 0.6227655395912517
756.6000000001038 0.6229052218259513
756.7000000001038 0.6230449078784058
756.8000000001039 0.6231845977551034
756.9000000001039 0.6233242914631539
757.0000000001039 0.623463989007464
757.1000000001039 0.6234346842754285
757.200000000104 0.6234053776087699
757.300000000104 0.6233760690140866
757.400000000104 0.6233467584979004
757.500000000104 0.6233174460673132
757.600000000104 0.6232881317556153
757.7000000001041 0.6232588155220823
757.8000000001041 0.6232294973538681
757.9000000001041 0.6232001772382703
758.0000000001041 0.6231708551609353
758.1000000001042 0.622673826467315
758.2000000001042 0.6221767731063929
758.3000000001042 0.6216796950690328
758.4000000001042 0.621182592345633
758.5000000001043 0.620685464916016
758.6000000001043 0.6149474020033942
758.7000000001043 0.6092095916546287
758.8000000001043 0.6034717455440638
758.9000000001043 0.5977336058022521
759.0000000001044 0.5919949440179852
759.1000000001044 0.5689512605991548
759.2000000001044 0.5459093243791375
759.3000000001044 0.5228690596870301
759.4000000001045 0.49983043387758885
759.5000000001045 0.4767934534397568
759.6000000001045 0.4431491666038778
759.7000000001045 0.40950792466017155
759.8000000001045 0.37586990052605845
759.9000000001046 0.3422352943345033
760.0000000001046 0.3086043278205367
760.1000000001046 0.29067851943031103
760.2000000001046 0.2727564523225212
760.3000000001047 0.25483826799044823
760.4000000001047 0.23692411220259268
760.5000000001047 0.219014132043442
760.6000000001047 0.22090010022531548
760.7000000001048 0.22278515315262756
760.8000000001048 0.22466932960708816
760.9000000001048 0.2265526776185966
761.0000000001048 0.22843525481159535
761.1000000001048 0.2465593585010852
761.2000000001049 0.2646837169456176
761.3000000001049 0.2828084183471335
761.4000000001049 0.30093358896372396
761.5000000001049 0.31905939615053863
761.600000000105 0.3380794285199462
761.700000000105 0.3570999207275948
761.800000000105 0.3761208726886681
761.900000000105 0.39514228431828263
762.000000000105 0.41416415548633556
762.1000000001051 0.411465042746995
762.2000000001051 0.40876617565661105
762.3000000001051 0.4060675542138298
762.4000000001051 0.4033691784179657
762.5000000001052 0.4006710482524789
762.6000000001052 0.3904449762951113
762.7000000001052 0.3802198399473448
762.8000000001052 0.3699956392042519
762.9000000001053 0.35977237406093343
763.0000000001053 0.34955004453524874
763.1000000001053 0.349695552686673
763.2000000001053 0.3498410725537928
763.3000000001053 0.3499866041361408
763.4000000001054 0.35013214743126775
763.5000000001054 0.35027770244990675
763.6000000001054 0.35603820865843333
763.7000000001054 0.36179930212039607
763.8000000001055 0.3675609827698455
763.9000000001055 0.37332325053816523
764.0000000001055 0.37908610536055914
764.1000000001055 0.3859514760628919
764.2000000001055 0.392815879148044
764.3000000001056 0.39967931463710793
764.4000000001056 0.4065417825498367
764.5000000001056 0.41340328291000356
764.6000000001056 0.4215396621670534
764.7000000001057 0.42967489466516096
764.8000000001057 0.4378089804283416
764.9000000001057 0.4459419194812499
765.0000000001057 0.45407371184640216
765.1000000001058 0.46139786797356214
765.2000000001058 0.46872372086053293
765.3000000001058 0.4760512704487784
765.4000000001058 0.4833805166790631
765.5000000001058 0.4907114594905425
765.6000000001059 0.4965124409149086
765.7000000001059 0.5023147613788758
765.8000000001059 0.5081184208354669
765.9000000001059 0.5139234192389951
766.000000000106 0.5197297565408192
766.100000000106 0.5246097963899391
766.200000000106 0.5294879381836108
766.300000000106 0.5343641820208703
766.400000000106 0.539238528000748
766.5000000001061 0.544110976221913
766.6000000001061 0.5492366297210475
766.7000000001061 0.5543602881646619
766.8000000001061 0.5594819516557817
766.9000000001062 0.5646016202980852
767.0000000001062 0.569719294191608
767.1000000001062 0.5732403236118017
767.2000000001062 0.5767623108348365
767.3000000001063 0.5802852558579169
767.4000000001063 0.5838091586788868
767.5000000001063 0.5873340192939663
767.6000000001063 0.5893291127392724
767.7000000001063 0.591324738245656
767.8000000001064 0.5933208958137295
767.9000000001064 0.5953175854407933
768.0000000001064 0.59731480712524
768.1000000001064 0.5984761098757763
768.2000000001065 0.5996369260257295
768.3000000001065 0.6007972556004432
768.4000000001065 0.6019570986252577
768.5000000001065 0.6031164551244536
768.6000000001065 0.6038920500714801
768.7000000001066 0.6046667742259997
768.8000000001066 0.6054408997058136
768.9000000001066 0.6062146796993501
769.0000000001066 0.606988348335814
769.1000000001067 0.6076641086078016
769.2000000001067 0.6083402856867021
769.3000000001067 0.6090170553267744
769.4000000001067 0.609694573604635
769.5000000001068 0.6103729768083167
769.6000000001068 0.6113069082445142
769.7000000001068 0.612241851862286
769.8000000001068 0.6131778939600496
769.9000000001068 0.6141151001070343
770.0000000001069 0.6150535149822598
770.1000000001069 0.6156595784887573
770.2000000001069 0.6162670732466652
770.3000000001069 0.6168759779324294
770.400000000107 0.6174862497917096
770.500000000107 0.6180978245339535
770.600000000107 0.618329139626485
770.700000000107 0.6185616239137118
770.800000000107 0.6187951290336653
770.9000000001071 0.6190294862781365
771.0000000001071 0.6192645065547147
771.1000000001071 0.6193936926504642
771.2000000001071 0.6195231203916326
771.3000000001072 0.6196525393098614
771.4000000001072 0.619781678584691
771.5000000001072 0.6199102470260516
771.6000000001072 0.6199107207347059
771.7000000001073 0.6199111136265412
771.8000000001073 0.6199114342089354
771.9000000001073 0.6199116903574924
772.0000000001073 0.6199118893193467
772.1000000001073 0.619890482833255
772.2000000001074 0.6198690286521715
772.3000000001074 0.6198475321372803
772.4000000001074 0.6198259980194455
772.5000000001074 0.6198044304000099
772.6000000001075 0.619782858298092
772.7000000001075 0.6197613107282933
772.8000000001075 0.6197397917823702
772.9000000001075 0.6197183061811545
773.0000000001075 0.6196968592724904
773.1000000001076 0.6197156773120512
773.2000000001076 0.6197345017719617
773.3000000001076 0.6197533398943673
773.4000000001076 0.6197721995524745
773.5000000001077 0.6197910892478434
773.6000000001077 0.6196838773617618
773.7000000001077 0.619577229871013
773.8000000001077 0.6194708557187494
773.9000000001078 0.6193644841944626
774.0000000001078 0.6192578649212045
774.1000000001078 0.6193929203330173
774.2000000001078 0.6195273015211407
774.3000000001078 0.6196608179661847
774.4000000001079 0.6197932991407329
774.5000000001079 0.6199245945349268
774.6000000001079 0.6200545736760873
774.7000000001079 0.6201831968220457
774.800000000108 0.6203103944736292
774.900000000108 0.6204361185119261
775.000000000108 0.6205603422193344
775.100000000108 0.6205247027377851
775.200000000108 0.6204875691796956
775.3000000001081 0.6204489802720802
775.4000000001081 0.6204089961648506
775.5000000001081 0.6203676984235115
775.6000000001081 0.6203251900194623
775.7000000001082 0.6202815600000812
775.8000000001082 0.6202369437428096
775.9000000001082 0.6201914973784094
776.0000000001082 0.6201453977827103
776.1000000001083 0.6201840814893419
776.2000000001083 0.6202225261781078
776.3000000001083 0.6202609709044469
776.4000000001083 0.6202996755766471
776.5000000001083 0.6203389209634301
776.6000000001084 0.6203790087004245
776.7000000001084 0.6204190946069051
776.8000000001084 0.6204591786826726
776.9000000001084 0.6204992609275282
777.0000000001085 0.6205393413419128
777.1000000001085 0.620563952631071
777.2000000001085 0.6205885615780646
777.3000000001085 0.6206131681848326
777.4000000001085 0.6206377724506829
777.5000000001086 0.6206623743762395
777.6000000001086 0.6206869739614678
777.7000000001086 0.6207115712069919
777.8000000001086 0.6207361661127777
777.9000000001087 0.6207607586787914
778.0000000001087 0.6207853489050442
778.1000000001087 0.6208522655488168
778.2000000001087 0.6209191826461087
778.3000000001088 0.6209861001959932
778.4000000001088 0.6210530181988592
778.5000000001088 0.6211199366557544
778.6000000001088 0.6211868555650932
778.7000000001088 0.6212537749279239
778.8000000001089 0.6213206947439781
778.9000000001089 0.6213876150129866
779.0000000001089 0.6214545357353208
779.1000000001089 0.6215037445042207
779.200000000109 0.6215529194334286
779.300000000109 0.6216020605212672
779.400000000109 0.6216511677680335
779.500000000109 0.6217002411725708
779.600000000109 0.6216220295512209
779.7000000001091 0.621543816109215
779.8000000001091 0.6214656008468938
779.9000000001091 0.6213873837645965
780.0000000001091 0.6213091648628644
780.1000000001092 0.621415895410741
780.2000000001092 0.6215226189321601
780.3000000001092 0.6216293354288152
780.4000000001092 0.6217360448991092
780.5000000001093 0.6218427473440775
780.6000000001093 0.6219494427634406
780.7000000001093 0.6220561311569183
780.8000000001093 0.6221628125248884
780.9000000001093 0.6222694868670715
781.0000000001094 0.6223761541829756
781.1000000001094 0.6222884482343414
781.2000000001094 0.6222007401708773
781.3000000001094 0.6221130299936181
781.4000000001095 0.6220253177029403
781.5000000001095 0.6219376032992204
781.6000000001095 0.6218498867834927
781.7000000001095 0.6217621681561339
781.8000000001095 0.6216744474181778
781.9000000001096 0.6215867245693422
782.0000000001096 0.6214989996114498
782.1000000001096 0.621530538926246
782.2000000001096 0.6215620763176555
782.3000000001097 0.6215936117869083
782.4000000001097 0.6216251453339183
782.5000000001097 0.6216566769592584
782.6000000001097 0.621688206661527
782.7000000001098 0.6217197344426129
782.8000000001098 0.6217512603017716
782.9000000001098 0.6217827842395762
783.0000000001098 0.6218143062564851
783.1000000001098 0.6217415363698415
783.2000000001099 0.6216687671087215
783.3000000001099 0.621595998472799
783.4000000001099 0.6215232304630627
783.5000000001099 0.621450463079186
783.60000000011 0.6213776963234735
783.70000000011 0.6213049301949402
783.80000000011 0.6212321646945749
783.90000000011 0.6211593998233663
784.00000000011 0.6210866355817652
784.1000000001101 0.6211238146196413
784.2000000001101 0.6211609925970631
784.3000000001101 0.6211981695125801
784.4000000001101 0.6212353453673725
784.5000000001102 0.6212725201606468
784.6000000001102 0.6213096938942413
784.7000000001102 0.6213468665660471
784.8000000001102 0.6213840381779029
784.9000000001103 0.6214212087290157
785.0000000001103 0.621458378219967
785.1000000001103 0.6215494325583956
785.2000000001103 0.6216404843252926
785.3000000001103 0.6217315335223202
785.4000000001104 0.6218225801485094
785.5000000001104 0.6219136242042065
785.6000000001104 0.6220046656891002
785.7000000001104 0.6220957046035382
785.8000000001105 0.6221867409465506
785.9000000001105 0.6222777747191438
786.0000000001105 0.6223688059199906
786.1000000001105 0.622135965032942
786.2000000001105 0.6219031628910153
786.3000000001106 0.6216703994975804
786.4000000001106 0.6214376748560089
786.5000000001106 0.6212049889704694
786.6000000001106 0.6210996163542962
786.7000000001107 0.620994239313336
786.8000000001107 0.6208888578479863
786.9000000001107 0.6207834719579863
787.0000000001107 0.6206780816451088
787.1000000001108 0.6206260233267529
787.2000000001108 0.6205739309360232
787.3000000001108 0.6205218044762842
787.4000000001108 0.6204696439489289
787.5000000001108 0.6204174493561477
787.6000000001109 0.6204925012124473
787.7000000001109 0.6205675497970752
787.8000000001109 0.6206425951091579
787.9000000001109 0.6207176371491392
788.000000000111 0.6207926759167062
788.100000000111 0.6207798199336381
788.200000000111 0.6207669154424971
788.300000000111 0.6207539624438793
788.400000000111 0.6207409609383836
788.5000000001111 0.6207279109264671
788.6000000001111 0.6205873293917851
788.7000000001111 0.6204466523767981
788.8000000001111 0.6203058798839632
788.9000000001112 0.6201650119144215
789.0000000001112 0.6200240484697809
789.1000000001112 0.6197113162597305
789.2000000001112 0.6193986322417285
789.3000000001113 0.6190859964161622
789.4000000001113 0.6187734087821021
789.5000000001113 0.6184608693402195
789.6000000001113 0.6184033897948564
789.7000000001113 0.6183459110345532
789.8000000001114 0.6182884330594971
789.9000000001114 0.618230955869874
790.0000000001114 0.6181734794673227
790.1000000001114 0.6182361357137925
790.2000000001115 0.6182987900832148
790.3000000001115 0.6183614425747191
790.4000000001115 0.6184240931894137
790.5000000001115 0.6184867419270883
790.6000000001115 0.6185493887875319
790.7000000001116 0.6186120337698757
790.8000000001116 0.6186746768758875
790.9000000001116 0.6187373181046973
791.0000000001116 0.6187999574561334
791.1000000001117 0.6188956693930183
791.2000000001117 0.6189912485717783
791.3000000001117 0.6190866949915655
791.4000000001117 0.619182008650873
791.5000000001118 0.6192771895492297
791.6000000001118 0.6191174568410539
791.7000000001118 0.6189577228384758
791.8000000001118 0.618797987543424
791.9000000001118 0.6186382509558505
792.0000000001119 0.6184785130770106
792.1000000001119 0.6183062181690572
792.2000000001119 0.6181339407541864
792.3000000001119 0.6179616808334848
792.400000000112 0.6177894384080382
792.500000000112 0.6176172134798745
792.600000000112 0.6176994127250813
792.700000000112 0.6177815923904609
792.800000000112 0.6178637524739783
792.9000000001121 0.617945892976227
793.0000000001121 0.6180280138980837
793.1000000001121 0.6183619326854064
793.2000000001121 0.6186957922312268
793.3000000001122 0.6190295925346122
793.4000000001122 0.6193633335946285
793.5000000001122 0.6196970154116574
793.6000000001122 0.6200306379841096
793.7000000001123 0.6203642013123671
793.8000000001123 0.6206977053954983
793.9000000001123 0.6210311502319146
794.0000000001123 0.6213645358215083
794.1000000001123 0.6212605558821074
794.2000000001124 0.6211565751149124
794.3000000001124 0.6210525935204378
794.4000000001124 0.6209486110998549
794.5000000001124 0.6208446278535347
794.6000000001125 0.6206137029553356
794.7000000001125 0.6203828197632605
794.8000000001125 0.6201519782779341
794.9000000001125 0.6199211785012926
795.0000000001125 0.6196904204332269
795.1000000001126 0.6193908537217591
795.2000000001126 0.6190913244877713
795.3000000001126 0.6187918327314029
795.4000000001126 0.6184923784527947
795.5000000001127 0.6181929616523121
795.6000000001127 0.6175131840667644
795.7000000001127 0.6168335003059789
795.8000000001127 0.6161539103703824
795.9000000001128 0.6154744142610569
796.0000000001128 0.614795011979661
796.1000000001128 0.6146279168341793
796.2000000001128 0.6144607501957763
796.3000000001128 0.6142935120655375
796.4000000001129 0.614126202443239
796.5000000001129 0.6139588213308267
796.6000000001129 0.6145525816673074
796.7000000001129 0.6151464844411052
796.800000000113 0.6157405296517
796.900000000113 0.6163347172998805
797.000000000113 0.6169290473828081
797.100000000113 0.617214426043038
797.200000000113 0.6174996893820301
797.3000000001131 0.617784837405077
797.4000000001131 0.6180698701161605
797.5000000001131 0.618354787520943
797.6000000001131 0.618385944857052
797.7000000001132 0.6184170653890868
797.8000000001132 0.6184481491192128
797.9000000001132 0.6184791960495956
798.0000000001132 0.6185102061815807
798.1000000001133 0.6183947531252987
798.2000000001133 0.6182793003685513
798.3000000001133 0.6181638479130642
798.4000000001133 0.6180483957579422
798.5000000001133 0.61793294390491
798.6000000001134 0.6178174923543818
798.7000000001134 0.6177020411074264
798.8000000001134 0.6175865901631503
798.9000000001134 0.6174711395239304
799.0000000001135 0.6173556891901941
799.1000000001135 0.6172526336096185
799.2000000001135 0.6171495686526114
799.3000000001135 0.6170464943193125
799.4000000001136 0.616943410610516
799.5000000001136 0.616840317526075
799.6000000001136 0.6164844539136015
799.7000000001136 0.6161286654443566
799.8000000001136 0.6157729521298891
799.9000000001137 0.6154173139830543
800.0000000001137 0.6150617510155757
800.1000000001137 0.614860403315613
800.2000000001137 0.6146590117238457
800.3000000001138 0.6144575762428635
800.4000000001138 0.6142560968739528
800.5000000001138 0.6140545736206446
800.6000000001138 0.6141057248893413
800.7000000001138 0.61415687437637
800.8000000001139 0.6142080220809311
800.9000000001139 0.6142591680035304
801.0000000001139 0.6143103121438855
801.1000000001139 0.6142418252556121
801.200000000114 0.6141733358780453
801.300000000114 0.6141048440114348
801.400000000114 0.6140363496566827
801.500000000114 0.6139678528148356
801.600000000114 0.6140256702243708
801.7000000001141 0.6140834569564759
801.8000000001141 0.6141412130115541
801.9000000001141 0.6141989383867429
802.0000000001141 0.6142566330815596
802.1000000001142 0.6141110914825771
802.2000000001142 0.6139655462509804
802.3000000001142 0.6138199973866384
802.4000000001142 0.6136744448913757
802.5000000001143 0.6135288887650612
802.6000000001143 0.613383329008867
802.7000000001143 0.6132377656239649
802.8000000001143 0.6130921986102232
802.9000000001143 0.6129466279688134
803.0000000001144 0.6128010537008577
803.1000000001144 0.6126125482692759
803.2000000001144 0.6124239256754639
803.3000000001144 0.6122351859273604
803.4000000001145 0.6120463290335529
803.5000000001145 0.6118573550018379
803.6000000001145 0.6115426903935
803.7000000001145 0.6112280378854533
803.8000000001146 0.6109133974784554
803.9000000001146 0.6105987691732644
804.0000000001146 0.6102841529717885
804.1000000001146 0.6098442226124634
804.2000000001146 0.6094042911339338
804.3000000001147 0.6089643585377632
804.4000000001147 0.6085244248255146
804.5000000001147 0.6080844899996843
804.6000000001147 0.6078941000786741
804.7000000001148 0.60770334770317
804.8000000001148 0.6075122328721804
804.9000000001148 0.6073207555872918
805.0000000001148 0.6071289158488116
805.1000000001148 0.6069428765832778
805.2000000001149 0.6067564709584924
805.3000000001149 0.6065696989650003
805.4000000001149 0.6063825605914211
805.5000000001149 0.606195055827376
805.600000000115 0.6057594302939243
805.700000000115 0.6053237946963104
805.800000000115 0.6048881490373318
805.900000000115 0.6044524933185059
806.000000000115 0.6040168275402912
806.1000000001151 0.6032160647869691
806.2000000001151 0.6024153224067283
806.3000000001151 0.6016146004024591
806.4000000001151 0.6008138987770473
806.5000000001152 0.6000132175321093
806.6000000001152 0.5992125566698951
806.7000000001152 0.5984119161939214
806.8000000001152 0.5976112961064337
806.9000000001153 0.5968106964096777
807.0000000001153 0.5960101171057607
807.1000000001153 0.5950899101420427
807.2000000001153 0.5941696828993824
807.3000000001153 0.5932494353797119
807.4000000001154 0.5923291675880974
807.5000000001154 0.5914088795264713
807.6000000001154 0.5904885711992682
807.7000000001154 0.5895682426096708
807.8000000001155 0.5886478937602382
807.9000000001155 0.5877275246553969
808.0000000001155 0.5868071352979835
808.1000000001155 0.5855900611411684
808.2000000001156 0.5843733996883332
808.3000000001156 0.583157150964124
808.4000000001156 0.5819413149944183
808.5000000001156 0.5807258918038554
808.6000000001156 0.5795108814170767
808.7000000001157 0.5782962838605582
808.8000000001157 0.5770820991589308
808.9000000001157 0.5758683273374363
809.0000000001157 0.5746549684206949
809.1000000001158 0.5734353519193097
809.2000000001158 0.5722162033745136
809.3000000001158 0.5709975227795299
809.4000000001158 0.5697793101281851
809.5000000001158 0.5685615654150377
809.6000000001159 0.5674606908259321
809.7000000001159 0.5663598325276037
809.8000000001159 0.5652589905242273
809.9000000001159 0.5641581648193748
810.000000000116 0.5630573554168264
810.100000000116 0.5616218198979146
810.200000000116 0.5601862357525154
810.300000000116 0.5587506029851467
810.400000000116 0.5573149216009182
810.5000000001161 0.5558791916034895
810.6000000001161 0.5542159490350672
810.7000000001161 0.5525538359778898
810.8000000001161 0.5508928524973776
810.9000000001162 0.5492329986577672
811.0000000001162 0.5475742745224073
811.1000000001162 0.5456595725721476
811.2000000001162 0.543746784367242
811.3000000001163 0.5418359099717189
811.4000000001163 0.5399269494501772
811.5000000001163 0.5380199028684757
811.6000000001163 0.5362253778344405
811.7000000001163 0.5344321180679134
811.8000000001164 0.5326401236131884
811.9000000001164 0.5308493945145542
812.0000000001164 0.5290599308162561
812.1000000001164 0.5272401138907601
812.2000000001165 0.5254208988993819
812.3000000001165 0.5236022859094783
812.4000000001165 0.5217842749867231
812.5000000001165 0.5199668661975898
812.6000000001166 0.5173997388792514
812.7000000001166 0.5148381644222906
812.8000000001166 0.5122821433499412
812.9000000001166 0.5097316761843235
813.0000000001166 0.5071867634463637
813.1000000001167 0.5036338394805513
813.2000000001167 0.5000933454777298
813.3000000001167 0.49656528060025557
813.4000000001167 0.4930496440109802
813.5000000001168 0.48954643487432176
813.6000000001168 0.4869854081130149
813.7000000001168 0.4844294046227846
813.8000000001168 0.4818784240706974
813.9000000001168 0.4793324661243306
814.0000000001169 0.476791530451467
814.1000000001169 0.47445274537095794
814.2000000001169 0.4721164809877759
814.3000000001169 0.4697827374653475
814.400000000117 0.46745151496657067
814.500000000117 0.46512281365403735
814.600000000117 0.4621032312034388
814.700000000117 0.4590922466863825
814.800000000117 0.45608986063861007
814.9000000001171 0.45309607359328613
815.0000000001171 0.4501108860858478
815.1000000001171 0.4469429691674331
815.2000000001171 0.44378499969061114
815.3000000001172 0.440636978043082
815.4000000001172 0.437498904610998
815.5000000001172 0.4343707797830292
815.6000000001172 0.43134719762869617
815.7000000001173 0.42833265557543015
815.8000000001173 0.4253271539753213
815.9000000001173 0.4223306931808908
816.0000000001173 0.4193432735451475
816.1000000001173 0.4164259706731762
816.2000000001174 0.41351489070072966
816.3000000001174 0.41061003384453304
816.4000000001174 0.4077114003212735
816.5000000001174 0.40481899035111024
816.6000000001175 0.4037255463551522
816.7000000001175 0.4026174050413799
816.8000000001175 0.40149456592520233
816.9000000001175 0.4003570285230225
817.0000000001176 0.39920479234827305
817.1000000001176 0.3966089381705775
817.2000000001176 0.3940130788984502
817.3000000001176 0.391417214539656
817.4000000001176 0.3888213451015193
817.5000000001177 0.38622547058870704
817.6000000001177 0.38211526368365706
817.7000000001177 0.37802554554869666
817.8000000001177 0.3739563162526807
817.9000000001178 0.36990757586218165
818.0000000001178 0.36587932445162286
818.1000000001178 0.3646607417657345
818.2000000001178 0.36342737272324227
818.3000000001178 0.36217921713276807
818.4000000001179 0.36091627480344357
818.5000000001179 0.3596385455438054
818.6000000001179 0.35810996458628946
818.7000000001179 0.35656976042219435
818.800000000118 0.3550179329033488
818.900000000118 0.35345448188205236
819.000000000118 0.351879407207309
819.100000000118 0.3491216709353155
819.200000000118 0.3463625113850608
819.3000000001181 0.34360192843421966
819.4000000001181 0.3408399219596835
819.5000000001181 0.33807649183864386
819.6000000001181 0.33523875995717434
819.7000000001182 0.3324008380625474
819.8000000001182 0.32956272615612253
819.9000000001182 0.3267244242388812
820.0000000001182 0.32388593231616425
820.1000000001183 0.3228751260115273
820.2000000001183 0.32183643149823876
820.3000000001183 0.3207698510452407
820.4000000001183 0.3196753869211891
820.5000000001183 0.3185530413939998
820.6000000001184 0.3170013797821101
820.7000000001184 0.3154288476382683
820.8000000001184 0.31383544666482743
820.9000000001184 0.3122211785648865
821.0000000001185 0.3105860450387741
821.1000000001185 0.30768101669505193
821.2000000001185 0.3047780391801337
821.3000000001185 0.30187711281033125
821.4000000001186 0.29897823790197003
821.5000000001186 0.29608141477041094
821.6000000001186 0.2926366896302887
821.7000000001186 0.2892044149659505
821.8000000001186 0.28578459254690325
821.9000000001187 0.2823772241420908
822.0000000001187 0.2789823115168073
822.1000000001187 0.27376288598496634
822.2000000001187 0.2685921362994189
822.3000000001188 0.2634700646014101
822.4000000001188 0.25839667303278635
822.5000000001188 0.2533719637321939
822.6000000001188 0.24767914701182225
822.7000000001188 0.24205086621532146
822.8000000001189 0.2364871241758769
822.9000000001189 0.2309879237257356
823.0000000001189 0.2255532677067427
823.1000000001189 0.22418242808425265
823.200000000119 0.2227840902205257
823.300000000119 0.22135825593636962
823.400000000119 0.21990492705216738
823.500000000119 0.21842410539194068
823.600000000119 0.21833964021023228
823.7000000001191 0.2181928798823347
823.8000000001191 0.21798382851851308
823.9000000001191 0.21771249022902944
824.0000000001191 0.21737886912132298
824.1000000001192 0.2158232235268859
824.2000000001192 0.2142462110426776
824.3000000001192 0.21264783083790043
824.4000000001192 0.21102808208256055
824.5000000001193 0.2093869639443722
824.6000000001193 0.2070719379770837
824.7000000001193 0.20475151954763612
824.8000000001193 0.20242570845327643
824.9000000001193 0.20009450449126964
825.0000000001194 0.19775790745751795
825.1000000001194 0.19497969628732512
825.2000000001194 0.19220680075212632
825.3000000001194 0.1894392210778667
825.4000000001195 0.18667695749065982
825.5000000001195 0.18392001021597282
825.6000000001195 0.18116837947985084
825.7000000001195 0.17842206550829243
825.8000000001196 0.1756810685266759
825.9000000001196 0.17294538876093243
826.0000000001196 0.17021502643828756
826.1000000001196 0.16813630631708332
826.2000000001196 0.16604486806477764
826.3000000001197 0.16394071160011794
826.4000000001197 0.16182383684192767
826.5000000001197 0.15969424370844582
826.6000000001197 0.15728945493176916
826.7000000001198 0.15488041873079564
826.8000000001198 0.152467135083875
826.9000000001198 0.15004960396971587
827.0000000001198 0.14762782536526456
827.1000000001198 0.14465727221187513
827.2000000001199 0.14170912246635206
827.3000000001199 0.13878337615753045
827.4000000001199 0.13588003331364593
827.5000000001199 0.13299909396402387
827.60000000012 0.13041947060483158
827.70000000012 0.12785291541250274
827.80000000012 0.12529942840661262
827.90000000012 0.12275900960621887
828.00000000012 0.12023165903192154
828.1000000001201 0.11838709325849825
828.2000000001201 0.11653454453774763
828.3000000001201 0.1146740134630788
828.4000000001201 0.11280550062822887
828.5000000001202 0.11092900662637004
828.6000000001202 0.10883456183670259
828.7000000001202 0.10674021813711926
828.8000000001202 0.10464597553649864
828.9000000001203 0.102551834043596
829.0000000001203 0.10045779366744079
829.1000000001203 0.09840549027614408
829.2000000001203 0.09634963732315906
829.3000000001203 0.09429023511587639
829.4000000001204 0.09222728396204544
829.5000000001204 0.0901607841693814
829.6000000001204 0.08820345611673956
829.7000000001204 0.0862370857053097
829.8000000001205 0.08426167368419614
829.9000000001205 0.0822772208027041
830.0000000001205 0.08028372781030492
830.1000000001205 0.07862813886467386
830.2000000001206 0.07697122285700958
830.3000000001206 0.07531297992894882
830.4000000001206 0.07365341022206638
830.5000000001206 0.07199251387824734
830.6000000001206 0.07043400117913046
830.7000000001207 0.06886917064807371
830.8000000001207 0.06729802286840504
830.9000000001207 0.06572055842364195
831.0000000001207 0.06413677789703162
831.1000000001208 0.06240500981720983
831.2000000001208 0.06067396640789021
831.3000000001208 0.058943647687442466
831.4000000001208 0.05721405367421585
831.5000000001208 0.055485184386204964
831.6000000001209 0.0536334346085927
831.7000000001209 0.051790303388753324
831.8000000001209 0.04995579069548765
831.9000000001209 0.048129896497477835
832.000000000121 0.046312620763920204
832.100000000121 0.04499502021335953
832.200000000121 0.04367286319182285
832.300000000121 0.0423461505214737
832.400000000121 0.0410148830246514
832.5000000001211 0.03967906152361348
832.6000000001211 0.038362784066651265
832.7000000001211 0.037040185766688716
832.8000000001211 0.035711267754926904
832.9000000001212 0.03437603116254459
833.0000000001212 0.03303447712079261
833.1000000001212 0.031913842960015044
833.2000000001212 0.030794213207208702
833.3000000001213 0.029675587763627914
833.4000000001213 0.028557966530676725
833.5000000001213 0.02744134940963494
833.6000000001213 0.026342198359627197
833.7000000001213 0.025242692464935018
833.8000000001214 0.024142817972924616
833.9000000001214 0.023042563893003062
834.0000000001214 0.021941921814338336
834.1000000001214 0.021173734640147834
834.2000000001215 0.020402927885839393
834.3000000001215 0.019629498759118274
834.4000000001215 0.018853446000533104
834.5000000001215 0.018074769760379646
834.6000000001216 0.01727569152484243
834.7000000001216 0.01647566197131637
834.8000000001216 0.015674684287554197
834.9000000001216 0.014872762606969403
835.0000000001216 0.014069901871527265
835.1000000001217 0.013510534418426963
835.2000000001217 0.012951661349692077
835.3000000001217 0.012393287157778295
835.4000000001217 0.011835416643550636
835.5000000001218 0.01127805482017327
835.6000000001218 0.010725619768517944
835.7000000001218 0.010173248614591148
835.8000000001218 0.00962094687240172
835.9000000001218 0.009068719816011928
836.0000000001219 0.008516572390213563
836.1000000001219 0.00816128936249894
836.2000000001219 0.007805750134589465
836.3000000001219 0.007449958188740324
836.400000000122 0.007093916662719276
836.500000000122 0.006737628290886273
836.600000000122 0.0063810958713910165
836.700000000122 0.006024309557871607
836.800000000122 0.005667269186327061
836.9000000001221 0.005309974617552837
837.0000000001221 0.004952425735529122
837.1000000001221 0.004733067013037848
837.2000000001221 0.004513664926497048
837.3000000001222 0.004294219417848301
837.4000000001222 0.004074730440749092
837.5000000001222 0.0038551979594204965
837.6000000001222 0.0036348777081162942
837.7000000001223 0.0034146038251536576
837.8000000001223 0.0031943763166454365
837.9000000001223 0.002974195191488676
838.0000000001223 0.002754060462629036
838.1000000001223 0.0026482138922088345
838.2000000001224 0.0025422939739494273
838.3000000001224 0.002436300726049618
838.4000000001224 0.0023302341693480803
838.5000000001224 0.002224094327852287
838.6000000001225 0.0021174487437816986
838.7000000001225 0.002010773907988478
838.8000000001225 0.0019040698759580372
838.9000000001225 0.0017973366978470246
839.0000000001226 0.001690574417969301
839.1000000001226 0.0016119490175357729
839.2000000001226 0.0015333345848809765
839.3000000001226 0.0014547311403455615
839.4000000001226 0.0013761386987953526
839.5000000001227 0.001297557269237302
839.6000000001227 0.001219235627289375
839.7000000001227 0.0011408928010563783
839.8000000001227 0.0010625287774506129
839.9000000001228 0.0009841435444496519
840.0000000001228 0.0009057370915398275
840.1000000001228 0.0008630512133577089
840.2000000001228 0.0008203898784617089
840.3000000001228 0.0007777530716491769
840.4000000001229 0.0007351407789661344
840.5000000001229 0.0006925529879151926
840.6000000001229 0.0006499896876766317
840.7000000001229 0.0006074509039256159
840.800000000123 0.0005649366320268446
840.900000000123 0.0005224468673486064
841.000000000123 0.00047998160528473014
841.100000000123 0.00045919925774483267
841.200000000123 0.0004384115441590724
841.3000000001231 0.0004176184664504245
841.4000000001231 0.0003968200265430483
841.5000000001231 0.0003760162263609943
841.6000000001231 0.00035520706781457033
841.7000000001232 0.0003343925528569713
841.8000000001232 0.00031357268342273244
841.9000000001232 0.00029274746144509497
842.0000000001232 0.00027191688886571256
842.1000000001233 0.0002592962896909187
842.2000000001233 0.0002466730764802515
842.3000000001233 0.00023404725067804777
842.4000000001233 0.00022141881372874945
842.5000000001234 0.0002087877670738651
842.6000000001234 0.00019611417037782573
842.7000000001234 0.00018344312817167102
842.8000000001234 0.00017077464032913062
842.9000000001234 0.00015810870672457994
843.0000000001235 0.00014544532723498866
843.1000000001235 0.00013465699067234004
843.2000000001235 0.00012387472845000206
843.3000000001235 0.00011309853956246179
843.4000000001236 0.00010232842300407605
843.5000000001236 9.15643777699237e-05
843.6000000001236 8.083913791293378e-05
843.7000000001236 7.011114477167363e-05
843.8000000001236 5.938050960856255e-05
843.9000000001237 4.864730155956276e-05
844.0000000001237 3.791155121849219e-05
844.1000000001237 3.411646395488301e-05
844.2000000001237 3.0322314581440347e-05
844.3000000001238 2.6529094183903982e-05
844.4000000001238 2.2736783679403022e-05
844.5000000001238 1.8945355092992952e-05
844.6000000001238 1.5157859345623731e-05
844.7000000001239 1.1369624294201284e-05
844.8000000001239 7.580603398431418e-06
844.9000000001239 3.79074628067952e-06
845.0000000001239 0.0
845.1000000001239 0.0
845.200000000124 0.0
845.300000000124 0.0
845.400000000124 0.0
845.500000000124 0.0
845.600000000124 0.0
845.7000000001241 0.0
845.8000000001241 0.0
845.9000000001241 0.0
846.0000000001241 0.0
846.1000000001242 0.0
846.2000000001242 0.0
846.3000000001242 0.0
846.4000000001242 0.0
846.5000000001243 0.0
846.6000000001243 0.0
846.7000000001243 0.0
846.8000000001243 0.0
846.9000000001244 0.0
847.0000000001244 0.0
847.1000000001244 0.0
847.2000000001244 0.0
847.3000000001244 0.0
847.4000000001245 0.0
847.5000000001245 0.0
847.6000000001245 0.0
847.7000000001245 0.0
847.8000000001246 0.0
847.9000000001246 0.0
848.0000000001246 0.0
848.1000000001246 0.0
848.2000000001246 0.0
848.3000000001247 0.0
848.4000000001247 0.0
848.5000000001247 0.0
848.6000000001247 0.0
848.7000000001248 0.0
848.8000000001248 0.0
848.9000000001248 0.0
849.0000000001248 0.0
849.1000000001249 0.0
849.2000000001249 0.0
849.3000000001249 0.0
849.4000000001249 0.0
849.5000000001249 0.0
849.600000000125 0.0
849.700000000125 0.0
849.800000000125 0.0
849.900000000125 0.0
850.000000000125 7.89006727482606e-15
850.1000000001251 6.308751579137325e-06
850.2000000001251 1.2616442958967297e-05
850.3000000001251 1.892298535482299e-05
850.4000000001251 2.52282942351072e-05
850.5000000001252 3.1532291443894126e-05
850.6000000001252 3.783490731430887e-05
850.7000000001252 4.4136082777857674e-05
850.8000000001252 5.043577147772849e-05
850.9000000001253 5.673394187652632e-05
851.0000000001253 6.303057935543221e-05
851.1000000001253 6.301065203530591e-05
851.2000000001253 6.299067953217271e-05
851.3000000001254 6.297071047138195e-05
851.4000000001254 6.295079764222828e-05
851.5000000001254 6.293099799200748e-05
851.6000000001254 6.293700365107576e-05
851.7000000001254 6.294300657860498e-05
851.8000000001255 6.29490067759507e-05
851.9000000001255 6.295500424448353e-05
852.0000000001255 6.29609989855071e-05
852.1000000001255 6.29534227426951e-05
852.2000000001256 6.294584673002053e-05
852.3000000001256 6.293827094891627e-05
852.4000000001256 6.293069540076423e-05
852.5000000001256 6.292312008704207e-05
852.6000000001256 6.292834573301245e-05
852.7000000001257 6.293356853179067e-05
852.8000000001257 6.293878848306546e-05
852.9000000001257 6.294400558625273e-05
853.0000000001257 6.294921984087911e-05
853.1000000001258 6.294355287135927e-05
853.2000000001258 6.293788571397678e-05
853.3000000001258 6.293221836815277e-05
853.4000000001258 6.292655083317208e-05
853.5000000001259 6.292088310843069e-05
853.6000000001259 6.290225617140667e-05
853.7000000001259 6.288352130532051e-05
853.8000000001259 6.286473555603282e-05
853.9000000001259 6.28459516871102e-05
854.000000000126 6.282721818539312e-05
854.100000000126 6.281876479746319e-05
854.200000000126 6.281044407172722e-05
854.300000000126 6.280229178487892e-05
854.400000000126 6.279433948306064e-05
854.5000000001261 6.278661448486659e-05
854.6000000001261 6.279191285594585e-05
854.7000000001261 6.279747757164814e-05
854.8000000001261 6.28033234600516e-05
854.9000000001262 6.28094611419783e-05
855.0000000001262 6.281589702951116e-05
855.1000000001262 6.280923261726838e-05
855.2000000001262 6.280286904733637e-05
855.3000000001263 6.279679990444e-05
855.4000000001263 6.279101456487264e-05
855.5000000001263 6.278549819796699e-05
855.6000000001263 6.278023176496619e-05
855.7000000001264 6.277519202354365e-05
855.8000000001264 6.277035153151888e-05
855.9000000001264 6.276567864556876e-05
856.0000000001264 6.276113752253891e-05
856.1000000001264 6.275929299199258e-05
856.2000000001265 6.275749566995614e-05
856.3000000001265 6.275569712074254e-05
856.4000000001265 6.275384470601003e-05
856.5000000001265 6.27518815852125e-05
856.6000000001266 6.274974671706206e-05
856.7000000001266 6.274761107458053e-05
856.8000000001266 6.274547465829967e-05
856.9000000001266 6.27433374688124e-05
857.0000000001266 6.274119950676762e-05
857.1000000001267 6.273519863106011e-05
857.2000000001267 6.272919733674246e-05
857.3000000001267 6.272319562447569e-05
857.4000000001267 6.271719349484722e-05
857.5000000001268 6.271119094858372e-05
857.6000000001268 6.271793294593785e-05
857.7000000001268 6.272467208554715e-05
857.8000000001268 6.273140836576009e-05
857.9000000001269 6.273814178500468e-05
858.0000000001269 6.274487234171164e-05
858.1000000001269 6.274196793964948e-05
858.2000000001269 6.273906266787973e-05
858.3000000001269 6.27361565250877e-05
858.400000000127 6.27332495098429e-05
858.500000000127 6.27303416208612e-05
858.600000000127 6.27276037094715e-05
858.700000000127 6.272497473392684e-05
858.800000000127 6.272239787138044e-05
858.9000000001271 6.271982051921478e-05
859.0000000001271 6.27171942933545e-05
859.1000000001271 6.271352983238514e-05
859.2000000001271 6.270973249228082e-05
859.3000000001272 6.270576654746623e-05
859.4000000001272 6.270160048982722e-05
859.5000000001272 6.269720702783312e-05
859.6000000001272 6.269256308800322e-05
859.7000000001273 6.268764980781437e-05
859.8000000001273 6.268245253815874e-05
859.9000000001273 6.267696084180905e-05
860.0000000001273 6.267116849217062e-05
860.1000000001274 6.266374980377677e-05
860.2000000001274 6.26560307606321e-05
860.3000000001274 6.264801777523747e-05
860.4000000001274 6.263972146185728e-05
860.5000000001274 6.26311566332676e-05
860.6000000001275 6.262234229798963e-05
860.7000000001275 6.261330165321016e-05
860.8000000001275 6.260406208776558e-05
860.9000000001275 6.259465517598755e-05
861.0000000001276 6.258511667415517e-05
861.1000000001276 6.257643679886159e-05
861.2000000001276 6.256770909236657e-05
861.3000000001276 6.255898183643417e-05
861.4000000001276 6.255030748484816e-05
861.5000000001277 6.25417426609824e-05
861.6000000001277 6.253334815269282e-05
861.7000000001277 6.252495359150377e-05
861.8000000001277 6.251655897884304e-05
861.9000000001278 6.250816431589001e-05
862.0000000001278 6.249976960405218e-05
862.1000000001278 6.25045076114406e-05
862.2000000001278 6.250924222153206e-05
862.3000000001279 6.251397343556274e-05
862.4000000001279 6.251870125485015e-05
862.5000000001279 6.252342568071028e-05
862.6000000001279 6.25154660952961e-05
862.700000000128 6.250750634629649e-05
862.800000000128 6.249954643304668e-05
862.900000000128 6.249158635500494e-05
863.000000000128 6.248362611161761e-05
863.100000000128 6.247218700299665e-05
863.2000000001281 6.246074860517157e-05
863.3000000001281 6.244931091761727e-05
863.4000000001281 6.243787393954317e-05
863.5000000001281 6.242643767048087e-05
863.6000000001281 6.241483206098075e-05
863.7000000001282 6.240311792018085e-05
863.8000000001282 6.239135182814594e-05
863.9000000001282 6.237958613916858e-05
864.0000000001282 6.23678689854266e-05
864.1000000001283 6.235972281914275e-05
864.2000000001283 6.23517077111174e-05
864.3000000001283 6.234385917838681e-05
864.4000000001283 6.23362085389793e-05
864.5000000001284 6.232878291460017e-05
864.6000000001284 6.232160523667642e-05
864.7000000001284 6.231469424645187e-05
864.8000000001284 6.230806449513623e-05
864.9000000001284 6.230172634900862e-05
865.0000000001285 6.229568599213124e-05
865.1000000001285 6.228754983986672e-05
865.2000000001285 6.227971184500383e-05
865.3000000001285 6.227216562415956e-05
865.4000000001286 6.226490062080478e-05
865.5000000001286 6.225790210827775e-05
865.6000000001286 6.225115118872182e-05
865.7000000001286 6.224462479768971e-05
865.8000000001286 6.223829570925353e-05
865.9000000001287 6.223213253426417e-05
866.0000000001287 6.222609972287626e-05
866.1000000001287 6.221896544342324e-05
866.2000000001287 6.221187799045721e-05
866.3000000001288 6.220478934158397e-05
866.4000000001288 6.219764732512155e-05
866.5000000001288 6.21903956226528e-05
866.6000000001288 6.218297377218823e-05
866.7000000001289 6.217555123146105e-05
866.8000000001289 6.216812800107123e-05
866.9000000001289 6.2160704081679e-05
867.0000000001289 6.215327947400827e-05
867.100000000129 6.214874708400381e-05
867.200000000129 6.214421342687969e-05
867.300000000129 6.213967850320552e-05
867.400000000129 6.213514231341325e-05
867.500000000129 6.213060485805634e-05
867.6000000001291 6.21260661402997e-05
867.7000000001291 6.212152615599561e-05
867.8000000001291 6.211698490364425e-05
867.9000000001291 6.211244238176062e-05
868.0000000001291 6.210789858880636e-05
868.1000000001292 6.210014294271796e-05
868.2000000001292 6.209238645248843e-05
868.3000000001292 6.208462911688548e-05
868.4000000001292 6.207687093469256e-05
868.5000000001293 6.206911190457883e-05
868.6000000001293 6.206169010775111e-05
868.7000000001293 6.205448468377489e-05
868.8000000001293 6.204738315981603e-05
868.9000000001294 6.204028144592127e-05
869.0000000001294 6.203308382888389e-05
869.1000000001294 6.202665238520577e-05
869.2000000001294 6.201995851267581e-05
869.3000000001294 6.201293158651372e-05
869.4000000001295 6.200550933865346e-05
869.5000000001295 6.199763785535318e-05
869.6000000001295 6.200184545974596e-05
869.7000000001295 6.20055174396127e-05
869.8000000001296 6.200862458433447e-05
869.9000000001296 6.201114600640315e-05
